"env_var","n_tested","n_sig_p05","n_sig_fdr05","median_abs_effect","median_adj_r2"
"bio7",201,21,0,0.247876202356994,0.260788849348236
"bio18",201,19,0,0.142756402236663,0.26867927505015
"bio5",201,12,0,0.204757896622721,0.246037746880397
"bio8",201,10,0,0.152533319858707,0.238408478256139
"cec_5_15cm",201,9,0,0.130845119855668,0.239798951977113
"bio2",201,8,0,0.152596076189812,0.241370866245586
"soc_0_5cm",201,8,0,0.149164904265334,0.238207601006281
"soc_5_15cm",201,7,0,0.176462144724796,0.233659851625677
"pH_0_5cm",201,5,0,0.15274396048995,0.235126872662873
