family_id	gene	final_status	n
OG0000007	AT2G28700	F	134
OG0000007	AT2G28700	P	2
OG0000007	AT5G27810	F	6
OG0000007	AT5G27810	P	1
OG0000007	AT5G27810	U	129
OG0000007	AT5G48670	F	7
OG0000007	AT5G48670	P	1
OG0000007	AT5G48670	U	128
OG0000009	AT1G55030	P	135
OG0000009	AT2G04230	P	136
OG0000009	AT2G26860	P	136
OG0000009	AT3G26920	F	3
OG0000009	AT3G26920	P	13
OG0000009	AT3G26920	U	120
OG0000009	AT3G26922	P	87
OG0000009	AT3G26922	U	49
OG0000009	AT3G26930	F	22
OG0000009	AT3G26930	U	114
OG0000009	AT3G49020	P	17
OG0000009	AT3G49020	U	119
OG0000009	AT3G49030	P	34
OG0000009	AT3G49030	U	102
OG0000009	AT3G49040	P	51
OG0000009	AT3G49040	U	85
OG0000009	AT3G50710	P	136
OG0000009	AT3G51530	P	136
OG0000009	AT3G52680	A	3
OG0000009	AT3G52680	P	15
OG0000009	AT3G52680	U	117
OG0000009	AT3G52690	P	3
OG0000009	AT3G52690	U	133
OG0000009	AT3G54910	P	136
OG0000009	AT3G55670	P	259
OG0000009	AT3G55900	P	1
OG0000009	AT3G55900	U	135
OG0000009	AT4G00160	P	3
OG0000009	AT4G00160	U	133
OG0000009	AT4G09920	P	82
OG0000009	AT4G09920	U	53
OG0000009	AT4G10400	P	127
OG0000009	AT4G10410	P	131
OG0000009	AT4G10420	P	136
OG0000009	AT4G13965	P	136
OG0000009	AT4G26340	P	9
OG0000009	AT4G26340	U	127
OG0000009	AT5G38565	P	134
OG0000009	AT5G38570	P	134
OG0000009	AT5G38580	P	136
OG0000009	AT5G38590	P	136
OG0000009	AT5G56690	F	31
OG0000009	AT5G56690	P	38
OG0000009	AT5G56690	U	62
OG0000009	AT5G56700	P	40
OG0000009	AT5G56700	U	96
OG0000009	AT5G60610	P	1
OG0000009	AT5G60610	U	135
OG0000012	AT1G31370	P	34
OG0000012	AT1G31380	P	53
OG0000012	AT1G31390	P	136
OG0000012	AT1G31400	P	259
OG0000012	AT2G01790	P	134
OG0000012	AT2G05400	P	14
OG0000012	AT2G05400	U	118
OG0000012	AT2G05410	P	173
OG0000012	AT2G05410	U	108
OG0000012	AT2G05420	F	8
OG0000012	AT2G05420	P	106
OG0000012	AT2G05420	U	18
OG0000012	AT3G27040	P	136
OG0000012	AT3G44790	F	52
OG0000012	AT3G44790	P	20
OG0000012	AT3G44790	U	52
OG0000012	AT3G44800	F	1
OG0000012	AT3G44800	P	29
OG0000012	AT3G44800	U	99
OG0000012	AT3G44805	F	3
OG0000012	AT3G44805	P	90
OG0000012	AT3G44805	U	84
OG0000012	AT3G58200	P	136
OG0000012	AT3G58210	P	136
OG0000012	AT3G58220	P	352
OG0000012	AT3G58250	P	136
OG0000012	AT3G58260	P	136
OG0000012	AT3G58270	P	136
OG0000012	AT3G58290	P	136
OG0000012	AT3G58340	P	139
OG0000012	AT3G58350	P	136
OG0000012	AT3G58360	P	136
OG0000012	AT3G58370	P	276
OG0000012	AT3G58400	P	136
OG0000012	AT3G58410	P	136
OG0000012	AT3G58420	A	7
OG0000012	AT3G58420	P	124
OG0000015	AT1G29005	F	4
OG0000015	AT1G29005	P	2
OG0000015	AT1G29005	U	118
OG0000015	AT1G33710	F	2
OG0000015	AT1G33710	P	1
OG0000015	AT1G33710	U	33
OG0000015	AT1G34440	A	5
OG0000015	AT1G34440	P	131
OG0000015	AT1G40390	P	134
OG0000015	AT1G43730	P	133
OG0000015	AT1G43760	P	134
OG0000015	AT1G44941	F	21
OG0000015	AT1G44941	P	15
OG0000015	AT1G44941	U	93
OG0000015	AT1G50080	P	4
OG0000015	AT1G50080	U	126
OG0000015	AT1G60720	P	62
OG0000015	AT1G60720	U	26
OG0000015	AT2G02520	P	136
OG0000015	AT2G19146	F	28
OG0000015	AT2G19146	P	10
OG0000015	AT2G19146	U	98
OG0000015	AT3G25720	P	61
OG0000015	AT3G25720	U	58
OG0000015	AT3G25727	P	136
OG0000015	AT3G27590	F	12
OG0000015	AT3G27590	P	29
OG0000015	AT3G27590	U	95
OG0000015	AT4G04650	P	94
OG0000015	AT4G05095	U	105
OG0000015	AT4G10613	P	2
OG0000015	AT4G10613	U	42
OG0000015	AT5G11565	P	46
OG0000015	AT5G11565	U	86
OG0000015	AT5G16486	F	15
OG0000015	AT5G16486	P	7
OG0000015	AT5G16486	U	46
OG0000015	AT5G28615	P	22
OG0000015	AT5G28615	U	106
OG0000016	AT1G06580	U	136
OG0000016	AT1G12300	F	8
OG0000016	AT1G12300	P	2
OG0000016	AT1G12300	U	126
OG0000016	AT1G12620	F	115
OG0000016	AT1G12620	P	39
OG0000016	AT1G12620	U	118
OG0000016	AT1G12700	F	57
OG0000016	AT1G12700	P	18
OG0000016	AT1G12700	U	60
OG0000016	AT1G12775	F	24
OG0000016	AT1G12775	P	33
OG0000016	AT1G12775	U	97
OG0000016	AT1G62590	F	14
OG0000016	AT1G62590	P	3
OG0000016	AT1G62590	U	119
OG0000016	AT1G62670	F	19
OG0000016	AT1G62670	P	38
OG0000016	AT1G62670	U	102
OG0000016	AT1G62680	P	1
OG0000016	AT1G62680	U	135
OG0000016	AT1G62720	F	21
OG0000016	AT1G62720	U	115
OG0000016	AT1G62910	F	45
OG0000016	AT1G62910	P	163
OG0000016	AT1G62910	U	10
OG0000016	AT1G62914	F	5
OG0000016	AT1G62914	P	277
OG0000016	AT1G62930	F	138
OG0000016	AT1G62930	P	128
OG0000016	AT1G62930	U	101
OG0000016	AT1G63070	P	135
OG0000016	AT1G63080	F	19
OG0000016	AT1G63080	P	31
OG0000016	AT1G63080	U	92
OG0000016	AT1G63130	F	95
OG0000016	AT1G63130	P	59
OG0000016	AT1G63130	U	122
OG0000016	AT1G63150	F	34
OG0000016	AT1G63150	P	8
OG0000016	AT1G63150	U	75
OG0000016	AT1G63330	F	22
OG0000016	AT1G63330	P	62
OG0000016	AT1G63330	U	167
OG0000016	AT1G63400	F	181
OG0000016	AT1G63400	P	135
OG0000016	AT1G63400	U	17
OG0000016	AT1G64583	F	6
OG0000016	AT1G64583	P	1
OG0000016	AT1G64583	U	129
OG0000016	AT3G16710	U	136
OG0000016	AT3G22470	F	1
OG0000016	AT3G22470	P	12
OG0000016	AT3G22470	U	123
OG0000016	AT4G26800	F	35
OG0000016	AT4G26800	U	101
OG0000016	AT5G16640	F	46
OG0000016	AT5G16640	U	90
OG0000016	AT5G41170	F	21
OG0000016	AT5G41170	P	2
OG0000016	AT5G41170	U	113
OG0000022	AT1G58310	F	45
OG0000022	AT1G58310	P	5
OG0000022	AT1G58310	U	85
OG0000022	AT3G03030	U	136
OG0000022	AT3G03040	P	43
OG0000022	AT3G03040	U	93
OG0000022	AT3G49150	F	5
OG0000022	AT3G49150	P	63
OG0000022	AT3G49150	U	68
OG0000022	AT3G58900	P	34
OG0000022	AT3G58900	U	101
OG0000022	AT3G59160	P	19
OG0000022	AT3G59160	U	109
OG0000022	AT3G59170	F	4
OG0000022	AT3G59170	P	36
OG0000022	AT3G59170	U	96
OG0000022	AT3G59180	F	10
OG0000022	AT3G59180	P	27
OG0000022	AT3G59180	U	99
OG0000022	AT3G59190	F	1
OG0000022	AT3G59190	P	29
OG0000022	AT3G59190	U	106
OG0000022	AT3G59200	P	12
OG0000022	AT3G59200	U	124
OG0000022	AT3G59210	P	1
OG0000022	AT3G59210	U	135
OG0000022	AT3G59230	P	136
OG0000022	AT3G59240	P	135
OG0000022	AT3G59250	P	136
OG0000022	AT4G14096	F	11
OG0000022	AT4G14096	P	7
OG0000022	AT4G14096	U	118
OG0000022	AT4G14103	F	2
OG0000022	AT4G14103	P	33
OG0000022	AT4G14103	U	95
OG0000024	AT1G10920	P	132
OG0000024	AT1G53350	F	40
OG0000024	AT1G53350	P	5
OG0000024	AT1G53350	U	91
OG0000024	AT1G58390	P	127
OG0000024	AT1G58400	P	63
OG0000024	AT1G58410	P	71
OG0000024	AT1G58602	A	5
OG0000024	AT1G58602	F	4
OG0000024	AT1G58602	P	64
OG0000024	AT1G58602	U	10
OG0000024	AT1G58807	F	7
OG0000024	AT1G58807	P	100
OG0000024	AT1G58807	U	30
OG0000024	AT1G58848	A	86
OG0000024	AT1G58848	F	4
OG0000024	AT1G58848	P	123
OG0000024	AT1G58848	U	5
OG0000024	AT1G59124	A	1
OG0000024	AT1G59124	P	7
OG0000024	AT1G59124	U	2
OG0000024	AT1G59218	F	4
OG0000024	AT1G59218	P	130
OG0000024	AT1G59218	U	7
OG0000024	AT1G59620	P	136
OG0000024	AT1G59780	A	52
OG0000024	AT1G59780	P	71
OG0000024	AT4G16095	P	77
OG0000024	AT4G16095	U	59
OG0000024	AT5G35450	F	14
OG0000024	AT5G35450	P	48
OG0000024	AT5G35450	U	58
OG0000024	AT5G43470	P	196
OG0000024	AT5G48620	F	1
OG0000024	AT5G48620	P	221
OG0000024	AT5G48620	U	82
OG0000027	AT1G28430	P	135
OG0000027	AT2G05180	F	19
OG0000027	AT2G05180	P	27
OG0000027	AT2G05180	U	89
OG0000027	AT2G14100	P	40
OG0000027	AT2G27000	P	79
OG0000027	AT2G27010	P	116
OG0000027	AT3G20080	F	4
OG0000027	AT3G20080	P	3
OG0000027	AT3G20080	U	128
OG0000027	AT3G20090	P	13
OG0000027	AT3G20090	U	123
OG0000027	AT3G20100	F	35
OG0000027	AT3G20100	P	1
OG0000027	AT3G20100	U	100
OG0000027	AT3G20110	F	2
OG0000027	AT3G20110	P	9
OG0000027	AT3G20110	U	125
OG0000027	AT3G20120	F	8
OG0000027	AT3G20120	P	9
OG0000027	AT3G20120	U	117
OG0000027	AT3G20130	P	13
OG0000027	AT3G20130	U	119
OG0000027	AT3G20140	P	2
OG0000027	AT3G20140	U	130
OG0000027	AT3G20935	P	123
OG0000027	AT3G20935	U	13
OG0000027	AT3G20940	F	83
OG0000027	AT3G20940	P	64
OG0000027	AT3G20940	U	118
OG0000027	AT3G20950	A	27
OG0000027	AT3G20950	F	17
OG0000027	AT3G20950	P	98
OG0000027	AT3G20950	U	42
OG0000027	AT3G20960	F	25
OG0000027	AT3G20960	P	5
OG0000027	AT3G20960	U	106
OG0000027	AT3G32047	F	1
OG0000027	AT3G32047	P	2
OG0000027	AT3G32047	U	37
OG0000027	AT4G15330	P	135
OG0000027	AT4G15350	P	12
OG0000027	AT4G15350	U	120
OG0000027	AT4G15360	P	133
OG0000027	AT4G15380	P	3
OG0000027	AT4G15380	U	132
OG0000027	AT5G42580	P	136
OG0000027	AT5G47990	F	3
OG0000027	AT5G47990	P	1
OG0000027	AT5G47990	U	124
OG0000029	AT1G30920	F	3
OG0000029	AT1G30920	P	30
OG0000029	AT1G30920	U	101
OG0000029	AT1G30930	F	1
OG0000029	AT1G30930	P	112
OG0000029	AT1G30930	U	18
OG0000029	AT1G31080	P	47
OG0000029	AT1G31080	U	68
OG0000029	AT1G31090	P	78
OG0000029	AT1G31090	U	39
OG0000029	AT1G67130	P	128
OG0000029	AT3G56890	P	134
OG0000029	AT3G57580	F	31
OG0000029	AT3G57580	P	10
OG0000029	AT3G57580	U	93
OG0000029	AT3G57590	U	136
OG0000029	AT5G38810	A	1
OG0000029	AT5G38810	P	135
OG0000029	AT5G42430	F	2
OG0000029	AT5G42430	P	28
OG0000029	AT5G42430	U	105
OG0000030	AT1G33540	P	133
OG0000030	AT1G73270	P	136
OG0000030	AT1G73280	P	263
OG0000030	AT1G73290	P	136
OG0000030	AT1G73300	P	136
OG0000030	AT1G73310	P	262
OG0000030	AT2G22920	F	15
OG0000030	AT2G22920	P	5
OG0000030	AT2G22920	U	116
OG0000030	AT2G22970	F	26
OG0000030	AT2G22970	P	3
OG0000030	AT2G22970	U	108
OG0000030	AT2G22980	P	5
OG0000030	AT2G22980	U	131
OG0000030	AT2G22990	P	4
OG0000030	AT2G22990	U	132
OG0000030	AT2G23000	P	1
OG0000030	AT2G23000	U	135
OG0000030	AT2G23010	U	136
OG0000030	AT3G10450	P	1
OG0000030	AT3G10450	U	135
OG0000030	AT3G12203	P	136
OG0000030	AT3G12220	P	207
OG0000030	AT3G12230	P	135
OG0000030	AT3G12240	P	136
OG0000030	AT5G36180	A	96
OG0000030	AT5G36180	P	47
OG0000030	AT5G36180	U	129
OG0000038	AT2G22440	F	2
OG0000038	AT2G22440	P	109
OG0000038	AT2G22440	U	25
OG0000039	AT3G46650	P	136
OG0000039	AT3G46660	P	136
OG0000039	AT3G46670	P	136
OG0000039	AT3G46680	P	136
OG0000039	AT3G46690	P	136
OG0000039	AT3G46700	P	135
OG0000039	AT3G46720	P	136
OG0000039	AT5G37950	P	11
OG0000039	AT5G37950	U	5
OG0000039	AT5G38010	P	1
OG0000039	AT5G38010	U	135
OG0000039	AT5G38040	P	12
OG0000039	AT5G38040	U	124
OG0000039	AT5G59580	P	136
OG0000039	AT5G59590	P	137
OG0000040	AT3G43170	P	128
OG0000040	AT3G43970	P	62
OG0000040	AT5G52930	P	41
OG0000040	AT5G52930	U	95
OG0000040	AT5G52940	P	58
OG0000040	AT5G52940	U	78
OG0000040	AT5G53230	P	8
OG0000040	AT5G53230	U	128
OG0000040	AT5G54320	F	1
OG0000040	AT5G54320	P	4
OG0000040	AT5G54320	U	130
OG0000040	AT5G54330	P	5
OG0000040	AT5G54330	U	131
OG0000040	AT5G54420	U	136
OG0000040	AT5G54450	F	3
OG0000040	AT5G54450	P	53
OG0000040	AT5G54450	U	80
OG0000040	AT5G54550	F	30
OG0000040	AT5G54550	P	3
OG0000040	AT5G54550	U	103
OG0000040	AT5G54560	F	1
OG0000040	AT5G54560	P	13
OG0000040	AT5G54560	U	122
OG0000040	AT5G55270	P	7
OG0000040	AT5G55270	U	129
OG0000040	AT5G55870	P	158
OG0000040	AT5G55870	U	114
OG0000040	AT5G55880	P	104
OG0000040	AT5G55880	U	32
OG0000040	AT5G55890	F	2
OG0000040	AT5G55890	P	4
OG0000040	AT5G55890	U	103
OG0000042	AT1G66610	P	77
OG0000042	AT1G66620	F	135
OG0000042	AT1G66620	P	1
OG0000042	AT1G66630	F	124
OG0000042	AT1G66630	P	12
OG0000042	AT1G66650	P	136
OG0000042	AT5G37870	F	105
OG0000042	AT5G37870	P	27
OG0000042	AT5G37890	F	105
OG0000042	AT5G37890	P	26
OG0000042	AT5G37900	F	109
OG0000042	AT5G37900	P	13
OG0000042	AT5G37910	F	3
OG0000042	AT5G37910	P	132
OG0000042	AT5G37930	P	136
OG0000042	AT5G62800	P	14
OG0000042	AT5G62800	U	122
OG0000045	AT5G27606	P	95
OG0000045	AT5G27606	U	17
OG0000046	AT1G56380	F	3
OG0000046	AT1G56380	P	32
OG0000046	AT1G56380	U	101
OG0000046	AT1G61960	F	23
OG0000046	AT1G61960	U	113
OG0000046	AT1G61970	P	1
OG0000046	AT1G61970	U	135
OG0000046	AT1G61980	F	4
OG0000046	AT1G61980	U	132
OG0000046	AT1G61990	P	23
OG0000046	AT1G61990	U	113
OG0000046	AT1G62085	U	136
OG0000046	AT1G62110	U	136
OG0000046	AT1G62120	P	3
OG0000046	AT1G62120	U	133
OG0000046	AT1G62490	P	135
OG0000046	AT3G46950	P	1
OG0000046	AT3G46950	U	135
OG0000046	AT5G23930	P	60
OG0000046	AT5G23930	U	76
OG0000047	AT3G47090	P	133
OG0000047	AT3G47110	P	136
OG0000047	AT3G47570	F	1
OG0000047	AT3G47570	P	3
OG0000047	AT3G47570	U	132
OG0000047	AT3G47580	F	8
OG0000047	AT3G47580	P	7
OG0000047	AT3G47580	U	47
OG0000047	AT5G20480	F	30
OG0000047	AT5G20480	P	2
OG0000047	AT5G20480	U	104
OG0000047	AT5G39390	P	58
OG0000049	AT3G46840	P	8
OG0000049	AT3G46840	U	128
OG0000049	AT3G46850	F	3
OG0000049	AT3G46850	P	8
OG0000049	AT3G46850	U	123
OG0000049	AT5G58820	P	1
OG0000049	AT5G58820	U	133
OG0000049	AT5G58830	F	2
OG0000049	AT5G58830	P	5
OG0000049	AT5G58830	U	129
OG0000049	AT5G58840	P	76
OG0000049	AT5G58840	U	60
OG0000049	AT5G59090	P	136
OG0000049	AT5G59100	P	136
OG0000049	AT5G59110	P	6
OG0000049	AT5G59110	U	130
OG0000049	AT5G59120	P	136
OG0000049	AT5G59130	P	136
OG0000054	AT1G56510	F	2
OG0000054	AT1G56510	P	42
OG0000054	AT1G56510	U	58
OG0000054	AT1G56520	P	106
OG0000054	AT1G56540	P	21
OG0000054	AT1G56540	U	107
OG0000054	AT1G63730	P	6
OG0000054	AT1G63730	U	130
OG0000054	AT1G63740	P	9
OG0000054	AT1G63740	U	129
OG0000054	AT1G63750	F	1
OG0000054	AT1G63750	P	11
OG0000054	AT1G63750	U	123
OG0000054	AT1G63860	P	89
OG0000054	AT1G63870	A	2
OG0000054	AT1G63870	P	96
OG0000054	AT1G63880	P	94
OG0000054	AT1G64070	P	21
OG0000054	AT1G64070	U	90
OG0000054	AT2G16870	P	135
OG0000054	AT4G14370	P	136
OG0000054	AT5G35510	P	22
OG0000054	AT5G35510	U	113
OG0000054	AT5G38850	P	112
OG0000054	AT5G38850	U	24
OG0000054	AT5G58120	P	47
OG0000054	AT5G58120	U	89
OG0000060	AT1G37020	P	79
OG0000060	AT1G37020	U	57
OG0000060	AT1G42525	F	5
OG0000060	AT1G42525	P	11
OG0000060	AT1G42525	U	120
OG0000060	AT2G10260	F	5
OG0000060	AT2G10260	P	42
OG0000060	AT2G10260	U	85
OG0000060	AT3G30305	P	3
OG0000060	AT3G30305	U	14
OG0000060	AT3G31910	P	45
OG0000060	AT4G08430	P	137
OG0000060	AT5G28235	P	274
OG0000060	AT5G28810	F	21
OG0000060	AT5G28810	P	380
OG0000060	AT5G28810	U	6
OG0000060	AT5G45570	F	3
OG0000060	AT5G45570	P	489
OG0000060	AT5G45570	U	52
OG0000065	AT1G31540	P	136
OG0000065	AT5G22690	F	3
OG0000065	AT5G22690	P	13
OG0000065	AT5G22690	U	120
OG0000065	AT5G40060	P	10
OG0000065	AT5G40060	U	126
OG0000065	AT5G46260	P	138
OG0000065	AT5G46270	P	178
OG0000065	AT5G46450	F	7
OG0000065	AT5G46450	P	9
OG0000065	AT5G46450	U	120
OG0000065	AT5G46470	P	6
OG0000065	AT5G46470	U	126
OG0000065	AT5G46490	P	90
OG0000065	AT5G46490	U	11
OG0000065	AT5G46500	F	6
OG0000065	AT5G46500	P	83
OG0000065	AT5G46500	U	27
OG0000065	AT5G46510	F	1
OG0000065	AT5G46510	P	71
OG0000065	AT5G46510	U	12
OG0000065	AT5G46520	F	3
OG0000065	AT5G46520	P	132
OG0000065	AT5G46520	U	4
OG0000074	AT2G24205	P	3
OG0000074	AT2G24205	U	133
OG0000074	AT3G42565	P	26
OG0000074	AT3G42565	U	109
OG0000074	AT4G09545	F	3
OG0000074	AT4G09545	P	11
OG0000074	AT4G09545	U	122
OG0000074	AT5G36310	F	5
OG0000074	AT5G36310	P	46
OG0000074	AT5G36310	U	172
OG0000074	AT5G36320	F	2
OG0000074	AT5G36320	P	17
OG0000074	AT5G36320	U	118
OG0000074	AT5G36330	P	542
OG0000074	AT5G36340	F	1
OG0000074	AT5G36340	P	37
OG0000074	AT5G36340	U	224
OG0000074	AT5G36350	F	4
OG0000074	AT5G36350	P	138
OG0000074	AT5G36350	U	667
OG0000074	AT5G36360	F	2
OG0000074	AT5G36360	P	52
OG0000074	AT5G36360	U	215
OG0000074	AT5G36370	F	1
OG0000074	AT5G36370	P	26
OG0000074	AT5G36370	U	106
OG0000074	AT5G36380	P	14
OG0000074	AT5G36380	U	122
OG0000074	AT5G36390	P	10
OG0000074	AT5G36390	U	122
OG0000074	AT5G36400	F	2
OG0000074	AT5G36400	P	29
OG0000074	AT5G36400	U	104
OG0000074	AT5G36410	F	2
OG0000074	AT5G36410	P	15
OG0000074	AT5G36410	U	107
OG0000074	AT5G36420	F	5
OG0000074	AT5G36420	P	19
OG0000074	AT5G36420	U	89
OG0000074	AT5G36430	P	20
OG0000074	AT5G36430	U	87
OG0000074	AT5G36440	F	3
OG0000074	AT5G36440	P	17
OG0000074	AT5G36440	U	78
OG0000074	AT5G36450	F	7
OG0000074	AT5G36450	P	311
OG0000074	AT5G36450	U	1706
OG0000074	AT5G36460	F	1
OG0000074	AT5G36460	P	16
OG0000074	AT5G36460	U	153
OG0000074	AT5G36470	F	1
OG0000074	AT5G36470	P	13
OG0000074	AT5G36470	U	152
OG0000074	AT5G36480	F	1
OG0000074	AT5G36480	P	9
OG0000074	AT5G36480	U	116
OG0000074	AT5G36490	F	2
OG0000074	AT5G36490	P	3
OG0000074	AT5G36490	U	52
OG0000074	AT5G36500	P	4
OG0000074	AT5G36500	U	38
OG0000074	AT5G36520	P	5
OG0000074	AT5G36520	U	20
OG0000074	AT5G36540	P	7
OG0000074	AT5G36540	U	18
OG0000074	AT5G36550	F	1
OG0000074	AT5G36550	P	1
OG0000074	AT5G36550	U	17
OG0000074	AT5G36657	F	12
OG0000074	AT5G36657	P	2393
OG0000074	AT5G36657	U	50
OG0000074	AT5G36658	F	2
OG0000074	AT5G36658	P	10
OG0000074	AT5G36658	U	53
OG0000074	AT5G36659	F	40
OG0000074	AT5G36659	P	1041
OG0000074	AT5G36659	U	1395
OG0000074	AT5G36661	P	4
OG0000074	AT5G36661	U	14
OG0000074	AT5G36662	F	1
OG0000074	AT5G36662	P	2
OG0000074	AT5G36662	U	6
OG0000074	AT5G36738	U	7
OG0000074	AT5G36739	U	4
OG0000074	AT5G42895	F	7
OG0000074	AT5G42895	P	16
OG0000074	AT5G42895	U	125
OG0000074	AT5G44495	F	2
OG0000074	AT5G44495	P	7
OG0000074	AT5G44495	U	91
OG0000075	AT1G36925	P	129
OG0000075	AT1G36925	U	3
OG0000077	AT1G49100	P	136
OG0000077	AT1G51805	P	136
OG0000077	AT1G51810	P	136
OG0000077	AT1G51820	A	50
OG0000077	AT1G51820	P	86
OG0000077	AT1G51830	P	136
OG0000077	AT1G51850	P	137
OG0000077	AT2G04300	F	16
OG0000077	AT2G04300	P	8
OG0000077	AT2G04300	U	112
OG0000077	AT2G29000	P	18
OG0000077	AT2G29000	U	16
OG0000077	AT3G21340	P	136
OG0000077	AT3G46330	P	136
OG0000077	AT3G46340	F	1
OG0000077	AT3G46340	P	25
OG0000077	AT3G46340	U	76
OG0000077	AT3G46370	U	37
OG0000077	AT3G46400	F	1
OG0000077	AT3G46400	P	4
OG0000077	AT3G46400	U	32
OG0000077	AT3G46420	F	1
OG0000077	AT3G46420	P	5
OG0000077	AT3G46420	U	130
OG0000077	AT5G16900	P	7
OG0000077	AT5G16900	U	129
OG0000077	AT5G59670	F	1
OG0000077	AT5G59670	P	31
OG0000077	AT5G59670	U	37
OG0000083	AT1G43680	F	21
OG0000083	AT1G43680	P	26
OG0000083	AT1G43680	U	89
OG0000083	AT2G02103	P	53
OG0000083	AT2G02103	U	42
OG0000083	AT2G13450	F	13
OG0000083	AT2G13450	P	91
OG0000083	AT2G13450	U	28
OG0000083	AT2G13500	P	118
OG0000083	AT2G13500	U	17
OG0000083	AT2G13510	P	135
OG0000083	AT2G16676	F	2
OG0000083	AT2G16676	P	53
OG0000083	AT2G16676	U	61
OG0000083	AT2G17905	P	29
OG0000083	AT2G17905	U	8
OG0000083	AT2G17920	P	34
OG0000083	AT2G17920	U	7
OG0000083	AT2G31590	P	135
OG0000083	AT2G41590	P	8
OG0000083	AT2G41590	U	66
OG0000083	AT3G47920	P	21
OG0000083	AT3G47920	U	74
OG0000083	AT3G57587	F	18
OG0000083	AT3G57587	P	45
OG0000083	AT3G57587	U	48
OG0000083	AT4G02000	F	23
OG0000083	AT4G02000	P	104
OG0000083	AT4G02000	U	73
OG0000083	AT4G04730	F	76
OG0000083	AT4G04730	P	60
OG0000083	AT4G04730	U	127
OG0000083	AT5G18636	F	10
OG0000083	AT5G18636	P	32
OG0000083	AT5G18636	U	59
OG0000083	AT5G25200	F	46
OG0000083	AT5G25200	P	43
OG0000083	AT5G25200	U	68
OG0000083	AT5G25600	P	120
OG0000083	AT5G35737	P	57
OG0000083	AT5G35737	U	79
OG0000083	AT5G36228	P	50
OG0000083	AT5G36228	U	35
OG0000083	AT5G51195	P	27
OG0000086	AT5G53670	F	12
OG0000086	AT5G53670	P	11
OG0000086	AT5G53670	U	113
OG0000087	AT1G40087	P	103
OG0000087	AT1G42700	P	79
OG0000087	AT1G42700	U	4
OG0000087	AT3G30200	P	164
OG0000087	AT5G28920	P	134
OG0000090	AT1G48800	F	1
OG0000090	AT1G48800	P	19
OG0000090	AT1G48800	U	116
OG0000090	AT1G48820	P	83
OG0000090	AT1G48820	U	44
OG0000090	AT1G66020	F	1
OG0000090	AT1G66020	P	28
OG0000090	AT1G66020	U	106
OG0000090	AT1G70080	P	136
OG0000090	AT2G23230	P	117
OG0000090	AT2G23230	U	19
OG0000090	AT3G29110	P	104
OG0000090	AT3G29190	P	136
OG0000090	AT4G13280	P	135
OG0000090	AT4G13300	P	195
OG0000090	AT4G15870	P	136
OG0000090	AT4G20200	P	136
OG0000090	AT4G20210	A	74
OG0000090	AT4G20210	P	47
OG0000090	AT4G20230	P	106
OG0000090	AT5G44630	F	3
OG0000090	AT5G44630	P	8
OG0000090	AT5G44630	U	125
OG0000090	AT5G48110	P	134
OG0000093	AT3G21940	P	31
OG0000093	AT3G21940	U	102
OG0000093	AT3G21980	F	2
OG0000093	AT3G21980	P	14
OG0000093	AT3G21980	U	120
OG0000093	AT3G21990	F	2
OG0000093	AT3G21990	P	2
OG0000093	AT3G21990	U	132
OG0000093	AT3G22000	P	22
OG0000093	AT3G22000	U	101
OG0000093	AT3G22010	P	24
OG0000093	AT3G22010	U	96
OG0000093	AT3G22020	P	28
OG0000093	AT3G22020	U	92
OG0000093	AT3G22030	F	2
OG0000093	AT3G22030	P	60
OG0000093	AT3G22030	U	57
OG0000093	AT3G22040	F	28
OG0000093	AT3G22040	P	17
OG0000093	AT3G22040	U	74
OG0000093	AT3G22050	P	23
OG0000093	AT3G22050	U	97
OG0000093	AT3G22053	P	48
OG0000093	AT3G22053	U	88
OG0000093	AT4G20530	F	76
OG0000093	AT4G20530	P	47
OG0000093	AT4G20530	U	94
OG0000093	AT4G20540	F	7
OG0000093	AT4G20540	P	11
OG0000093	AT4G20540	U	29
OG0000093	AT4G20550	F	5
OG0000093	AT4G20550	P	10
OG0000093	AT4G20550	U	25
OG0000093	AT4G20560	F	4
OG0000093	AT4G20560	P	7
OG0000093	AT4G20560	U	24
OG0000093	AT4G20570	F	3
OG0000093	AT4G20570	P	3
OG0000093	AT4G20570	U	24
OG0000093	AT4G20580	F	108
OG0000093	AT4G20580	P	67
OG0000093	AT4G20580	U	222
OG0000093	AT4G20590	P	4
OG0000093	AT4G20590	U	22
OG0000093	AT4G20600	P	3
OG0000093	AT4G20600	U	23
OG0000093	AT4G20610	F	1
OG0000093	AT4G20610	P	5
OG0000093	AT4G20610	U	18
OG0000093	AT4G20620	F	4
OG0000093	AT4G20620	P	4
OG0000093	AT4G20620	U	15
OG0000093	AT4G20630	P	2
OG0000093	AT4G20630	U	17
OG0000093	AT4G20640	P	4
OG0000093	AT4G20640	U	15
OG0000093	AT4G20645	P	28
OG0000093	AT4G20645	U	155
OG0000093	AT4G20670	P	562
OG0000093	AT4G20670	U	5
OG0000093	AT4G20680	P	36
OG0000093	AT4G20680	U	123
OG0000095	AT1G18050	P	136
OG0000095	AT3G30370	F	51
OG0000095	AT3G30370	P	11
OG0000095	AT3G30370	U	21
OG0000096	AT1G29180	F	1
OG0000096	AT1G29180	P	9
OG0000096	AT1G29180	U	126
OG0000096	AT1G34480	F	15
OG0000096	AT1G34480	P	69
OG0000096	AT1G34480	U	51
OG0000096	AT1G44020	P	135
OG0000096	AT1G44030	F	1
OG0000096	AT1G44030	P	128
OG0000096	AT1G44030	U	44
OG0000096	AT1G45243	F	3
OG0000096	AT1G45243	P	37
OG0000096	AT1G45243	U	96
OG0000096	AT1G62030	P	1
OG0000096	AT1G62030	U	135
OG0000096	AT1G66440	P	22
OG0000096	AT1G66440	U	114
OG0000096	AT1G66450	P	25
OG0000096	AT1G66450	U	111
OG0000096	AT2G28460	F	1
OG0000096	AT2G28460	P	4
OG0000096	AT2G28460	U	131
OG0000096	AT3G21210	P	136
OG0000096	AT3G26240	F	1
OG0000096	AT3G26240	P	110
OG0000096	AT3G26240	U	23
OG0000096	AT3G26250	F	92
OG0000096	AT3G26250	P	29
OG0000096	AT3G26250	U	85
OG0000096	AT3G50010	F	3
OG0000096	AT3G50010	P	28
OG0000096	AT3G50010	U	105
OG0000096	AT4G02540	U	10
OG0000096	AT4G10560	F	1
OG0000096	AT4G10560	P	32
OG0000096	AT4G10560	U	103
OG0000096	AT4G13130	F	1
OG0000096	AT4G13130	P	39
OG0000096	AT4G13130	U	96
OG0000096	AT4G15070	P	136
OG0000096	AT4G26380	F	2
OG0000096	AT4G26380	P	22
OG0000096	AT4G26380	U	111
OG0000096	AT5G03355	P	85
OG0000096	AT5G03355	U	8
OG0000096	AT5G03360	F	3
OG0000096	AT5G03360	U	133
OG0000096	AT5G37210	P	135
OG0000096	AT5G48320	F	1
OG0000096	AT5G48320	P	172
OG0000096	AT5G48320	U	66
OG0000100	AT1G31960	F	32
OG0000100	AT1G31960	P	47
OG0000100	AT1G31960	U	56
OG0000100	AT2G11462	P	133
OG0000103	AT1G03660	U	136
OG0000103	AT1G03670	P	136
OG0000103	AT4G03440	P	130
OG0000103	AT4G03450	P	135
OG0000103	AT4G03460	P	136
OG0000103	AT4G03470	P	82
OG0000103	AT4G03480	P	86
OG0000103	AT4G03490	P	84
OG0000103	AT4G03495	F	1
OG0000103	AT4G03495	P	45
OG0000103	AT4G03495	U	38
OG0000103	AT4G03500	F	3
OG0000103	AT4G03500	P	57
OG0000103	AT4G03500	U	25
OG0000103	AT4G03505	F	1
OG0000103	AT4G03505	P	14
OG0000103	AT4G03505	U	82
OG0000103	AT4G05040	P	102
OG0000103	AT4G05040	U	9
OG0000103	AT4G14390	P	6
OG0000103	AT4G14390	U	58
OG0000103	AT4G14400	P	9
OG0000103	AT4G14400	U	84
OG0000106	AT1G55060	F	8
OG0000106	AT1G55060	P	4
OG0000106	AT1G55060	U	123
OG0000106	AT1G65350	A	13
OG0000106	AT1G65350	P	6
OG0000106	AT4G02890	P	3
OG0000106	AT4G02890	U	133
OG0000106	AT4G05050	F	4
OG0000106	AT4G05050	P	43
OG0000106	AT4G05050	U	109
OG0000106	AT4G05320	F	91
OG0000106	AT4G05320	P	5
OG0000106	AT4G05320	U	93
OG0000106	AT5G03240	F	1
OG0000106	AT5G03240	U	135
OG0000106	AT5G20620	U	136
OG0000106	AT5G37640	P	19
OG0000106	AT5G37640	U	117
OG0000107	AT1G27540	F	11
OG0000107	AT1G27540	P	15
OG0000107	AT1G27540	U	110
OG0000107	AT1G27550	P	123
OG0000107	AT1G27580	P	266
OG0000107	AT2G14290	F	7
OG0000107	AT2G14290	P	6
OG0000107	AT2G14290	U	118
OG0000107	AT2G14500	F	11
OG0000107	AT2G14500	P	19
OG0000107	AT2G14500	U	68
OG0000107	AT2G24080	P	136
OG0000107	AT5G25290	F	10
OG0000107	AT5G25290	P	2
OG0000107	AT5G25290	U	124
OG0000107	AT5G25300	F	7
OG0000107	AT5G25300	P	108
OG0000107	AT5G25300	U	21
OG0000118	AT1G04625	A	6
OG0000118	AT1G04625	P	123
OG0000118	AT1G27870	F	8
OG0000118	AT1G27870	P	14
OG0000118	AT1G27870	U	114
OG0000118	AT1G47497	P	59
OG0000118	AT1G47497	U	73
OG0000118	AT1G50160	F	2
OG0000118	AT1G50160	P	10
OG0000118	AT1G50160	U	92
OG0000118	AT1G77815	F	5
OG0000118	AT1G77815	P	33
OG0000118	AT1G77815	U	234
OG0000118	AT2G02650	F	5
OG0000118	AT2G02650	P	32
OG0000118	AT2G02650	U	78
OG0000118	AT2G04420	F	13
OG0000118	AT2G04420	P	11
OG0000118	AT2G04420	U	67
OG0000118	AT2G11205	P	3
OG0000118	AT2G11205	U	44
OG0000118	AT2G46460	F	2
OG0000118	AT2G46460	P	85
OG0000118	AT2G46460	U	111
OG0000118	AT3G09510	F	5
OG0000118	AT3G09510	P	21
OG0000118	AT3G09510	U	65
OG0000118	AT3G25270	F	1
OG0000118	AT3G25270	P	35
OG0000118	AT3G25270	U	96
OG0000118	AT3G32130	F	9
OG0000118	AT3G32130	P	30
OG0000118	AT3G32130	U	29
OG0000118	AT4G03292	P	4
OG0000118	AT4G03292	U	36
OG0000118	AT4G09775	F	22
OG0000118	AT4G09775	P	41
OG0000118	AT4G09775	U	64
OG0000118	AT5G43755	P	136
OG0000126	AT2G29150	P	136
OG0000126	AT2G29170	P	136
OG0000126	AT2G29260	P	3
OG0000126	AT2G29260	U	133
OG0000126	AT2G29290	F	18
OG0000126	AT2G29290	P	7
OG0000126	AT2G29290	U	111
OG0000126	AT2G29350	U	135
OG0000126	AT2G29360	U	136
OG0000126	AT2G29370	U	136
OG0000126	AT5G06060	P	136
OG0000141	AT4G13810	P	135
OG0000141	AT4G13820	P	6
OG0000141	AT4G13820	U	130
OG0000141	AT4G13880	F	3
OG0000141	AT4G13880	P	65
OG0000141	AT4G13880	U	65
OG0000141	AT4G13920	P	119
OG0000141	AT4G13920	U	2
OG0000142	AT1G29420	P	23
OG0000142	AT1G29420	U	112
OG0000142	AT1G29430	U	136
OG0000142	AT1G29440	F	63
OG0000142	AT1G29440	P	5
OG0000142	AT1G29440	U	99
OG0000142	AT1G29450	P	6
OG0000142	AT1G29450	U	128
OG0000142	AT1G29460	P	48
OG0000142	AT1G29460	U	87
OG0000142	AT1G29490	P	49
OG0000142	AT1G29490	U	87
OG0000142	AT1G29500	P	3
OG0000142	AT1G29500	U	132
OG0000142	AT1G29510	F	97
OG0000142	AT1G29510	P	7
OG0000142	AT1G29510	U	167
OG0000142	AT5G27780	P	1
OG0000142	AT5G27780	U	270
OG0000147	AT2G30385	P	4
OG0000147	AT2G30385	U	132
OG0000147	AT2G30615	P	85
OG0000147	AT2G30615	U	51
OG0000147	AT2G42955	P	136
OG0000147	AT2G43260	P	136
OG0000147	AT2G43270	P	114
OG0000147	AT2G43440	P	96
OG0000147	AT2G43440	U	37
OG0000147	AT2G43445	F	25
OG0000147	AT2G43445	P	20
OG0000147	AT2G43445	U	89
OG0000147	AT4G17780	F	3
OG0000147	AT4G17780	P	44
OG0000147	AT4G17780	U	89
OG0000150	AT1G46840	F	1
OG0000150	AT1G46840	P	7
OG0000150	AT1G46840	U	96
OG0000150	AT1G46912	P	33
OG0000150	AT1G46912	U	63
OG0000150	AT1G46984	F	28
OG0000150	AT1G46984	P	22
OG0000150	AT1G46984	U	86
OG0000150	AT2G19630	F	8
OG0000150	AT2G19630	P	15
OG0000150	AT2G19630	U	112
OG0000150	AT2G31470	U	136
OG0000150	AT3G23960	F	2
OG0000150	AT3G23960	P	30
OG0000150	AT3G23960	U	100
OG0000150	AT3G49450	F	24
OG0000150	AT3G49450	P	3
OG0000150	AT3G49450	U	109
OG0000150	AT5G65850	F	19
OG0000150	AT5G65850	P	41
OG0000150	AT5G65850	U	75
OG0000158	AT3G61170	P	136
OG0000159	AT1G69730	P	133
OG0000159	AT1G79680	P	136
OG0000164	AT2G02580	P	2
OG0000164	AT2G02580	U	134
OG0000164	AT3G26290	P	136
OG0000164	AT3G26300	P	133
OG0000164	AT3G26310	P	136
OG0000164	AT3G26320	P	135
OG0000164	AT3G26330	P	136
OG0000164	AT5G57260	P	136
OG0000166	AT1G64840	F	5
OG0000166	AT1G64840	P	2
OG0000166	AT1G64840	U	129
OG0000166	AT2G24250	F	3
OG0000166	AT2G24250	P	3
OG0000166	AT2G24250	U	130
OG0000167	AT1G62040	P	6
OG0000167	AT1G62040	U	130
OG0000167	AT2G45170	U	136
OG0000167	AT3G60640	U	136
OG0000167	AT4G04620	P	136
OG0000167	AT4G21980	U	136
OG0000170	AT2G11015	P	20
OG0000170	AT2G11015	U	43
OG0000170	AT4G06490	P	26
OG0000170	AT4G06490	U	92
OG0000170	AT5G29050	F	3
OG0000170	AT5G29050	P	51
OG0000170	AT5G29050	U	75
OG0000170	AT5G33898	P	23
OG0000170	AT5G33898	U	15
OG0000182	AT1G47300	P	123
OG0000182	AT1G47340	P	136
OG0000182	AT1G47350	P	131
OG0000182	AT1G60370	F	8
OG0000182	AT1G60370	P	54
OG0000182	AT1G60370	U	74
OG0000182	AT2G23160	F	3
OG0000182	AT2G23160	P	33
OG0000182	AT2G23160	U	100
OG0000184	AT2G25440	P	100
OG0000184	AT2G25440	U	36
OG0000184	AT2G32680	P	29
OG0000184	AT2G32680	U	106
OG0000184	AT2G33020	P	120
OG0000184	AT2G33050	P	136
OG0000184	AT2G33060	F	29
OG0000184	AT2G33060	P	3
OG0000184	AT2G33060	U	104
OG0000184	AT2G33080	P	118
OG0000184	AT2G33080	U	10
OG0000184	AT3G24900	F	67
OG0000184	AT3G24900	P	55
OG0000184	AT3G24900	U	9
OG0000184	AT3G24982	P	191
OG0000184	AT3G25010	F	191
OG0000184	AT3G25010	P	67
OG0000184	AT3G25010	U	49
OG0000184	AT3G25020	F	26
OG0000184	AT3G25020	P	96
OG0000184	AT3G25020	U	57
OG0000185	AT4G23140	F	1
OG0000185	AT4G23140	P	76
OG0000185	AT4G23140	U	57
OG0000185	AT4G23150	F	16
OG0000185	AT4G23150	U	115
OG0000185	AT4G23160	P	141
OG0000185	AT4G23160	U	7
OG0000185	AT4G23180	F	13
OG0000185	AT4G23180	P	2
OG0000185	AT4G23180	U	54
OG0000185	AT4G23230	P	84
OG0000186	AT2G06425	P	136
OG0000186	AT4G04265	P	136
OG0000186	AT5G34581	P	78
OG0000186	AT5G34581	U	16
OG0000188	AT3G19880	P	39
OG0000188	AT3G19880	U	97
OG0000188	AT3G20030	P	18
OG0000188	AT3G20030	U	118
OG0000188	AT4G05080	F	22
OG0000188	AT4G05080	P	96
OG0000188	AT4G05080	U	18
OG0000188	AT5G60560	P	33
OG0000188	AT5G60560	U	103
OG0000192	AT2G13770	F	1
OG0000192	AT2G13770	P	86
OG0000192	AT2G13770	U	44
OG0000192	AT3G29631	F	1
OG0000192	AT3G29631	P	77
OG0000192	AT3G29631	U	56
OG0000192	AT5G39980	U	136
OG0000196	AT3G14610	F	1
OG0000196	AT3G14610	P	2
OG0000196	AT3G14610	U	133
OG0000196	AT3G14630	P	1
OG0000196	AT3G14630	U	135
OG0000196	AT3G14640	F	1
OG0000196	AT3G14640	P	67
OG0000196	AT3G14640	U	68
OG0000196	AT3G14650	F	1
OG0000196	AT3G14650	P	13
OG0000196	AT3G14650	U	128
OG0000196	AT3G14660	P	4
OG0000196	AT3G14660	U	132
OG0000196	AT3G14680	P	2
OG0000196	AT3G14680	U	134
OG0000196	AT3G14690	P	29
OG0000196	AT3G14690	U	106
OG0000199	AT1G45190	F	19
OG0000199	AT1G45190	P	15
OG0000199	AT1G45190	U	102
OG0000199	AT1G47450	F	3
OG0000199	AT1G47450	P	66
OG0000199	AT1G47450	U	67
OG0000199	AT1G47470	F	100
OG0000199	AT1G47470	P	14
OG0000199	AT1G47470	U	136
OG0000199	AT1G52970	P	3
OG0000199	AT1G52970	U	133
OG0000199	AT2G04031	P	25
OG0000199	AT2G04031	U	110
OG0000199	AT2G04037	F	4
OG0000199	AT2G04037	P	1
OG0000199	AT2G04037	U	129
OG0000199	AT2G04041	F	2
OG0000199	AT2G04041	P	19
OG0000199	AT2G04041	U	115
OG0000199	AT3G11990	F	10
OG0000199	AT3G11990	P	12
OG0000199	AT3G11990	U	105
OG0000199	AT4G13261	P	16
OG0000199	AT4G13261	U	120
OG0000199	AT4G13263	P	46
OG0000199	AT4G13263	U	226
OG0000199	AT5G35405	F	120
OG0000199	AT5G35405	P	55
OG0000199	AT5G35405	U	233
OG0000200	AT5G40910	F	3
OG0000200	AT5G40910	P	62
OG0000200	AT5G40910	U	71
OG0000202	AT3G45860	P	136
OG0000202	AT4G23130	P	136
OG0000202	AT4G23270	F	10
OG0000202	AT4G23270	U	126
OG0000202	AT4G23280	F	15
OG0000202	AT4G23280	P	7
OG0000202	AT4G23280	U	114
OG0000202	AT4G23310	F	7
OG0000202	AT4G23310	P	10
OG0000202	AT4G23310	U	119
OG0000205	AT3G31430	P	6
OG0000205	AT3G31430	U	24
OG0000205	AT3G42140	P	114
OG0000206	AT2G03010	P	124
OG0000206	AT2G03010	U	11
OG0000206	AT4G09440	P	53
OG0000206	AT4G09440	U	83
OG0000206	AT4G16530	F	1
OG0000206	AT4G16530	P	39
OG0000206	AT4G16530	U	118
OG0000206	AT5G37410	P	18
OG0000206	AT5G37410	U	118
OG0000206	AT5G37420	A	136
OG0000206	AT5G37430	P	18
OG0000206	AT5G37430	U	118
OG0000206	AT5G37460	F	9
OG0000206	AT5G37460	P	8
OG0000206	AT5G37460	U	119
OG0000206	AT5G37470	P	128
OG0000206	AT5G37470	U	136
OG0000206	AT5G37920	F	2
OG0000206	AT5G37920	P	35
OG0000206	AT5G37920	U	99
OG0000207	AT1G45100	F	1
OG0000207	AT1G45100	P	126
OG0000207	AT1G45100	U	9
OG0000207	AT3G10845	F	20
OG0000207	AT3G10845	P	23
OG0000207	AT3G10845	U	93
OG0000207	AT5G41690	P	136
OG0000210	AT1G54470	P	8
OG0000210	AT1G54470	U	128
OG0000210	AT1G74170	P	134
OG0000210	AT1G74180	P	136
OG0000210	AT1G74190	P	136
OG0000210	AT1G74200	P	21
OG0000210	AT1G74200	U	114
OG0000210	AT2G25470	P	8
OG0000210	AT2G25470	U	128
OG0000210	AT5G49290	F	7
OG0000210	AT5G49290	P	93
OG0000210	AT5G49290	U	36
OG0000213	AT2G36110	P	21
OG0000213	AT2G36110	U	115
OG0000213	AT3G12410	U	136
OG0000213	AT3G12420	P	136
OG0000213	AT3G12430	P	136
OG0000213	AT3G12440	F	2
OG0000213	AT3G12440	P	16
OG0000213	AT3G12440	U	118
OG0000213	AT3G12460	F	1
OG0000213	AT3G12460	P	7
OG0000213	AT3G12460	U	128
OG0000213	AT3G12470	P	21
OG0000213	AT3G12470	U	115
OG0000217	AT4G03635	P	4
OG0000217	AT4G03635	U	128
OG0000217	AT4G05460	P	136
OG0000217	AT4G05470	P	136
OG0000217	AT4G05475	P	136
OG0000220	AT1G69090	F	44
OG0000220	AT1G69090	P	33
OG0000220	AT1G69090	U	59
OG0000220	AT4G14165	P	136
OG0000220	AT4G22035	F	4
OG0000220	AT4G22035	P	61
OG0000220	AT4G22035	U	71
OG0000220	AT4G22060	F	59
OG0000220	AT4G22060	P	2
OG0000220	AT4G22060	U	75
OG0000220	AT4G22165	F	2
OG0000220	AT4G22165	P	4
OG0000220	AT4G22165	U	130
OG0000220	AT4G22170	P	48
OG0000220	AT4G22170	U	86
OG0000220	AT4G22180	F	1
OG0000220	AT4G22180	P	24
OG0000220	AT4G22180	U	111
OG0000220	AT4G22660	P	23
OG0000220	AT4G22660	U	111
OG0000220	AT5G66830	P	87
OG0000220	AT5G66830	U	49
OG0000224	AT1G20400	P	76
OG0000228	AT1G66100	P	25
OG0000228	AT1G72260	P	136
OG0000228	AT2G15010	U	136
OG0000228	AT5G36910	P	123
OG0000242	AT5G03480	P	134
OG0000242	AT5G03495	P	135
OG0000248	AT4G04110	P	127
OG0000248	AT4G04110	U	9
OG0000253	AT4G39550	P	1
OG0000253	AT4G39550	U	135
OG0000253	AT4G39560	P	12
OG0000253	AT4G39560	U	124
OG0000255	AT3G31550	P	91
OG0000258	AT2G18780	F	21
OG0000258	AT2G18780	P	71
OG0000258	AT2G18780	U	44
OG0000258	AT3G16740	U	136
OG0000261	AT1G17150	F	1
OG0000261	AT1G17150	P	4
OG0000261	AT1G17150	U	129
OG0000261	AT1G43080	P	136
OG0000261	AT1G43090	P	264
OG0000261	AT1G43100	P	108
OG0000261	AT2G15450	F	19
OG0000261	AT2G15450	P	44
OG0000261	AT2G15450	U	73
OG0000261	AT2G15460	F	19
OG0000261	AT2G15460	P	93
OG0000261	AT2G15460	U	157
OG0000261	AT2G15470	F	1
OG0000261	AT2G15470	P	133
OG0000261	AT2G15470	U	124
OG0000261	AT2G26620	P	440
OG0000261	AT2G40310	F	6
OG0000261	AT2G40310	P	14
OG0000261	AT2G40310	U	116
OG0000261	AT4G13760	F	26
OG0000261	AT4G13760	P	58
OG0000261	AT4G13760	U	53
OG0000264	AT2G24980	F	20
OG0000264	AT2G24980	P	15
OG0000264	AT2G24980	U	102
OG0000264	AT4G08400	F	2
OG0000264	AT4G08400	P	109
OG0000264	AT4G08400	U	57
OG0000264	AT4G13390	F	25
OG0000264	AT4G13390	P	3
OG0000264	AT4G13390	U	86
OG0000264	AT5G06630	F	62
OG0000264	AT5G06630	P	50
OG0000264	AT5G06630	U	197
OG0000264	AT5G35190	F	21
OG0000264	AT5G35190	P	79
OG0000264	AT5G35190	U	36
OG0000266	AT4G36140	P	80
OG0000266	AT5G17890	F	1
OG0000266	AT5G17890	P	5
OG0000266	AT5G17890	U	72
OG0000266	AT5G45050	P	136
OG0000266	AT5G45260	P	6
OG0000266	AT5G45260	U	116
OG0000269	AT1G44050	F	2
OG0000269	AT1G44050	P	2
OG0000269	AT1G44050	U	125
OG0000269	AT1G53340	P	25
OG0000269	AT1G53340	U	110
OG0000269	AT2G13895	P	89
OG0000269	AT2G13895	U	11
OG0000269	AT2G13900	F	16
OG0000269	AT2G13900	P	12
OG0000269	AT2G13900	U	108
OG0000269	AT2G13950	F	3
OG0000269	AT2G13950	P	116
OG0000269	AT2G13950	U	15
OG0000269	AT3G26550	F	34
OG0000269	AT3G26550	P	20
OG0000269	AT3G26550	U	82
OG0000269	AT4G10370	P	58
OG0000269	AT4G10370	U	50
OG0000269	AT5G02330	F	7
OG0000269	AT5G02330	P	4
OG0000269	AT5G02330	U	40
OG0000269	AT5G02340	P	105
OG0000269	AT5G02340	U	123
OG0000269	AT5G02350	F	95
OG0000269	AT5G02350	P	31
OG0000269	AT5G02350	U	5
OG0000269	AT5G02360	P	141
OG0000269	AT5G46670	F	4
OG0000269	AT5G46670	P	22
OG0000269	AT5G46670	U	108
OG0000269	AT5G55770	F	1
OG0000269	AT5G55770	P	10
OG0000269	AT5G55770	U	103
OG0000269	AT5G55780	F	4
OG0000269	AT5G55780	P	14
OG0000269	AT5G55780	U	101
OG0000269	AT5G55800	P	111
OG0000269	AT5G55800	U	6
OG0000271	AT1G52430	P	136
OG0000271	AT1G52450	P	260
OG0000271	AT2G27630	P	135
OG0000271	AT2G27650	P	136
OG0000271	AT5G02660	F	16
OG0000271	AT5G02660	P	74
OG0000271	AT5G02660	U	45
OG0000271	AT5G51530	P	136
OG0000271	AT5G61940	A	1
OG0000271	AT5G61940	P	18
OG0000271	AT5G61940	U	117
OG0000271	AT5G61950	P	5
OG0000271	AT5G61950	U	131
OG0000272	AT5G23960	F	7
OG0000272	AT5G23960	P	12
OG0000272	AT5G23960	U	117
OG0000276	AT3G29790	P	136
OG0000276	AT3G33528	A	3
OG0000276	AT3G33528	P	244
OG0000276	AT3G43880	P	237
OG0000276	AT4G07526	A	3
OG0000276	AT4G07526	P	309
OG0000297	AT4G19720	P	136
OG0000297	AT4G19730	P	135
OG0000297	AT4G19740	P	135
OG0000297	AT4G19750	P	136
OG0000297	AT4G19760	P	19
OG0000297	AT4G19760	U	132
OG0000297	AT4G19770	P	135
OG0000297	AT4G19800	P	135
OG0000297	AT4G19810	P	136
OG0000297	AT4G19820	P	136
OG0000298	AT1G34490	F	1
OG0000298	AT1G34490	P	28
OG0000298	AT1G34490	U	107
OG0000298	AT1G34500	P	46
OG0000298	AT1G34500	U	84
OG0000298	AT1G34520	F	104
OG0000298	AT1G34520	P	31
OG0000298	AT1G34520	U	132
OG0000298	AT5G51420	P	7
OG0000298	AT5G51420	U	129
OG0000298	AT5G55320	P	3
OG0000298	AT5G55320	U	133
OG0000298	AT5G55330	F	3
OG0000298	AT5G55330	P	17
OG0000298	AT5G55330	U	116
OG0000298	AT5G55340	U	136
OG0000298	AT5G55350	F	14
OG0000298	AT5G55350	P	3
OG0000298	AT5G55350	U	119
OG0000298	AT5G55360	P	53
OG0000298	AT5G55360	U	83
OG0000299	AT3G08810	P	19
OG0000299	AT3G08810	U	117
OG0000299	AT3G09750	P	136
OG0000299	AT5G38670	P	9
OG0000299	AT5G38670	U	112
OG0000299	AT5G38680	F	7
OG0000299	AT5G38680	P	95
OG0000299	AT5G38680	U	34
OG0000299	AT5G51250	P	30
OG0000299	AT5G51250	U	106
OG0000319	AT1G72800	F	1
OG0000319	AT1G72800	P	21
OG0000319	AT1G72800	U	114
OG0000319	AT4G08730	P	133
OG0000320	AT3G04210	P	136
OG0000325	AT1G54550	F	1
OG0000325	AT1G54550	P	10
OG0000325	AT1G54550	U	125
OG0000325	AT1G59680	P	64
OG0000325	AT1G59680	U	3
OG0000325	AT1G66490	P	132
OG0000325	AT1G67450	F	1
OG0000325	AT1G67450	P	36
OG0000325	AT1G67450	U	99
OG0000325	AT1G67455	P	20
OG0000325	AT1G67455	U	102
OG0000325	AT3G13680	F	43
OG0000325	AT3G13680	P	9
OG0000325	AT3G13680	U	84
OG0000325	AT3G14030	P	136
OG0000325	AT3G49510	F	21
OG0000325	AT3G49510	P	1
OG0000325	AT3G49510	U	113
OG0000325	AT3G49520	F	31
OG0000325	AT3G49520	P	14
OG0000325	AT3G49520	U	91
OG0000325	AT4G17200	P	4
OG0000325	AT4G17200	U	132
OG0000329	AT1G58037	F	1
OG0000329	AT1G58037	P	25
OG0000329	AT1G58037	U	108
OG0000329	AT2G04500	F	1
OG0000329	AT2G04500	P	33
OG0000329	AT2G04500	U	102
OG0000329	AT3G06990	F	6
OG0000329	AT3G06990	P	103
OG0000329	AT3G06990	U	26
OG0000329	AT3G07000	F	25
OG0000329	AT3G07000	P	75
OG0000329	AT3G07000	U	105
OG0000329	AT3G25850	P	4
OG0000329	AT3G25850	U	132
OG0000329	AT4G14980	F	7
OG0000329	AT4G14980	P	13
OG0000329	AT4G14980	U	116
OG0000329	AT5G16430	P	22
OG0000329	AT5G16430	U	114
OG0000329	AT5G29624	P	23
OG0000329	AT5G29624	U	88
OG0000329	AT5G40320	F	4
OG0000329	AT5G40320	P	6
OG0000329	AT5G40320	U	126
OG0000329	AT5G44770	F	30
OG0000329	AT5G44770	P	4
OG0000329	AT5G44770	U	102
OG0000329	AT5G45730	F	36
OG0000329	AT5G45730	P	60
OG0000329	AT5G45730	U	40
OG0000329	AT5G54020	P	32
OG0000329	AT5G54020	U	18
OG0000329	AT5G54030	F	1
OG0000329	AT5G54030	P	132
OG0000329	AT5G54030	U	3
OG0000329	AT5G54040	P	2
OG0000329	AT5G54040	U	33
OG0000329	AT5G54050	P	150
OG0000338	AT1G11270	A	133
OG0000338	AT1G11270	U	4
OG0000339	AT1G05080	P	19
OG0000339	AT1G05080	U	117
OG0000339	AT5G40750	F	19
OG0000339	AT5G40750	P	45
OG0000339	AT5G40750	U	72
OG0000339	AT5G44850	P	60
OG0000339	AT5G44850	U	76
OG0000343	AT1G30140	P	88
OG0000343	AT1G30140	U	48
OG0000343	AT2G29880	F	1
OG0000343	AT2G29880	P	17
OG0000343	AT2G29880	U	21
OG0000343	AT5G27260	P	58
OG0000343	AT5G27260	U	65
OG0000343	AT5G28820	P	3
OG0000343	AT5G28820	U	132
OG0000343	AT5G29613	P	131
OG0000343	AT5G35540	P	24
OG0000343	AT5G35540	U	89
OG0000347	AT1G45063	P	136
OG0000347	AT3G53330	P	10
OG0000347	AT3G53330	U	126
OG0000347	AT4G01380	P	136
OG0000348	AT2G15042	A	1
OG0000348	AT2G15042	P	125
OG0000348	AT2G15042	U	10
OG0000348	AT2G15080	F	1
OG0000348	AT2G15080	P	24
OG0000348	AT2G15080	U	111
OG0000348	AT3G05650	F	21
OG0000348	AT3G05650	P	20
OG0000348	AT3G05650	U	95
OG0000348	AT3G05660	F	42
OG0000348	AT3G05660	P	1
OG0000348	AT3G05660	U	93
OG0000348	AT3G11010	F	63
OG0000348	AT3G11010	P	36
OG0000348	AT3G11010	U	37
OG0000348	AT3G11080	F	3
OG0000348	AT3G11080	P	57
OG0000348	AT3G11080	U	100
OG0000348	AT3G28890	F	2
OG0000348	AT3G28890	P	205
OG0000348	AT3G28890	U	34
OG0000348	AT5G25910	F	3
OG0000348	AT5G25910	P	42
OG0000348	AT5G25910	U	91
OG0000348	AT5G27060	F	61
OG0000348	AT5G27060	P	75
OG0000348	AT5G27060	U	100
OG0000360	AT1G70020	F	40
OG0000360	AT1G70020	P	2
OG0000360	AT1G70020	U	94
OG0000360	AT1G70040	F	3
OG0000360	AT1G70040	P	15
OG0000360	AT1G70040	U	118
OG0000360	AT1G70120	F	25
OG0000360	AT1G70120	P	2
OG0000360	AT1G70120	U	109
OG0000360	AT3G60700	P	4
OG0000360	AT3G60700	U	132
OG0000360	AT5G39330	P	13
OG0000360	AT5G39330	U	123
OG0000361	AT1G32430	P	132
OG0000361	AT1G47390	P	77
OG0000361	AT1G47390	U	59
OG0000361	AT2G14710	F	26
OG0000361	AT2G14710	P	6
OG0000361	AT2G14710	U	104
OG0000361	AT3G16580	F	1
OG0000361	AT3G16580	P	17
OG0000361	AT3G16580	U	118
OG0000367	AT1G73490	P	135
OG0000372	AT3G26190	P	136
OG0000372	AT3G26200	P	2
OG0000372	AT3G26200	U	133
OG0000372	AT3G44250	P	111
OG0000372	AT3G53280	U	136
OG0000372	AT3G53290	F	1
OG0000372	AT3G53290	P	9
OG0000372	AT3G53290	U	126
OG0000372	AT3G53300	F	24
OG0000372	AT3G53300	P	9
OG0000372	AT3G53300	U	103
OG0000372	AT3G53305	P	70
OG0000372	AT3G53305	U	66
OG0000372	AT5G35715	P	49
OG0000372	AT5G35715	U	87
OG0000375	AT5G42905	P	121
OG0000382	AT2G44030	F	1
OG0000382	AT2G44030	P	70
OG0000382	AT2G44030	U	65
OG0000382	AT2G45406	A	3
OG0000382	AT2G45406	F	102
OG0000382	AT2G45406	P	10
OG0000382	AT2G45406	U	21
OG0000382	AT3G46050	F	1
OG0000382	AT3G46050	P	44
OG0000382	AT3G46050	U	91
OG0000382	AT5G02990	P	10
OG0000382	AT5G02990	U	125
OG0000382	AT5G02995	F	2
OG0000382	AT5G02995	P	128
OG0000382	AT5G02995	U	6
OG0000382	AT5G03000	F	1
OG0000382	AT5G03000	U	134
OG0000382	AT5G03010	P	43
OG0000382	AT5G03010	U	93
OG0000382	AT5G03020	F	4
OG0000382	AT5G03020	P	58
OG0000382	AT5G03020	U	74
OG0000384	AT2G07190	F	12
OG0000384	AT2G07190	P	40
OG0000384	AT2G07190	U	77
OG0000384	AT2G07200	P	118
OG0000384	AT2G07200	U	8
OG0000384	AT4G04957	P	133
OG0000385	AT4G05553	F	6
OG0000385	AT4G05553	P	32
OG0000385	AT4G05553	U	97
OG0000386	AT1G33220	F	1
OG0000386	AT1G33220	P	23
OG0000386	AT1G33220	U	111
OG0000386	AT5G20330	P	2
OG0000386	AT5G20330	U	134
OG0000386	AT5G20340	F	1
OG0000386	AT5G20340	P	20
OG0000386	AT5G20340	U	115
OG0000386	AT5G20390	F	2
OG0000386	AT5G20390	P	25
OG0000386	AT5G20390	U	109
OG0000388	AT1G57650	P	17
OG0000388	AT1G57650	U	110
OG0000402	AT1G23810	U	136
OG0000402	AT1G24060	F	4
OG0000402	AT1G24060	P	64
OG0000402	AT1G24060	U	68
OG0000402	AT1G24230	P	135
OG0000402	AT1G24250	P	270
OG0000402	AT1G27260	F	26
OG0000402	AT1G27260	U	110
OG0000402	AT1G27270	F	1
OG0000402	AT1G27270	U	134
OG0000402	AT1G27280	P	8
OG0000402	AT1G27280	U	126
OG0000418	AT5G03390	P	91
OG0000418	AT5G03390	U	45
OG0000419	AT4G22280	P	136
OG0000422	AT2G37800	F	1
OG0000422	AT2G37800	P	3
OG0000422	AT2G37800	U	132
OG0000422	AT2G37805	U	136
OG0000422	AT2G37810	P	2
OG0000422	AT2G37810	U	134
OG0000422	AT2G37820	P	1
OG0000422	AT2G37820	U	135
OG0000432	AT4G05360	P	127
OG0000432	AT4G05360	U	9
OG0000434	AT1G49920	P	136
OG0000434	AT1G64253	F	20
OG0000434	AT1G64253	P	57
OG0000434	AT1G64253	U	54
OG0000434	AT1G64255	P	70
OG0000434	AT1G64255	U	62
OG0000434	AT1G64260	P	48
OG0000434	AT1G64260	U	58
OG0000440	AT1G30790	F	12
OG0000440	AT1G30790	P	29
OG0000440	AT1G30790	U	91
OG0000440	AT1G32660	P	49
OG0000440	AT1G32660	U	85
OG0000442	AT1G21835	P	4
OG0000442	AT1G21835	U	131
OG0000442	AT1G34792	F	2
OG0000442	AT1G34792	P	8
OG0000442	AT1G34792	U	127
OG0000442	AT1G34795	F	9
OG0000442	AT1G34795	P	18
OG0000442	AT1G34795	U	237
OG0000442	AT1G34800	F	10
OG0000442	AT1G34800	P	33
OG0000442	AT1G34800	U	333
OG0000442	AT1G34805	F	29
OG0000442	AT1G34805	P	30
OG0000442	AT1G34805	U	36
OG0000442	AT1G34810	F	35
OG0000442	AT1G34810	P	3
OG0000442	AT1G34810	U	14
OG0000442	AT1G34815	F	3
OG0000442	AT1G34815	P	2
OG0000442	AT1G34815	U	6
OG0000442	AT1G34820	F	2
OG0000442	AT1G34820	P	2
OG0000442	AT1G34820	U	6
OG0000442	AT1G34825	F	80
OG0000442	AT1G34825	P	74
OG0000442	AT1G34825	U	399
OG0000442	AT1G34830	F	75
OG0000442	AT1G34830	P	42
OG0000442	AT1G34830	U	164
OG0000442	AT1G34840	F	94
OG0000442	AT1G34840	P	35
OG0000442	AT1G34850	P	1
OG0000442	AT1G34860	P	3
OG0000442	AT1G34860	U	6
OG0000442	AT1G34930	P	9
OG0000442	AT1G34930	U	7
OG0000442	AT1G35035	F	12
OG0000442	AT1G35035	P	11
OG0000442	AT1G35035	U	25
OG0000445	AT1G36970	P	136
OG0000445	AT3G31560	F	4
OG0000445	AT3G31560	P	75
OG0000445	AT3G31560	U	11
OG0000445	AT4G05555	A	1
OG0000445	AT4G05555	P	137
OG0000448	AT1G14800	P	57
OG0000448	AT1G14800	U	78
OG0000448	AT3G30730	P	129
OG0000452	AT5G32613	F	5
OG0000452	AT5G32613	P	93
OG0000452	AT5G32613	U	36
OG0000453	AT1G06340	P	12
OG0000453	AT1G06340	U	124
OG0000473	AT1G35610	F	2
OG0000473	AT1G35610	P	31
OG0000473	AT1G35610	U	103
OG0000473	AT2G17590	P	9
OG0000473	AT2G17590	U	81
OG0000473	AT2G17600	P	13
OG0000473	AT2G17600	U	121
OG0000473	AT3G11370	P	8
OG0000473	AT3G11370	U	29
OG0000473	AT3G11385	F	52
OG0000473	AT3G11385	P	13
OG0000473	AT3G11385	U	71
OG0000473	AT3G11390	F	4
OG0000473	AT3G11390	P	16
OG0000473	AT3G11390	U	116
OG0000473	AT3G11402	F	2
OG0000473	AT3G11402	P	8
OG0000473	AT3G11402	U	126
OG0000473	AT3G13760	P	127
OG0000473	AT3G13760	U	9
OG0000473	AT3G59120	F	10
OG0000473	AT3G59120	P	53
OG0000473	AT3G59120	U	73
OG0000473	AT3G59130	P	136
OG0000473	AT5G17960	F	8
OG0000473	AT5G17960	P	6
OG0000473	AT5G17960	U	97
OG0000496	AT2G30680	P	93
OG0000496	AT2G30680	U	43
OG0000500	AT1G19260	F	1
OG0000500	AT1G19260	P	72
OG0000500	AT1G19260	U	62
OG0000500	AT1G41920	A	65
OG0000500	AT1G41920	P	84
OG0000500	AT1G42710	P	88
OG0000500	AT2G06541	P	237
OG0000500	AT3G29450	F	13
OG0000500	AT3G29450	P	211
OG0000500	AT3G29450	U	64
OG0000500	AT3G29763	F	2
OG0000500	AT3G29763	P	116
OG0000500	AT3G29763	U	134
OG0000500	AT3G29765	P	196
OG0000500	AT3G29765	U	143
OG0000500	AT3G31402	P	88
OG0000500	AT4G09660	P	352
OG0000500	AT4G09660	U	42
OG0000501	AT1G51370	F	2
OG0000501	AT1G51370	P	23
OG0000501	AT1G51370	U	110
OG0000501	AT5G53840	P	136
OG0000503	AT1G29355	P	136
OG0000503	AT1G43145	P	85
OG0000503	AT1G43145	U	23
OG0000504	AT1G35150	P	136
OG0000504	AT2G06500	P	134
OG0000504	AT2G16040	F	3
OG0000504	AT2G16040	P	79
OG0000504	AT2G16040	U	54
OG0000504	AT2G19960	P	25
OG0000504	AT2G19960	U	102
OG0000504	AT3G29638	P	83
OG0000504	AT3G29638	U	51
OG0000504	AT3G29794	F	4
OG0000504	AT3G29794	P	82
OG0000504	AT3G29794	U	50
OG0000504	AT4G10200	P	111
OG0000504	AT4G10200	U	19
OG0000504	AT4G10820	P	135
OG0000504	AT5G35475	P	136
OG0000510	AT3G27473	A	3
OG0000510	AT3G27473	P	35
OG0000510	AT3G27473	U	83
OG0000510	AT3G27480	P	110
OG0000510	AT3G27490	F	2
OG0000510	AT3G27490	P	31
OG0000510	AT3G27490	U	89
OG0000510	AT3G27500	F	17
OG0000510	AT3G27500	P	33
OG0000510	AT3G27500	U	64
OG0000510	AT3G27510	F	1
OG0000510	AT3G27510	P	32
OG0000510	AT3G27510	U	102
OG0000510	AT3G28650	P	10
OG0000510	AT3G28650	U	107
OG0000510	AT3G45530	P	78
OG0000510	AT3G45530	U	41
OG0000510	AT5G42840	P	8
OG0000510	AT5G42840	U	128
OG0000513	AT1G23037	P	6
OG0000513	AT1G23037	U	122
OG0000513	AT3G52320	F	2
OG0000513	AT3G52320	P	12
OG0000513	AT3G52320	U	121
OG0000513	AT3G52330	P	135
OG0000513	AT3G52510	P	136
OG0000534	AT1G75830	U	136
OG0000534	AT2G26010	P	3
OG0000534	AT2G26010	U	128
OG0000534	AT2G26020	U	130
OG0000534	AT5G44420	P	136
OG0000534	AT5G44430	P	129
OG0000535	AT1G60500	F	2
OG0000535	AT1G60500	P	23
OG0000535	AT1G60500	U	94
OG0000535	AT1G60530	P	108
OG0000546	AT1G67160	P	136
OG0000546	AT3G03726	P	136
OG0000546	AT3G03730	P	15
OG0000546	AT3G03730	U	121
OG0000546	AT3G22333	P	6
OG0000546	AT3G22333	U	130
OG0000546	AT3G22345	P	55
OG0000546	AT3G22345	U	80
OG0000546	AT4G12810	F	42
OG0000546	AT4G12810	P	32
OG0000546	AT4G12810	U	62
OG0000546	AT4G12820	P	136
OG0000549	AT2G18620	P	21
OG0000549	AT2G18620	U	115
OG0000549	AT2G18640	P	2
OG0000549	AT2G18640	U	134
OG0000549	AT2G23800	U	136
OG0000549	AT4G36810	P	136
OG0000589	AT2G11035	P	28
OG0000589	AT2G11035	U	65
OG0000591	AT1G06740	F	23
OG0000591	AT1G06740	U	113
OG0000594	AT1G23201	P	5
OG0000594	AT1G23201	U	131
OG0000594	AT1G36325	P	102
OG0000598	AT1G24090	F	7
OG0000598	AT1G24090	U	128
OG0000598	AT3G01410	P	135
OG0000598	AT5G51080	P	136
OG0000599	AT2G18770	P	113
OG0000599	AT2G18770	U	23
OG0000599	AT5G05670	P	136
OG0000601	AT4G16857	A	1
OG0000601	AT4G16857	P	128
OG0000601	AT4G16860	A	4
OG0000601	AT4G16860	P	181
OG0000601	AT4G16880	A	5
OG0000601	AT4G16880	F	14
OG0000601	AT4G16880	P	39
OG0000601	AT4G16880	U	18
OG0000601	AT4G16890	P	265
OG0000601	AT4G16900	A	8
OG0000601	AT4G16900	P	126
OG0000601	AT4G16920	P	364
OG0000601	AT4G16940	P	331
OG0000601	AT4G16950	P	398
OG0000601	AT4G16957	A	51
OG0000601	AT4G16957	P	113
OG0000601	AT4G16960	P	230
OG0000601	AT5G51630	P	32
OG0000601	AT5G51630	U	54
OG0000605	AT1G25141	F	2
OG0000605	AT1G25141	P	74
OG0000605	AT1G25141	U	60
OG0000605	AT3G25460	P	99
OG0000605	AT3G25460	U	37
OG0000605	AT5G47300	F	1
OG0000605	AT5G47300	P	99
OG0000605	AT5G47300	U	36
OG0000606	AT5G25850	F	12
OG0000606	AT5G25850	P	28
OG0000606	AT5G25850	U	96
OG0000606	AT5G53635	P	136
OG0000606	AT5G53640	F	1
OG0000606	AT5G53640	P	126
OG0000606	AT5G53640	U	9
OG0000618	AT1G32375	F	5
OG0000618	AT1G32375	P	14
OG0000618	AT1G32375	U	116
OG0000618	AT5G50270	P	23
OG0000618	AT5G50270	U	112
OG0000618	AT5G56390	P	136
OG0000620	AT3G23010	P	45
OG0000620	AT3G23010	U	72
OG0000620	AT3G23110	F	2
OG0000620	AT3G23110	P	65
OG0000620	AT3G23110	U	52
OG0000620	AT3G23120	P	18
OG0000620	AT3G23120	U	94
OG0000621	AT1G31150	P	5
OG0000621	AT1G31150	U	131
OG0000639	AT1G71390	P	4
OG0000639	AT1G71390	U	124
OG0000639	AT1G71400	F	10
OG0000639	AT1G71400	U	126
OG0000679	AT1G50190	P	136
OG0000679	AT1G55380	P	76
OG0000679	AT1G55380	U	60
OG0000679	AT1G55390	F	36
OG0000679	AT1G55390	P	30
OG0000679	AT1G55390	U	65
OG0000679	AT1G55420	F	7
OG0000679	AT1G55420	P	90
OG0000679	AT1G55420	U	110
OG0000679	AT1G55430	F	27
OG0000679	AT1G55430	P	18
OG0000679	AT1G55430	U	91
OG0000679	AT1G55440	F	2
OG0000679	AT1G55440	P	57
OG0000679	AT1G55440	U	76
OG0000679	AT1G55700	P	127
OG0000679	AT1G55700	U	8
OG0000679	AT2G23100	F	28
OG0000679	AT2G23100	P	22
OG0000679	AT2G23100	U	86
OG0000679	AT5G42280	P	128
OG0000692	AT2G24870	F	111
OG0000692	AT2G24870	P	24
OG0000692	AT2G24880	P	25
OG0000692	AT2G24880	U	94
OG0000692	AT3G26860	P	4
OG0000692	AT3G26860	U	125
OG0000692	AT3G26870	F	9
OG0000692	AT3G26870	P	13
OG0000692	AT3G26870	U	114
OG0000692	AT3G27329	P	5
OG0000692	AT3G27329	U	131
OG0000692	AT3G27331	F	12
OG0000692	AT3G27331	P	12
OG0000692	AT3G27331	U	218
OG0000692	AT3G27680	P	46
OG0000692	AT3G27680	U	90
OG0000712	AT2G23142	F	15
OG0000712	AT2G23142	P	16
OG0000712	AT2G23142	U	105
OG0000712	AT2G23148	P	5
OG0000712	AT2G23148	U	131
OG0000712	AT5G38435	P	6
OG0000712	AT5G38435	U	130
OG0000712	AT5G38440	P	13
OG0000712	AT5G38440	U	123
OG0000720	AT5G60840	P	136
OG0000724	AT4G03566	F	2
OG0000724	AT4G03566	P	38
OG0000724	AT4G03566	U	96
OG0000724	AT5G19270	P	136
OG0000725	AT3G44780	P	135
OG0000728	AT1G52990	A	6
OG0000728	AT1G52990	P	119
OG0000728	AT3G23320	P	24
OG0000728	AT3G23320	U	52
OG0000728	AT5G44470	P	10
OG0000728	AT5G44470	U	126
OG0000728	AT5G52115	A	137
OG0000728	AT5G65005	F	1
OG0000728	AT5G65005	P	54
OG0000728	AT5G65005	U	81
OG0000731	AT1G47730	F	1
OG0000731	AT1G47730	P	5
OG0000731	AT1G47730	U	128
OG0000731	AT1G47765	P	136
OG0000731	AT1G47790	F	8
OG0000731	AT1G47790	P	28
OG0000731	AT1G47790	U	64
OG0000731	AT1G48060	P	6
OG0000731	AT1G48060	U	130
OG0000731	AT1G50870	F	23
OG0000731	AT1G50870	P	63
OG0000731	AT1G50870	U	50
OG0000731	AT1G50880	F	5
OG0000731	AT1G50880	P	17
OG0000731	AT1G50880	U	114
OG0000731	AT3G10240	P	38
OG0000731	AT3G10240	U	98
OG0000736	AT2G43220	P	5
OG0000736	AT2G43220	U	131
OG0000736	AT4G01740	F	15
OG0000736	AT4G01740	P	31
OG0000736	AT4G01740	U	27
OG0000736	AT4G01760	F	7
OG0000736	AT4G01760	P	19
OG0000736	AT4G01760	U	108
OG0000736	AT4G01910	F	1
OG0000736	AT4G01910	U	19
OG0000736	AT4G01920	P	6
OG0000736	AT4G01920	U	14
OG0000736	AT4G01925	P	160
OG0000736	AT4G01930	P	30
OG0000736	AT4G01930	U	27
OG0000736	AT4G02190	P	7
OG0000736	AT4G02190	U	129
OG0000736	AT4G11390	P	2
OG0000736	AT4G11390	U	133
OG0000736	AT4G11540	F	39
OG0000736	AT4G11540	P	49
OG0000736	AT4G11540	U	29
OG0000736	AT4G11550	F	1
OG0000736	AT4G11550	P	17
OG0000736	AT4G11550	U	99
OG0000739	AT1G54775	P	2
OG0000739	AT1G54775	U	107
OG0000739	AT1G58242	P	72
OG0000739	AT1G58242	U	65
OG0000739	AT1G58245	F	6
OG0000739	AT1G58245	P	14
OG0000739	AT1G58245	U	116
OG0000739	AT1G58248	F	7
OG0000739	AT1G58248	P	23
OG0000739	AT1G58248	U	138
OG0000739	AT3G24465	F	47
OG0000739	AT3G24465	P	4
OG0000739	AT3G24465	U	87
OG0000739	AT5G34828	F	21
OG0000739	AT5G34828	P	99
OG0000739	AT5G34828	U	79
OG0000739	AT5G36720	F	90
OG0000739	AT5G36720	P	78
OG0000739	AT5G36720	U	196
OG0000739	AT5G36805	F	81
OG0000739	AT5G36805	P	43
OG0000739	AT5G36805	U	5
OG0000739	AT5G38378	F	3
OG0000739	AT5G38378	P	11
OG0000739	AT5G38378	U	113
OG0000761	AT1G24807	P	136
OG0000761	AT1G24909	P	146
OG0000761	AT1G25083	P	153
OG0000761	AT1G25155	P	14
OG0000761	AT1G25220	P	167
OG0000761	AT5G57890	P	136
OG0000792	AT3G29670	U	136
OG0000817	AT3G05450	P	103
OG0000822	AT3G20980	P	16
OG0000822	AT3G20980	U	118
OG0000822	AT3G21000	U	136
OG0000846	AT4G35670	F	2
OG0000846	AT4G35670	P	3
OG0000846	AT4G35670	U	131
OG0000846	AT5G27530	F	1
OG0000846	AT5G27530	P	7
OG0000846	AT5G27530	U	128
OG0000846	AT5G44830	P	136
OG0000846	AT5G44840	P	136
OG0000857	AT1G35710	F	57
OG0000857	AT1G35710	P	45
OG0000857	AT1G35710	U	34
OG0000857	AT4G08850	P	136
OG0000862	AT3G29785	P	113
OG0000865	AT3G53690	P	136
OG0000887	AT5G67360	U	135
OG0000893	AT3G32960	F	5
OG0000893	AT3G32960	P	19
OG0000893	AT3G32960	U	99
OG0000907	AT4G31640	P	26
OG0000907	AT4G31640	U	102
OG0000907	AT4G31650	P	4
OG0000907	AT4G31650	U	132
OG0000907	AT4G31680	P	136
OG0000907	AT4G31685	P	136
OG0000907	AT4G31690	P	136
OG0000913	AT1G18760	F	50
OG0000913	AT1G18760	U	86
OG0000913	AT1G18770	P	135
OG0000913	AT1G21960	P	6
OG0000913	AT1G21960	U	130
OG0000913	AT2G29840	A	69
OG0000913	AT2G29840	P	67
OG0000929	AT1G27030	F	54
OG0000929	AT1G27030	P	3
OG0000929	AT1G27030	U	79
OG0000949	AT5G26865	P	14
OG0000949	AT5G26865	U	122
OG0000949	AT5G26950	F	14
OG0000949	AT5G26950	P	124
OG0000949	AT5G26950	U	134
OG0000949	AT5G27050	F	203
OG0000949	AT5G27050	P	161
OG0000949	AT5G27050	U	40
OG0000949	AT5G27070	F	22
OG0000949	AT5G27070	P	260
OG0000949	AT5G27070	U	193
OG0000949	AT5G27090	F	34
OG0000949	AT5G27090	P	36
OG0000949	AT5G27090	U	164
OG0000949	AT5G27580	F	5
OG0000949	AT5G27580	P	393
OG0000949	AT5G27580	U	249
OG0000949	AT5G27944	F	5
OG0000949	AT5G27944	P	337
OG0000949	AT5G27944	U	254
OG0000962	AT2G27410	P	108
OG0000962	AT2G27410	U	24
OG0000962	AT2G31420	P	10
OG0000962	AT2G31420	U	126
OG0000962	AT2G31460	P	4
OG0000962	AT2G31460	U	131
OG0000962	AT2G32645	P	136
OG0000962	AT2G32905	U	136
OG0001007	AT3G25180	P	136
OG0001019	AT3G59700	P	5
OG0001019	AT3G59700	U	131
OG0001019	AT3G59730	P	7
OG0001019	AT3G59730	U	129
OG0001019	AT3G59740	F	9
OG0001019	AT3G59740	P	78
OG0001019	AT3G59740	U	49
OG0001019	AT3G59750	F	78
OG0001019	AT3G59750	P	59
OG0001038	AT2G02610	F	12
OG0001038	AT2G02610	P	3
OG0001038	AT2G02610	U	121
OG0001038	AT2G02620	P	17
OG0001038	AT2G02620	U	88
OG0001038	AT2G02630	F	15
OG0001038	AT2G02630	P	14
OG0001038	AT2G02630	U	71
OG0001038	AT2G02640	F	7
OG0001038	AT2G02640	P	13
OG0001038	AT2G02640	U	180
OG0001038	AT2G02680	F	7
OG0001038	AT2G02680	P	2
OG0001038	AT2G02680	U	84
OG0001038	AT2G02690	F	31
OG0001038	AT2G02690	P	75
OG0001038	AT2G02690	U	23
OG0001038	AT2G02700	F	9
OG0001038	AT2G02700	P	83
OG0001038	AT2G02700	U	42
OG0001079	AT5G18880	F	1
OG0001079	AT5G18880	P	25
OG0001079	AT5G18880	U	63
OG0001115	AT1G34560	F	21
OG0001115	AT1G34560	P	16
OG0001115	AT1G34560	U	99
OG0001115	AT1G35353	F	1
OG0001115	AT1G35353	P	8
OG0001115	AT1G35353	U	126
OG0001115	AT1G35365	F	1
OG0001115	AT1G35365	P	16
OG0001115	AT1G35365	U	117
OG0001115	AT3G27900	F	24
OG0001115	AT3G27900	P	10
OG0001115	AT3G27900	U	102
OG0001127	AT1G52603	P	128
OG0001127	AT1G67235	P	22
OG0001127	AT1G67235	U	22
OG0001127	AT5G33393	P	119
OG0001132	AT5G38350	F	33
OG0001132	AT5G38350	P	50
OG0001132	AT5G38350	U	53
OG0001135	AT1G36230	P	133
OG0001136	AT2G38590	P	22
OG0001136	AT2G38590	U	102
OG0001136	AT4G33290	F	1
OG0001136	AT4G33290	P	94
OG0001136	AT4G33290	U	41
OG0001136	AT5G41490	F	6
OG0001136	AT5G41490	P	38
OG0001136	AT5G41490	U	92
OG0001136	AT5G41500	F	4
OG0001136	AT5G41500	P	14
OG0001136	AT5G41500	U	118
OG0001136	AT5G41510	P	11
OG0001136	AT5G41510	U	125
OG0001139	AT1G66045	F	3
OG0001139	AT1G66045	P	37
OG0001139	AT1G66045	U	93
OG0001139	AT4G03040	P	2
OG0001139	AT4G03040	U	133
OG0001139	AT5G33330	P	134
OG0001188	AT5G25980	F	2
OG0001188	AT5G25980	P	22
OG0001188	AT5G25980	U	112
OG0001188	AT5G26000	P	136
OG0001188	AT5G48375	P	136
OG0001196	AT2G43745	P	16
OG0001196	AT2G43745	U	91
OG0001202	AT1G61563	U	136
OG0001202	AT1G61566	F	136
OG0001202	AT1G61566	U	135
OG0001202	AT2G22055	P	2
OG0001202	AT2G22055	U	134
OG0001262	AT3G18330	F	7
OG0001262	AT3G18330	P	6
OG0001262	AT3G18330	U	123
OG0001262	AT3G18910	F	4
OG0001262	AT3G18910	P	7
OG0001262	AT3G18910	U	125
OG0001262	AT3G19410	P	75
OG0001262	AT3G19410	U	61
OG0001318	AT5G38360	P	136
OG0001336	AT4G27660	P	136
OG0001336	AT5G54148	P	136
OG0001336	AT5G54150	P	136
OG0001349	AT1G26510	P	24
OG0001349	AT1G26510	U	108
OG0001349	AT1G26515	P	17
OG0001349	AT1G26515	U	117
OG0001349	AT1G31000	P	135
OG0001349	AT4G11590	P	39
OG0001349	AT4G11590	U	97
OG0001349	AT5G15660	F	2
OG0001349	AT5G15660	P	8
OG0001349	AT5G15660	U	125
OG0001349	AT5G15670	P	17
OG0001349	AT5G15670	U	119
OG0001363	AT1G40083	P	135
OG0001392	AT5G18720	P	133
OG0001392	AT5G18720	U	3
OG0001392	AT5G18730	P	60
OG0001392	AT5G18730	U	76
OG0001395	AT1G62170	P	129
OG0001395	AT1G62170	U	4
OG0001395	AT2G14540	P	134
OG0001398	AT1G67020	A	1
OG0001398	AT1G67020	P	4
OG0001398	AT1G67020	U	20
OG0001400	AT2G27320	P	7
OG0001400	AT2G27320	U	129
OG0001400	AT2G35250	P	136
OG0001400	AT2G38255	P	136
OG0001400	AT4G17505	P	136
OG0001401	AT2G31425	P	1
OG0001401	AT2G31425	U	135
OG0001401	AT2G31430	P	2
OG0001401	AT2G31430	U	134
OG0001401	AT3G55680	P	136
OG0001408	AT5G28950	P	34
OG0001408	AT5G28950	U	101
OG0001408	AT5G35695	P	57
OG0001408	AT5G35695	U	79
OG0001411	AT5G64450	P	14
OG0001411	AT5G64450	U	122
OG0001412	AT5G57020	U	136
OG0001688	AT1G57570	P	23
OG0001688	AT1G57570	U	112
OG0001688	AT1G60095	F	7
OG0001688	AT1G60095	P	29
OG0001688	AT1G60095	U	94
OG0001688	AT1G60110	P	25
OG0001688	AT1G60110	U	98
OG0001688	AT1G60130	P	79
OG0001688	AT1G60130	U	56
OG0001688	AT1G61230	F	10
OG0001688	AT1G61230	P	98
OG0001688	AT1G61230	U	28
OG0001688	AT5G38540	P	133
OG0001688	AT5G38550	P	142
OG0001769	AT2G16505	P	135
OG0001769	AT2G16535	P	136
OG0001769	AT5G61605	P	136
OG0001813	AT3G10510	P	136
OG0001813	AT4G38940	U	136
OG0001820	AT3G45840	P	119
OG0001820	AT3G48400	F	22
OG0001820	AT3G48400	P	5
OG0001820	AT3G48400	U	109
OG0001820	AT4G01350	F	23
OG0001820	AT4G01350	P	6
OG0001820	AT4G01350	U	107
OG0001820	AT5G22355	F	28
OG0001820	AT5G22355	P	3
OG0001820	AT5G22355	U	105
OG0001820	AT5G59920	F	47
OG0001820	AT5G59920	P	16
OG0001820	AT5G59920	U	94
OG0001820	AT5G59930	F	21
OG0001820	AT5G59930	P	10
OG0001820	AT5G59930	U	92
OG0001820	AT5G59940	F	21
OG0001820	AT5G59940	P	1
OG0001820	AT5G59940	U	101
OG0001841	AT5G62510	P	18
OG0001841	AT5G62510	U	118
OG0001841	AT5G62660	P	123
OG0001841	AT5G62660	U	13
OG0001885	AT1G48145	F	134
OG0001885	AT1G48145	P	2
OG0001885	AT1G50745	P	136
OG0001885	AT1G50750	P	136
OG0001885	AT1G50760	F	134
OG0001885	AT1G50760	P	2
OG0001885	AT1G50770	P	131
OG0001885	AT1G50790	F	23
OG0001885	AT1G50790	P	10
OG0001885	AT1G50790	U	100
OG0001885	AT1G50820	A	101
OG0001885	AT1G50820	P	34
OG0001893	AT1G43415	F	16
OG0001893	AT1G43415	P	17
OG0001893	AT1G43415	U	91
OG0001901	AT4G11485	P	136
OG0001901	AT4G11760	F	9
OG0001901	AT4G11760	U	127
OG0001911	AT3G59070	A	136
OG0001911	AT5G48750	P	22
OG0001911	AT5G48750	U	114
OG0001918	AT5G38270	P	2
OG0001918	AT5G38270	U	32
OG0001923	AT3G58820	P	45
OG0001923	AT3G58820	U	91
OG0001927	AT1G65190	P	21
OG0001927	AT1G65190	U	12
OG0001927	AT1G65250	F	25
OG0001927	AT1G65250	P	60
OG0001927	AT1G65250	U	20
OG0001927	AT1G67470	F	3
OG0001927	AT1G67470	P	96
OG0001927	AT1G67470	U	30
OG0001928	AT1G53550	F	3
OG0001928	AT1G53550	P	13
OG0001928	AT1G53550	U	120
OG0001928	AT1G53815	P	67
OG0001928	AT1G53815	U	69
OG0001928	AT1G55070	F	5
OG0001928	AT1G55070	P	2
OG0001928	AT1G55070	U	129
OG0001928	AT1G61060	P	136
OG0001929	AT1G65050	P	116
OG0001929	AT1G65150	P	136
OG0001929	AT1G65370	P	130
OG0002178	AT3G09160	A	1
OG0002178	AT3G09160	P	135
OG0002370	AT2G24615	P	11
OG0002370	AT2G24615	U	125
OG0002370	AT2G24625	A	145
OG0002370	AT5G39365	A	1
OG0002370	AT5G39365	P	113
OG0002564	AT3G60470	F	6
OG0002564	AT3G60470	P	6
OG0002564	AT3G60470	U	124
OG0002742	AT3G09330	P	136
OG0002742	AT3G09340	P	183
OG0002742	AT5G02170	F	21
OG0002742	AT5G02170	P	16
OG0002742	AT5G02170	U	99
OG0002742	AT5G02180	F	22
OG0002742	AT5G02180	P	1
OG0002742	AT5G02180	U	113
OG0002810	AT1G33610	F	12
OG0002810	AT1G33610	U	124
OG0002810	AT1G33670	F	1
OG0002810	AT1G33670	P	20
OG0002810	AT1G33670	U	115
OG0002829	AT5G28720	P	68
OG0002829	AT5G28720	U	59
OG0002829	AT5G28730	P	99
OG0002829	AT5G28730	U	29
OG0002867	AT2G42455	P	136
OG0002883	AT2G03913	P	10
OG0002883	AT2G03913	U	123
OG0002883	AT2G03931	P	7
OG0002883	AT2G03931	U	43
OG0002883	AT2G03933	U	50
OG0002883	AT2G03936	F	11
OG0002883	AT2G03936	P	32
OG0002883	AT2G03936	U	51
OG0002883	AT2G03937	F	57
OG0002883	AT2G03937	U	28
OG0002883	AT2G03955	P	3
OG0002883	AT2G03955	U	102
OG0002883	AT2G34123	F	12
OG0002883	AT2G34123	P	13
OG0002883	AT2G34123	U	111
OG0002891	AT1G47770	P	29
OG0002891	AT1G47770	U	43
OG0002891	AT3G01345	P	16
OG0002891	AT3G01345	U	27
OG0002891	AT5G01080	P	30
OG0002891	AT5G01080	U	106
OG0002891	AT5G35760	F	15
OG0002891	AT5G35760	P	20
OG0002891	AT5G35760	U	101
OG0002892	AT1G60300	F	16
OG0002892	AT1G60300	P	38
OG0002892	AT1G60300	U	82
OG0002892	AT1G60340	F	187
OG0002892	AT1G60340	P	50
OG0002892	AT1G60350	F	1
OG0002892	AT1G60350	P	10
OG0002892	AT1G60350	U	127
OG0002892	AT1G60380	P	75
OG0002892	AT1G60380	U	62
OG0002893	AT5G28160	F	3
OG0002893	AT5G28160	P	41
OG0002893	AT5G28160	U	74
OG0002893	AT5G28180	F	17
OG0002893	AT5G28180	P	47
OG0002893	AT5G28180	U	53
OG0002919	AT1G21925	P	5
OG0002919	AT1G21925	U	131
OG0002919	AT1G21928	P	1
OG0002919	AT1G21928	U	133
OG0003409	AT5G43290	P	136
OG0003680	AT2G40790	P	136
OG0003687	AT1G47620	F	5
OG0003687	AT1G47620	P	5
OG0003687	AT1G47620	U	126
OG0003687	AT1G66030	P	4
OG0003687	AT1G66030	U	122
OG0003691	AT1G11145	P	136
OG0003730	AT5G22660	P	134
OG0003730	AT5G22700	F	107
OG0003730	AT5G22700	P	29
OG0003767	AT2G21930	U	136
OG0003767	AT5G44220	F	36
OG0003767	AT5G44220	P	97
OG0003767	AT5G44220	U	3
OG0003807	AT3G42170	U	136
OG0003808	AT3G60980	U	90
OG0003820	AT5G17080	P	34
OG0003820	AT5G17080	U	79
OG0003820	AT5G17140	P	9
OG0003820	AT5G17140	U	124
OG0004081	AT3G21170	F	13
OG0004081	AT3G21170	P	15
OG0004081	AT3G21170	U	108
OG0004132	AT1G64030	P	136
OG0004303	AT1G55947	P	2
OG0004303	AT1G55947	U	134
OG0004303	AT2G16810	F	2
OG0004303	AT2G16810	P	66
OG0004303	AT2G16810	U	68
OG0004694	AT5G18160	F	1
OG0004694	AT5G18160	P	27
OG0004694	AT5G18160	U	108
OG0004872	AT5G42232	P	2
OG0004872	AT5G42232	U	134
OG0005764	AT1G53790	F	118
OG0005764	AT1G53790	P	18
