"family_id","estimate","std.error","statistic","p.value","r.squared","adj.r.squared","technical_var","q.value"
"OG0000009",5.11820255632845,1.84444802763346,2.77492370598016,0.00632318338819317,0.071227557159512,0.050119092549501,"busco_complete_pct",0.496369895973164
"OG0000012",2.06181075607093,1.82773922133804,1.12806615517148,0.261338174615275,0.0879787878325929,0.0672510330106064,"busco_complete_pct",0.91758715984512
"OG0000015",2.05383614528889,1.89760545949555,1.08233043650437,0.281078949123872,0.0169212266315783,-0.00542147276315852,"busco_complete_pct",0.91758715984512
"OG0000016",0.341166698372175,1.70548935273508,0.200040356643123,0.84175687461281,0.205901269855773,0.187853571443404,"busco_complete_pct",0.987251929837137
"OG0000022",-2.86568296943038,1.87069210357082,-1.53188382201448,0.127944266789175,0.0446090949591464,0.0228956652991269,"busco_complete_pct",0.906745179617934
"OG0000024",-4.08468324698438,1.85661066382503,-2.20007529126707,0.0295414643122374,0.0589381717305298,0.0375504029062237,"busco_complete_pct",0.630008348203102
"OG0000027",1.95770774692232,1.65386276777857,1.18371837437991,0.238651870570608,0.253249680177747,0.236278081999968,"busco_complete_pct",0.909463630019226
"OG0000029",2.8899933299131,1.82027832401886,1.58766562881027,0.11475449474352,0.0954093976674218,0.0748505203416815,"busco_complete_pct",0.89352288289284
"OG0000030",1.92322171398292,1.87256402864829,1.02705257847508,0.306274083788534,0.0426960971013039,0.0209391902172427,"busco_complete_pct",0.91758715984512
"OG0000039",1.8433372365463,1.87809310027844,0.981494067718482,0.32814467194501,0.037034537843467,0.0151489591580913,"busco_complete_pct",0.91758715984512
"OG0000040",2.19179506891233,1.89878047465585,1.15431725687488,0.250455686227545,0.0157033864413092,-0.00666699113957003,"busco_complete_pct",0.914454482272664
"OG0000042",-0.540154615837592,1.87558901008145,-0.287991992347052,0.773804556394328,0.0396006990492186,0.0177734422094281,"busco_complete_pct",0.987251929837137
"OG0000045",-2.08363448862284,1.16164495444245,-1.79369305625995,0.075151506117775,0.631596881823843,0.623224083683476,"busco_complete_pct",0.786585764032712
"OG0000046",-0.227521410047998,1.91002061392339,-0.119119871476488,0.905361483701668,0.0040154871343376,-0.0186205245217002,"busco_complete_pct",0.987251929837137
"OG0000047",0.964137999557,1.73244890922425,0.556517421335513,0.578799440602372,0.180597379716639,0.161974592892018,"busco_complete_pct",0.91758715984512
"OG0000049",-2.63596877569726,1.86936059834698,-1.41009111780154,0.160864767352948,0.045968650872566,0.0242861202105789,"busco_complete_pct",0.906745179617934
"OG0000054",3.99733108080676,1.84542945195454,2.16607092542773,0.0321023362141708,0.0702389010859897,0.0491079670197623,"busco_complete_pct",0.630008348203102
"OG0000060",-2.48199064515577,1.74297166499254,-1.42399942294323,0.156806274838763,0.170613178270705,0.151763477776857,"busco_complete_pct",0.906745179617934
"OG0000065",-3.55773985519556,1.75248825316467,-2.03010767619751,0.0443548200252306,0.16153158434775,0.142475483992017,"busco_complete_pct",0.633864615533794
"OG0000074",1.84807029427996,1.89896060788099,0.973200964048526,0.332233463405763,0.0155166213717113,-0.00685800086984067,"busco_complete_pct",0.91758715984512
"OG0000075",-0.625015814886001,1.90949139407214,-0.327320571763933,0.743943954647409,0.00456733641742254,-0.0180561332094542,"busco_complete_pct",0.987251929837137
"OG0000077",0.910209106439385,1.86590064445586,0.487812204333541,0.626492122733325,0.0494969692717374,0.027894627664277,"busco_complete_pct",0.945762146818577
"OG0000083",1.5791499738327,1.66675648751756,0.947438924437403,0.345146405262019,0.241560776373603,0.224323521291185,"busco_complete_pct",0.91758715984512
"OG0000087",-0.259329241550625,1.77303358082276,-0.146263017438331,0.883936894099289,0.141756745314118,0.12225121679853,"busco_complete_pct",0.987251929837137
"OG0000090",-0.874457803637187,1.53549225668452,-0.569496719915306,0.569986969401219,0.35631744669868,0.341688297760013,"busco_complete_pct",0.91758715984512
"OG0000093",0.993493556095932,1.82461084253046,0.54449613744381,0.587018760557867,0.0910981672923409,0.070441307458076,"busco_complete_pct",0.91758715984512
"OG0000095",-0.0353008382031259,1.90087730838693,-0.0185708136171513,0.985211527372647,0.013528257762847,-0.00889155456072466,"busco_complete_pct",0.991526985881446
"OG0000096",1.10782077231735,1.66235896803178,0.666414892102996,0.506309024939354,0.245557582718151,0.228411164143563,"busco_complete_pct",0.91758715984512
"OG0000100",0.347380040680393,1.90829323199647,0.182037034380173,0.855832918668842,0.0058161668414515,-0.0167789202757882,"busco_complete_pct",0.987251929837137
"OG0000103",-1.07121320997465,1.87505897707385,-0.571295742199187,0.568770623353414,0.040143431386175,0.0183285093722244,"busco_complete_pct",0.91758715984512
"OG0000106",-1.08173017666001,1.61187906537426,-0.671098843515811,0.50333021108556,0.290681337898642,0.274560459214521,"busco_complete_pct",0.91758715984512
"OG0000107",-1.3672408972943,1.82340984708469,-0.749826430673431,0.454693585574111,0.0922942883325977,0.0716646130674294,"busco_complete_pct",0.91758715984512
"OG0000118",1.88888626719743,1.74247656029997,1.08402391758559,0.280330212666424,0.171084298936456,0.152245305730467,"busco_complete_pct",0.91758715984512
"OG0000126",2.80233534214699,1.89040283726659,1.48240115117421,0.140617069131625,0.0243698846444844,0.00219647293185909,"busco_complete_pct",0.906745179617934
"OG0000141",2.130286087177,1.81147179620772,1.17599738049287,0.241712515719568,0.104141064314712,0.0837806339582285,"busco_complete_pct",0.909463630019226
"OG0000142",0.666038236123458,1.89975206851004,0.350592188930121,0.726453182893878,0.0146958121283739,-0.00769746486870848,"busco_complete_pct",0.98398293227062
"OG0000147",0.768754234380193,1.72703626314443,0.445129179268369,0.656955499858408,0.185709458999293,0.167202855794731,"busco_complete_pct",0.966729360056972
"OG0000150",-1.01080082842432,1.68480544703437,-0.599951068655167,0.549567377583282,0.225045878337518,0.207433284663371,"busco_complete_pct",0.91758715984512
"OG0000159",2.69740948074118,1.88402096529656,1.43173007648383,0.154584646146724,0.030946087876628,0.00892213532836961,"busco_complete_pct",0.906745179617934
"OG0000164",-1.7721155894886,1.89730003275451,-0.934019690557761,0.351999174958831,0.0172376616213261,-0.00509784606909824,"busco_complete_pct",0.91758715984512
"OG0000170",-2.04172247080858,1.8779948683442,-1.08718213517204,0.278937537690528,0.0371352692567463,0.0152519799216724,"busco_complete_pct",0.91758715984512
"OG0000182",2.32856834898389,1.82807612983333,1.27378084040526,0.20497939512208,0.0876425297820913,0.0669071327316844,"busco_complete_pct",0.906745179617934
"OG0000184",1.1027643064151,1.79920933700676,0.61291606470301,0.540986405655621,0.11622875083794,0.0961430406297118,"busco_complete_pct",0.91758715984512
"OG0000185",-0.0898702862820577,1.78504282663602,-0.05034629138362,0.959922539175004,0.130091134567506,0.11032047853495,"busco_complete_pct",0.987251929837137
"OG0000186",-0.32738344272414,1.60353074318864,-0.204164119780538,0.838539692101316,0.298009785891835,0.282055462843922,"busco_complete_pct",0.987251929837137
"OG0000192",-2.58544736022339,1.8989758286154,-1.36149566585506,0.175676511736021,0.0155008394539278,-0.00687414146757392,"busco_complete_pct",0.906745179617934
"OG0000196",-3.86289650347774,1.61813995496041,-2.38724499177962,0.0183929822905746,0.285160339754346,0.268913983839672,"busco_complete_pct",0.575703289374034
"OG0000199",1.29190704366123,1.83297702254285,0.704813550727982,0.482168021178708,0.0827440907641239,0.0618973655542175,"busco_complete_pct",0.91758715984512
"OG0000205",1.00815857883831,1.8749809811685,0.537690029373,0.59169641723742,0.0402232830878338,0.0184101758852846,"busco_complete_pct",0.91758715984512
"OG0000206",-0.494967109661215,1.77725803722894,-0.27850041991255,0.781064047455698,0.137662146686748,0.118063559111446,"busco_complete_pct",0.987251929837137
"OG0000210",1.50291205547569,1.900625390205,0.79074606875245,0.430510608164945,0.0137897093563182,-0.00862416088558371,"busco_complete_pct",0.91758715984512
"OG0000217",1.96728908981228,1.88744080771555,1.04230505230698,0.299175485621087,0.027424874997863,0.00532089488417808,"busco_complete_pct",0.91758715984512
"OG0000220",-1.02331692244289,1.91164623768302,-0.535306638995705,0.593338541896742,0.00231939539052659,-0.0203551638051431,"busco_complete_pct",0.91758715984512
"OG0000224",-0.319629201852311,1.81924990566429,-0.175692850584813,0.860804490143216,0.0964312576406083,0.0758956044051676,"busco_complete_pct",0.987251929837137
"OG0000228",0.0113674709820477,1.72433947515727,0.0065923625514697,0.994750046508413,0.188250522530895,0.169801670770234,"busco_complete_pct",0.994750046508413
"OG0000242",-0.113210452860516,1.88064697279058,-0.060197609917469,0.95208929364303,0.0344138337657758,0.0124686936240889,"busco_complete_pct",0.987251929837137
"OG0000255",-0.533365423309512,1.79781530728394,-0.296674202933169,0.767181553242684,0.117597714510226,0.0975431171127308,"busco_complete_pct",0.987251929837137
"OG0000261",4.21046626546118,1.7621392016756,2.38940616124849,0.018289704620245,0.152271269081589,0.133004707015262,"busco_complete_pct",0.575703289374034
"OG0000264",7.6395390970567,1.78647676528686,4.27631595635669,3.61758052769424e-05,0.12869296422938,0.108890531598229,"busco_complete_pct",0.00567960142847995
"OG0000266",1.09967647879552,1.82440874360612,0.602757733237949,0.547704025506719,0.0912995010842269,0.0706472170179594,"busco_complete_pct",0.91758715984512
"OG0000269",1.46849061850126,1.67101691396499,0.878800571214341,0.381106330754378,0.237678500455063,0.220353011829042,"busco_complete_pct",0.91758715984512
"OG0000271",-0.456570562472303,1.90488198842249,-0.239684434651202,0.810946692373834,0.00936737368769485,-0.0131470041830395,"busco_complete_pct",0.987251929837137
"OG0000276",-2.05410234372861,1.75260208979463,-1.17203006643072,0.243296002935079,0.161422651784441,0.142364075688633,"busco_complete_pct",0.909463630019226
"OG0000297",-2.32166304395319,1.82599679621036,-1.27144968094771,0.205804484083094,0.0897168598533364,0.069028606668185,"busco_complete_pct",0.906745179617934
"OG0000298",-0.998343512061111,1.90957774196346,-0.522808519455508,0.601983932892021,0.00447730673187467,-0.0181482090242191,"busco_complete_pct",0.91758715984512
"OG0000299",1.87877387753734,1.51534095148817,1.2398357450132,0.21723574856093,0.373101549163002,0.358853857098524,"busco_complete_pct",0.909463630019226
"OG0000319",0.44780427648986,1.89282821188015,0.236579460132336,0.813349788065514,0.0218648244309383,-0.000365520468358582,"busco_complete_pct",0.987251929837137
"OG0000325",0.216021899962773,1.90608547737599,0.113332745318515,0.909938942809654,0.00811523098699184,-0.0144276046723948,"busco_complete_pct",0.987251929837137
"OG0000329",3.64458110966048,1.79574585753018,2.02956397999054,0.0444108966297563,0.119627996695926,0.0996195420753793,"busco_complete_pct",0.633864615533794
"OG0000338",0.885968055044816,1.86604364614966,0.474784208221977,0.635725369311383,0.0493512715334166,0.0277456186137215,"busco_complete_pct",0.950560790303687
"OG0000343",-0.972767320992733,1.84532897843652,-0.527151165109282,0.598973461141628,0.070340139120772,0.0492115059189714,"busco_complete_pct",0.91758715984512
"OG0000348",-0.161640206830006,1.80756714006693,-0.0894241786360539,0.928880348267157,0.107998978174475,0.0877262276784404,"busco_complete_pct",0.987251929837137
"OG0000361",-2.1160352779373,1.88578464551795,-1.12209805237655,0.263857730927707,0.0291309263508743,0.00706572013157603,"busco_complete_pct",0.91758715984512
"OG0000367",3.24625195972401,1.88626232350515,1.72099708469586,0.0875943420085292,0.0286390127883495,0.00656262671535757,"busco_complete_pct",0.859519480958693
"OG0000372",0.622834158592314,1.82393561323866,0.341478149816036,0.733286643794029,0.0917707529945718,0.071129179198994,"busco_complete_pct",0.98398293227062
"OG0000375",-1.81598794688918,1.82985956958428,-0.992419296581186,0.322808760557274,0.0858615008028215,0.0650856258210675,"busco_complete_pct",0.91758715984512
"OG0000382",-0.201160336066347,1.91031207769956,-0.105302342174682,0.916295752477377,0.00371149506850279,-0.0189314254981221,"busco_complete_pct",0.987251929837137
"OG0000384",-1.44121276388199,1.88980920281012,-0.762623423432868,0.44704867535098,0.024982533657871,0.00282304578645898,"busco_complete_pct",0.91758715984512
"OG0000385",0.0939829013014384,1.91069578691005,0.0491877890480023,0.960843990800846,0.00331122175882927,-0.0193407959284702,"busco_complete_pct",0.987251929837137
"OG0000386",-2.3601476140176,1.86497041912855,-1.26551477160717,0.207916092141692,0.0504444597993081,0.0288636520674741,"busco_complete_pct",0.906745179617934
"OG0000388",-0.987540686275372,1.88488273575805,-0.523926856318841,0.601208003781355,0.0300593747831439,0.008015269664579,"busco_complete_pct",0.91758715984512
"OG0000402",1.2734720194292,1.90305734880761,0.66917164647041,0.504554700036002,0.0112642700225626,-0.0112069965678336,"busco_complete_pct",0.91758715984512
"OG0000434",-0.328083072514641,1.90353207509065,-0.172354895831749,0.863422507835307,0.0107709192755314,-0.0117115598318429,"busco_complete_pct",0.987251929837137
"OG0000440",2.41332536918092,1.89485500573207,1.27362007218518,0.205036219107848,0.0197689768075263,-0.00250900099230256,"busco_complete_pct",0.906745179617934
"OG0000442",-2.52870893601273,1.86782505307116,-1.35382536595433,0.17810554482429,0.0475353434127646,0.0258884193994183,"busco_complete_pct",0.906745179617934
"OG0000445",-1.23487826604421,1.80592325740484,-0.683793323432117,0.49530430639523,0.109620691915427,0.0893847985498686,"busco_complete_pct",0.91758715984512
"OG0000448",1.44849694825124,1.88315291489366,0.769187109976696,0.443156400833271,0.0318388527327328,0.00983519029484037,"busco_complete_pct",0.91758715984512
"OG0000452",1.51677434844553,1.90083590157688,0.797951231448889,0.426331975301154,0.013571233922317,-0.00884760167035759,"busco_complete_pct",0.91758715984512
"OG0000473",1.0486618729477,1.60100488857437,0.655002292892118,0.513606081263434,0.300219570431996,0.284315469759996,"busco_complete_pct",0.91758715984512
"OG0000500",1.67180568073863,1.87009823528678,0.893966770939312,0.372966728632983,0.0452155938018731,0.0235159482064611,"busco_complete_pct",0.91758715984512
"OG0000501",-0.165499019817292,1.91242953820134,-0.0865386235212335,0.931169387326678,0.00150162500343624,-0.0211915198828494,"busco_complete_pct",0.987251929837137
"OG0000503",0.216795145598229,1.76832104675858,0.122599426159422,0.902610770851361,0.146312920325434,0.126910941241921,"busco_complete_pct",0.987251929837137
"OG0000504",2.15702243680058,1.68740133768346,1.27831025650474,0.203383216041079,0.222655992979799,0.20498908372934,"busco_complete_pct",0.906745179617934
"OG0000510",-0.307840906103546,1.32926233461506,-0.231587774728224,0.817216822621952,0.517610468479842,0.506647070036202,"busco_complete_pct",0.987251929837137
"OG0000513",-0.667544495538107,1.73176351882306,-0.38547093080687,0.700509021016265,0.181245594617082,0.162637539949288,"busco_complete_pct",0.981963538388871
"OG0000534",0.693372274468858,1.89223142357676,0.366431011465934,0.714630156756998,0.0224815181222554,0.00026518898867034,"busco_complete_pct",0.98398293227062
"OG0000535",1.26806311718845,1.89112852800918,0.670532488092365,0.503689893243809,0.0236206880985274,0.00143024919167578,"busco_complete_pct",0.91758715984512
"OG0000546",-2.26823761394164,1.87324405646335,-1.21086070238174,0.228112317776196,0.0420006747000846,0.0202279627614502,"busco_complete_pct",0.909463630019226
"OG0000589",-0.70532087358526,1.59395602148131,-0.442497072742185,0.65885376768214,0.306367959582799,0.290603595027862,"busco_complete_pct",0.966729360056972
"OG0000594",0.128097211057148,1.78152018485653,0.0719033172601771,0.942787681735618,0.133521140407252,0.113828439052871,"busco_complete_pct",0.987251929837137
"OG0000598",0.285193130040764,1.90491663751864,0.149714231281143,0.88121859083236,0.0093313348805613,-0.0131838620539715,"busco_complete_pct",0.987251929837137
"OG0000601",0.274578377083654,1.75935043581436,0.156068041644335,0.876217818281633,0.154952381009029,0.135746753304689,"busco_complete_pct",0.987251929837137
"OG0000618",-1.46284858090379,1.90431739126488,-0.768174773603334,0.443755436896794,0.00995452342232356,-0.0125465101362601,"busco_complete_pct",0.91758715984512
"OG0000620",-0.575157273648436,1.43997625715849,-0.399421359060043,0.690228274131797,0.433907841243657,0.421042110362831,"busco_complete_pct",0.981963538388871
"OG0000639",0.413400458355608,1.88810406513624,0.218950038818849,0.827027146377055,0.0267412180519887,0.00462170028044306,"busco_complete_pct",0.987251929837137
"OG0000679",2.95123506396336,1.82226916427267,1.61953849728961,0.107718190354904,0.0934296122894069,0.0728257398414389,"busco_complete_pct",0.89352288289284
"OG0000692",-1.27645437127994,1.85965255470034,-0.686394008414991,0.493668633441232,0.0558519539168512,0.0343940437785979,"busco_complete_pct",0.91758715984512
"OG0000725",-3.91670101110519,1.87812447694775,-2.08543206756479,0.0389560016205711,0.0370023616949535,0.0151160517334752,"busco_complete_pct",0.633864615533794
"OG0000728",-1.78444040734624,1.89617493420029,-0.941073724349607,0.348386113084682,0.0184028717891403,-0.00390615385201554,"busco_complete_pct",0.91758715984512
"OG0000731",1.05778716813889,1.82016162386885,0.581150132091294,0.562130271455056,0.0955253826501777,0.0749691413467727,"busco_complete_pct",0.91758715984512
"OG0000736",-0.431294248151442,1.78298481192533,-0.241894516019862,0.809237295036173,0.132095851973634,0.112370757700307,"busco_complete_pct",0.987251929837137
"OG0000739",2.88094896315409,1.83376422851791,1.57105745567005,0.118563288955753,0.0819560564608415,0.061091421380406,"busco_complete_pct",0.89352288289284
"OG0000761",-1.27253169754993,1.87473459489799,-0.678779652870905,0.498465845067977,0.0404755099326454,0.0186681351583873,"busco_complete_pct",0.91758715984512
"OG0000817",-2.14794431393509,1.6280768670581,-1.31931382196738,0.189348118871745,0.276353796985579,0.259907292371615,"busco_complete_pct",0.906745179617934
"OG0000822",1.74062154912427,1.90492550037765,0.913747833592019,0.362515371335101,0.00932211644343955,-0.0131932900010279,"busco_complete_pct",0.91758715984512
"OG0000862",-0.882077732298615,1.60668028997289,-0.549006381545576,0.583928563450803,0.295249474209433,0.279232416805102,"busco_complete_pct",0.91758715984512
"OG0000887",1.86944271066361,1.87594814616124,0.996532187997338,0.320814923264025,0.0392328710655431,0.0173972544988509,"busco_complete_pct",0.91758715984512
"OG0000893",-0.770488961949365,1.85298659458965,-0.415809247729605,0.678224800180641,0.0626084561869176,0.0413041029184386,"busco_complete_pct",0.981963538388871
"OG0000907",-0.585364107752473,1.87793769388507,-0.311705819452122,0.755755890472631,0.0371938960753024,0.015311939167923,"busco_complete_pct",0.987251929837137
"OG0000913",-1.38605440657238,1.89833261202057,-0.73014307281856,0.466596565629045,0.0161676609503382,-0.00619216493715413,"busco_complete_pct",0.91758715984512
"OG0000949",-2.79031655833552,1.78070793632781,-1.56697036128773,0.119515799622609,0.134311067733306,0.1146363192727,"busco_complete_pct",0.89352288289284
"OG0000962",1.56219721332697,1.8983556887627,0.822921237876754,0.412036964143742,0.0161437412399177,-0.00621662827735681,"busco_complete_pct",0.91758715984512
"OG0001019",0.443085769482908,1.91332791210243,0.231578584454993,0.81722394646511,0.000563304868185471,-0.0221511654757194,"busco_complete_pct",0.987251929837137
"OG0001038",2.4738683055594,1.64942527544074,1.49983654451904,0.136044743409781,0.257251527708432,0.240370880610896,"busco_complete_pct",0.906745179617934
"OG0001079",2.49658827616831,1.80038561118749,1.38669641695349,0.167871787146954,0.115072801835417,0.0949608200589495,"busco_complete_pct",0.906745179617934
"OG0001115",-3.570465158663,1.87370765558644,-1.90556149355407,0.0588817435321727,0.0415264357956737,0.0197429457001209,"busco_complete_pct",0.754852661247933
"OG0001127",-1.51337569886702,1.82555045752703,-0.82899691576704,0.408602693446517,0.0901618167367569,0.0694836762080469,"busco_complete_pct",0.91758715984512
"OG0001135",0.106659474818423,1.90547104655901,0.055975384675109,0.955446054568085,0.00875460036293442,-0.0137737041742716,"busco_complete_pct",0.987251929837137
"OG0001136",-0.913624141653963,1.53191751870428,-0.596392514935608,0.551934446346313,0.35931103786358,0.344749925087752,"busco_complete_pct",0.91758715984512
"OG0001139",1.46783888676348,1.84183301775833,0.796944604972909,0.42691432635724,0.0738592685063529,0.0528106155178609,"busco_complete_pct",0.91758715984512
"OG0001196",-0.621794637917884,1.70418177538669,-0.364864034399613,0.715796812790037,0.207118454198789,0.189098419066943,"busco_complete_pct",0.98398293227062
"OG0001202",-1.22406923989956,1.9039647502892,-0.642905410782229,0.521400679242338,0.0103211621753795,-0.0121715386842709,"busco_complete_pct",0.91758715984512
"OG0001349",4.32068534574274,1.8641754093716,2.31774613269854,0.0220013995939121,0.0512538506709009,0.0296914381861487,"busco_complete_pct",0.575703289374034
"OG0001363",0.0939829013014384,1.91069578691005,0.0491877890480023,0.960843990800846,0.00331122175882927,-0.0193407959284702,"busco_complete_pct",0.987251929837137
"OG0001395",1.84127123174465,1.8902682123014,0.974079350095457,0.331798818561662,0.0245088386186242,0.0023385849508657,"busco_complete_pct",0.91758715984512
"OG0001398",-1.23292443429025,1.85251458068226,-0.665541014978771,0.506865813572072,0.0630859615203818,0.0417924606458451,"busco_complete_pct",0.91758715984512
"OG0001408",-0.644277854198947,1.88456506585412,-0.341870846420974,0.732991764796433,0.0303862863460839,0.00834961103576759,"busco_complete_pct",0.98398293227062
"OG0001688",-0.716573660128349,1.85370713656776,-0.386562497383013,0.699702558586176,0.0618792968058703,0.0405583717332765,"busco_complete_pct",0.981963538388871
"OG0001769",-0.730668734918853,1.88635014063591,-0.387345233092589,0.699124474844035,0.0285485650076479,0.00647012330327634,"busco_complete_pct",0.981963538388871
"OG0001820",-1.66161563954826,1.71102381399694,-0.971123619645446,0.333262858969879,0.200739068657145,0.182574047490262,"busco_complete_pct",0.91758715984512
"OG0001885",1.43951146391347,1.8994030385356,0.757875729746809,0.449876279892757,0.0150578268457748,-0.0073272225440939,"busco_complete_pct",0.91758715984512
"OG0001893",-0.046882867785156,1.89865392486897,-0.024692687367126,0.980337377846567,0.0158345847313884,-0.00653281107017101,"busco_complete_pct",0.991526985881446
"OG0001918",-1.47873535386988,1.88285771139631,-0.785367553224861,0.433645489174496,0.0321423672832652,0.0101456029033394,"busco_complete_pct",0.91758715984512
"OG0001927",3.45038161840497,1.87922024600871,1.83607090533069,0.0685973523635581,0.0358783351894109,0.0139664791709885,"busco_complete_pct",0.769270308648473
"OG0001929",2.21903290409478,1.8205745770047,1.21886405101056,0.225069553865593,0.0951149267933027,0.0745493569476959,"busco_complete_pct",0.909463630019226
"OG0002370",-0.518987284670842,1.87811633310644,-0.276333939236037,0.782723782908247,0.0370107130934323,0.0151245929364648,"busco_complete_pct",0.987251929837137
"OG0002742",0.0681513283265432,1.7163842798053,0.0397063344895433,0.96838724327974,0.19572321537224,0.177444197539791,"busco_complete_pct",0.987251929837137
"OG0002829",-1.33838032106848,1.91001828484575,-0.70071597308115,0.484713617047358,0.00401791613832928,-0.0186180403130722,"busco_complete_pct",0.91758715984512
"OG0002883",-1.29765962352274,1.7625319785776,-0.73624742092338,0.462886530240048,0.15189331327277,0.132618161301697,"busco_complete_pct",0.91758715984512
"OG0002891",4.27594190491867,1.72817403586986,2.47425422218336,0.0146201459980654,0.184636195200561,0.166105199636938,"busco_complete_pct",0.575703289374034
"OG0002892",1.32991457373712,1.75721315290075,0.756831674940368,0.450499464627277,0.157004284665635,0.137845291135308,"busco_complete_pct",0.91758715984512
"OG0002893",-0.0855685853259688,1.75452764386589,-0.0487701551042128,0.961176182260797,0.159578978229185,0.140478500461666,"busco_complete_pct",0.987251929837137
"OG0002919",0.330290505885612,1.90419982652355,0.173453700228833,0.862560526904824,0.010076762339041,-0.0124214930623443,"busco_complete_pct",0.987251929837137
"OG0003687",-3.53710332786194,1.88283325388834,-1.87860678610667,0.0625037235428225,0.0321675112247109,0.0101713182979998,"busco_complete_pct",0.754852661247933
"OG0003730",0.209874058237809,1.90562980198614,0.110133698590916,0.912470609917525,0.00858942110965187,-0.0139426375014924,"busco_complete_pct",0.987251929837137
"OG0003808",-2.97416554725143,1.78265174380386,-1.66839404139874,0.097607921042604,0.132420077062357,0.112702351541047,"busco_complete_pct",0.89352288289284
"OG0003820",0.0903096698067925,1.89700811031607,0.0476063699019956,0.962101907901622,0.0175400579766791,-0.00478857706930547,"busco_complete_pct",0.987251929837137
"OG0000009",-0.00669865628125112,0.0192212581614488,-0.348502487453517,0.728018063876573,0.0179513351620421,-0.00436795267518431,"contig_n50_mbp",0.97775459601272
"OG0000012",0.0319862483720963,0.0184029493858559,1.73810445822778,0.0845243762555162,0.0997891370582981,0.0793297992641686,"contig_n50_mbp",0.737240392895335
"OG0000015",0.0267958553570617,0.0191751654796841,1.39742498626422,0.164630179717771,0.0226556040543373,0.000443231419208656,"contig_n50_mbp",0.807716819240315
"OG0000016",0.00568863204019303,0.0172798578030104,0.329205952100021,0.74252179050461,0.20631218186491,0.18827382236184,"contig_n50_mbp",0.97775459601272
"OG0000022",0.0337977413855845,0.0188987825875672,1.78835547893009,0.076012539489171,0.0506266338719421,0.0290499664599408,"contig_n50_mbp",0.710006418742455
"OG0000024",0.0465522345731667,0.0187243649371568,2.48618496431824,0.014160611212779,0.0680693833492289,0.0468891420617114,"contig_n50_mbp",0.52493509484585
"OG0000027",-0.00243808600583571,0.0168485082917883,-0.144706342164665,0.885163443331109,0.245442573364285,0.228293540940746,"contig_n50_mbp",0.97775459601272
"OG0000029",0.00455595056950823,0.0186187461057027,0.244696959915727,0.807071056361689,0.0785532440119823,0.0576112722849819,"contig_n50_mbp",0.97775459601272
"OG0000030",0.00532759456389794,0.0190475855388034,0.279699206655072,0.780146092698256,0.0356176549982741,0.013699874430053,"contig_n50_mbp",0.97775459601272
"OG0000039",0.0056934386474715,0.0190964861991763,0.29814064158657,0.76606459882228,0.0306596020485937,0.0086291384587891,"contig_n50_mbp",0.97775459601272
"OG0000040",-0.0050541220696536,0.0193351208061522,-0.261395939561207,0.7941946016084,0.00628197905259199,-0.0163025214234855,"contig_n50_mbp",0.97775459601272
"OG0000042",-0.0122097431858727,0.0189844593848366,-0.643144107417933,0.52124628225871,0.0419992375790799,0.0202264929786045,"contig_n50_mbp",0.97775459601272
"OG0000045",0.00299326490800539,0.0119124841678467,0.251271260119244,0.801995138433654,0.622797937386599,0.614225163236294,"contig_n50_mbp",0.97775459601272
"OG0000046",-0.0148198568893013,0.0193151754660938,-0.767264937112083,0.444294218941333,0.00833108143627302,-0.0142068485310844,"contig_n50_mbp",0.97775459601272
"OG0000047",0.0125677650936929,0.0175440692231954,0.716354052974027,0.475038223837776,0.181855433476882,0.163261238783175,"contig_n50_mbp",0.97775459601272
"OG0000049",0.00831907345166796,0.0190735035439917,0.436158644502862,0.663434137040044,0.032991403833934,0.0110139357392507,"contig_n50_mbp",0.97775459601272
"OG0000054",-0.00367794471092363,0.0190293482706814,-0.193277492145659,0.847038735187515,0.0374634826091447,0.0155876526684435,"contig_n50_mbp",0.97775459601272
"OG0000060",0.00130254466365065,0.0177989957673247,0.0731807951795715,0.941773023987773,0.15790636345057,0.13876787171081,"contig_n50_mbp",0.98183789673447
"OG0000065",0.0155022712132844,0.0179852315948241,0.861944486594527,0.390281226060288,0.140192052514681,0.120650962799106,"contig_n50_mbp",0.97775459601272
"OG0000074",0.0269487786331633,0.019171030681662,1.40570317165791,0.162161703709144,0.0230770539740335,0.000874259746170614,"contig_n50_mbp",0.807716819240315
"OG0000075",0.00315303674418272,0.019357701474196,0.162882806534947,0.870859805873199,0.00395958141600651,-0.0186777008245389,"contig_n50_mbp",0.97775459601272
"OG0000077",0.0293043687954634,0.0187544117571789,1.56253201512685,0.120557027448148,0.0650760622379828,0.0438277909252097,"contig_n50_mbp",0.803346292057645
"OG0000083",0.0011435311788674,0.0169488361305927,0.067469599095558,0.946309952907511,0.236429489323279,0.219075614080626,"contig_n50_mbp",0.98183789673447
"OG0000087",0.00247709203409369,0.0179690218312102,0.137853471232989,0.890566288088019,0.141741212757405,0.122235331229164,"contig_n50_mbp",0.97775459601272
"OG0000090",0.00619117181973138,0.0155712740984417,0.397602134583898,0.691565725225094,0.355507771086319,0.34086022042919,"contig_n50_mbp",0.97775459601272
"OG0000093",0.0084417500306803,0.0184977379496829,0.45636661377966,0.648876376550301,0.0904917741174755,0.0698211326201453,"contig_n50_mbp",0.97775459601272
"OG0000095",0.00883277753912022,0.0192491739252525,0.45886527772149,0.647085590106722,0.0150967305360922,-0.00728743467899662,"contig_n50_mbp",0.97775459601272
"OG0000096",0.0128108328447212,0.0168386632908407,0.76079868238054,0.448134232844769,0.246324128940439,0.229195131870903,"contig_n50_mbp",0.97775459601272
"OG0000100",0.00279537706889842,0.0193405490363128,0.144534525035973,0.88529884010136,0.00572393885487388,-0.0168732443529698,"contig_n50_mbp",0.97775459601272
"OG0000103",0.0430820518553837,0.0186531404861627,2.30964066814074,0.0224603783581049,0.0751457252719872,0.0541263099372598,"contig_n50_mbp",0.52493509484585
"OG0000106",-0.0133675328548483,0.0163220619797076,-0.818985546768997,0.414270821275504,0.291859503222409,0.275765401022918,"contig_n50_mbp",0.97775459601272
"OG0000107",0.0166006394064546,0.0184622582647267,0.899166243285157,0.370201456229361,0.0939774023040833,0.073385979629176,"contig_n50_mbp",0.97775459601272
"OG0000118",0.0316463101182829,0.0175224342031177,1.80604531034005,0.073189756685737,0.183872030640132,0.165323667700135,"contig_n50_mbp",0.710006418742455
"OG0000126",0.00338496570291288,0.0193149085090338,0.175251448969054,0.861150601240219,0.00835849316649322,-0.0141788138069956,"contig_n50_mbp",0.97775459601272
"OG0000141",0.042854396866359,0.0180734480573837,2.37112457624551,0.01917976597508,0.131736755946278,0.112003500399603,"contig_n50_mbp",0.52493509484585
"OG0000142",-0.0019183479741546,0.0192613295476176,-0.0995958233003637,0.920816308966413,0.0138524285853778,-0.00856001621949987,"contig_n50_mbp",0.980121287563629
"OG0000147",0.0204386200712942,0.0174252577281182,1.17293071874131,0.242935877230784,0.192899146696848,0.174555945485412,"contig_n50_mbp",0.97775459601272
"OG0000150",0.0273626024729146,0.0169312908957788,1.6160966485867,0.108460971073014,0.238009549403306,0.220691584617017,"contig_n50_mbp",0.803346292057645
"OG0000159",0.0176754033141277,0.0191797452821385,0.921566113319986,0.358436217898971,0.0221886898263508,-3.42944957776314e-05,"contig_n50_mbp",0.97775459601272
"OG0000164",-0.017081294760553,0.0192343027077733,-0.888064153926925,0.376121596857766,0.0166179441749514,-0.00573164800289061,"contig_n50_mbp",0.97775459601272
"OG0000170",-0.0081292985112419,0.0191045156914752,-0.425517120796177,0.671152686829283,0.029844274296443,0.00779528053045309,"contig_n50_mbp",0.97775459601272
"OG0000182",0.0041876194820316,0.0186366410643354,0.224698188239799,0.822561532743465,0.0767811401753298,0.0557988933611328,"contig_n50_mbp",0.97775459601272
"OG0000184",0.00911395495328002,0.0182428274947302,0.499591138265862,0.618194721729971,0.115386243275707,0.095281385168337,"contig_n50_mbp",0.97775459601272
"OG0000185",0.0304771187762682,0.0178951985227851,1.70308916872105,0.0909048131355119,0.148778807987275,0.129432871805168,"contig_n50_mbp",0.751160824330282
"OG0000186",0.0139321827188915,0.0162082943692284,0.85957118013243,0.391583854283501,0.301696824225797,0.285826297503656,"contig_n50_mbp",0.97775459601272
"OG0000192",-0.0503079579032182,0.0188787304944165,-2.66479559725147,0.00866464264006622,0.0526401840836835,0.0311092791764945,"contig_n50_mbp",0.52493509484585
"OG0000196",0.00637386084131517,0.0167401598484354,0.380752686893302,0.703998834865291,0.255116100308458,0.238186920770014,"contig_n50_mbp",0.97775459601272
"OG0000199",0.0122225436174004,0.0185808498459905,0.657803260814674,0.511810069150788,0.0823004188468858,0.0614436101843151,"contig_n50_mbp",0.97775459601272
"OG0000205",0.0156179852456892,0.0189742136752705,0.823116336359406,0.411926416560424,0.0430330040661223,0.0212837541585341,"contig_n50_mbp",0.97775459601272
"OG0000206",-0.00172343597787527,0.0180163386367648,-0.0956596127893801,0.923935990824312,0.137215253289799,0.117606509046385,"contig_n50_mbp",0.980121287563629
"OG0000210",-0.0218567937862839,0.0192135588846116,-1.13757133270033,0.257360192028476,0.0187379174078753,-0.00356349356012764,"contig_n50_mbp",0.97775459601272
"OG0000217",0.0151838378696894,0.0191613555697095,0.792419816773936,0.4295377804364,0.0240628594825778,0.00188246992536367,"contig_n50_mbp",0.97775459601272
"OG0000220",-0.028336945477352,0.0192371844391309,-1.47302977558977,0.143123566349564,0.0163232565809558,-0.00603303304220426,"contig_n50_mbp",0.807716819240315
"OG0000224",-0.00553638953025125,0.0184330978961226,-0.300350465312498,0.764382353439587,0.0968371920357473,0.0763107645820144,"contig_n50_mbp",0.97775459601272
"OG0000228",-0.00976875970481285,0.0174546733861051,-0.559664422743614,0.57665680468062,0.190171905353486,0.171766721384247,"contig_n50_mbp",0.97775459601272
"OG0000242",-0.0269328958298487,0.0189150222734267,-1.42388919455232,0.156838128302928,0.0489943436138786,0.0273805786960123,"contig_n50_mbp",0.807716819240315
"OG0000255",-0.00357131125642794,0.0182234328645741,-0.195973573309037,0.84493222331694,0.117266175172638,0.0972040427901979,"contig_n50_mbp",0.97775459601272
"OG0000261",0.0201929017619448,0.0181556959667916,1.1122075297405,0.268070431595247,0.123816260894935,0.103902994097092,"contig_n50_mbp",0.97775459601272
"OG0000264",8.94373576338786e-05,0.0193185465264022,0.00462961111032068,0.99631310736878,0.00798490104980369,-0.0145608966536099,"contig_n50_mbp",0.997418529660837
"OG0000266",0.0204258237772438,0.0184293966874152,1.10832840182945,0.26973537353842,0.0971998503871086,0.0766816651686337,"contig_n50_mbp",0.97775459601272
"OG0000269",0.0305369133868528,0.0167751803149796,1.82036275100927,0.070969117809998,0.251996241464631,0.234996156043373,"contig_n50_mbp",0.710006418742455
"OG0000271",0.0281616590665923,0.0191530719277865,1.47034685468583,0.143847495957194,0.0249064914811558,0.00274527537845481,"contig_n50_mbp",0.807716819240315
"OG0000276",0.0155564329901758,0.0178025583045006,0.873831318178745,0.38379711150768,0.157569233181565,0.138423079390237,"contig_n50_mbp",0.97775459601272
"OG0000297",-0.0214711015789667,0.0185245616300272,-1.15906125109937,0.248523688412867,0.0878520949696535,0.0671214607644184,"contig_n50_mbp",0.97775459601272
"OG0000298",-0.00918994083459957,0.0193561758200595,-0.47478081001288,0.63572778527221,0.00411657870243835,-0.0185171354179607,"contig_n50_mbp",0.97775459601272
"OG0000299",-0.0135392965643793,0.0154014091053644,-0.879094664115078,0.380947451555982,0.369492437207574,0.355162719871382,"contig_n50_mbp",0.97775459601272
"OG0000319",0.00434177289920847,0.0191832658994558,0.22633126819827,0.821293880902137,0.0218296844973296,-0.000401459036821983,"contig_n50_mbp",0.97775459601272
"OG0000325",0.0357504754555392,0.0190659636377402,1.87509407522276,0.0629891842991507,0.0337557849574465,0.0117956891610248,"contig_n50_mbp",0.710006418742455
"OG0000329",0.0249316707116161,0.018352966757041,1.35845452354733,0.176636574897743,0.104672463217279,0.0843241101085805,"contig_n50_mbp",0.840361886634718
"OG0000338",0.0150668822188996,0.018882128216619,0.797944068912666,0.426336117297931,0.0522991489552106,0.0307604932496472,"contig_n50_mbp",0.97775459601272
"OG0000343",-0.000680631019149822,0.0187211202902472,-0.0363563188846342,0.971053166959244,0.0683923340946854,0.0472194325968374,"contig_n50_mbp",0.983582885242589
"OG0000348",0.00283091157494236,0.0183177383144739,0.154544820236104,0.877416223601809,0.10810631930409,0.0878360083791832,"contig_n50_mbp",0.97775459601272
"OG0000361",-0.00122596423948149,0.0192021745882594,-0.0638450730591245,0.949190170866945,0.0199003953158745,-0.00237459569967369,"contig_n50_mbp",0.98183789673447
"OG0000367",0.0408366695375946,0.0190000541346983,2.14929227296346,0.0334353563596083,0.0404246951512059,0.0186161654955516,"contig_n50_mbp",0.52493509484585
"OG0000372",0.00825505897519793,0.0184789265808451,0.446728273911482,0.65580332861439,0.092340691553118,0.0717120709065979,"contig_n50_mbp",0.97775459601272
"OG0000375",0.0123670671750653,0.0185826696288937,0.665516172974203,0.506881646349446,0.0821206535722847,0.0612597593352912,"contig_n50_mbp",0.97775459601272
"OG0000382",-0.00225977045120591,0.0193599261087526,-0.116724125831465,0.907256076441429,0.00373063344282111,-0.0189118521607512,"contig_n50_mbp",0.980121287563629
"OG0000384",-0.00268682964211437,0.0191930467943907,-0.13998974060229,0.888881476800525,0.0208319586486073,-0.00142186047301518,"contig_n50_mbp",0.97775459601272
"OG0000385",0.00299925893506671,0.0193624185091783,0.15490104883566,0.877135932643421,0.00347409712993949,-0.01917421884438,"contig_n50_mbp",0.97775459601272
"OG0000386",-0.0335030993796809,0.0187899781068746,-1.78303025097317,0.0768796759147881,0.0615266721578802,0.0401977328887411,"contig_n50_mbp",0.710006418742455
"OG0000388",-0.00451435307133121,0.0191182121337729,-0.236128411994993,0.813699025334666,0.0284527242309548,0.00637210432711288,"contig_n50_mbp",0.97775459601272
"OG0000402",0.014090310016292,0.0192803086874104,0.730813507435835,0.466188281914634,0.0119080712571517,-0.0105485634870039,"contig_n50_mbp",0.97775459601272
"OG0000434",-0.0297586043266269,0.0191189164552139,-1.55650056823756,0.121983488670991,0.0283811386478454,0.00629889179893284,"contig_n50_mbp",0.803346292057645
"OG0000440",0.0178278515945259,0.0192586829453066,0.925704610494698,0.356288839759838,0.014123413111727,-0.00828287295391572,"contig_n50_mbp",0.97775459601272
"OG0000442",0.00889927596476619,0.0190447476454518,0.467282430328842,0.641068277780123,0.0359049995922919,0.0139937495830258,"contig_n50_mbp",0.97775459601272
"OG0000445",-0.00812992265991356,0.0183209068380092,-0.443751105324488,0.65794908467092,0.10779774075763,0.0875204166839401,"contig_n50_mbp",0.97775459601272
"OG0000448",-0.0105547619769225,0.0191055157939518,-0.552445801032171,0.581577203440899,0.0297426982548862,0.00769139594249724,"contig_n50_mbp",0.97775459601272
"OG0000452",0.00658688073266274,0.019301968963831,0.341254342756719,0.733454720103415,0.00968669951657258,-0.01282042094896,"contig_n50_mbp",0.97775459601272
"OG0000473",0.0094056744372739,0.0162311437579365,0.579483157659473,0.56325089092779,0.299726592558545,0.283811287843967,"contig_n50_mbp",0.97775459601272
"OG0000500",0.0233450492415055,0.0189009438087694,1.23512611209786,0.218977490642944,0.0504094851579447,0.028827882547898,"contig_n50_mbp",0.97775459601272
"OG0000501",0.00883498696252253,0.0193668605060683,0.456190974254926,0.649002334399471,0.00301681203244986,-0.0196418967849945,"contig_n50_mbp",0.97775459601272
"OG0000503",-0.0139028508680019,0.0178812214455519,-0.777511251696978,0.438248461574654,0.15010798441561,0.130792256788692,"contig_n50_mbp",0.97775459601272
"OG0000504",-0.00719197074964704,0.0171951506948832,-0.418255755780447,0.676439802556402,0.214074539054621,0.196212596760408,"contig_n50_mbp",0.97775459601272
"OG0000510",0.0263233746951662,0.013277960115347,1.9824863508018,0.0495013131412851,0.531367822024868,0.520717090707252,"contig_n50_mbp",0.706518742107433
"OG0000513",-0.00694525791157211,0.0175500739436478,-0.395739524167985,0.692936081660791,0.181295293172292,0.162688368017117,"contig_n50_mbp",0.97775459601272
"OG0000534",0.0169260220671615,0.0191299807892252,0.884790332706183,0.37787857097576,0.0272562395141781,0.00514842677586402,"contig_n50_mbp",0.97775459601272
"OG0000535",0.0109831992933792,0.0191744933150745,0.572802582728194,0.567752792140047,0.0227241223470191,0.000513306945814973,"contig_n50_mbp",0.97775459601272
"OG0000546",0.041663969879019,0.0187419777608426,2.22302952285362,0.0279149453179226,0.0663153426150951,0.0450952367654381,"contig_n50_mbp",0.52493509484585
"OG0000589",5.24025107352413e-05,0.0161659686333651,0.0032415323772859,0.997418529660837,0.30533910812364,0.289551360580995,"contig_n50_mbp",0.997418529660837
"OG0000594",-0.0110117286035755,0.0180297633426857,-0.610752808801714,0.542413452708579,0.135928982302573,0.116291004627632,"contig_n50_mbp",0.97775459601272
"OG0000598",-0.0137195042868019,0.0192701073890883,-0.711957853155015,0.47774730272573,0.0129534024350722,-0.00947947478231237,"contig_n50_mbp",0.97775459601272
"OG0000601",0.0116925383529397,0.0178027668875782,0.656782084873453,0.512464474474063,0.157549492442245,0.138402889997751,"contig_n50_mbp",0.97775459601272
"OG0000618",0.00548185120492638,0.0193365627444675,0.283496672980043,0.777240285596367,0.00613375825452432,-0.0164541108760545,"contig_n50_mbp",0.97775459601272
"OG0000620",-0.000600127432612746,0.0146022031906088,-0.0410984167785522,0.967279535334066,0.433230905142145,0.420349789349921,"contig_n50_mbp",0.983582885242589
"OG0000639",-0.0144461234200582,0.0190971701934485,-0.756453614526308,0.450725246589119,0.0305901615088841,0.0085581197249951,"contig_n50_mbp",0.97775459601272
"OG0000679",0.00233361310292765,0.0186493125856585,0.125131320106791,0.9006099588527,0.0755252738945102,0.05451448466484,"contig_n50_mbp",0.980121287563629
"OG0000692",-0.0146541077472066,0.0188371734608417,-0.777935595150155,0.437999116962267,0.0568063680795148,0.035370149172231,"contig_n50_mbp",0.97775459601272
"OG0000725",0.0254958587541393,0.019217217671157,1.3267195694206,0.186892075902197,0.0183641636056181,-0.00394574176698148,"contig_n50_mbp",0.863001644607202
"OG0000728",0.00308606568013858,0.0192793251229214,0.160071250443799,0.8730696403512,0.0120088816082465,-0.0104454619915659,"contig_n50_mbp",0.97775459601272
"OG0000731",-0.0036117777290339,0.0184673877715625,-0.195575994488813,0.845242790939237,0.0934738783408292,0.0728710119394844,"contig_n50_mbp",0.97775459601272
"OG0000736",0.0129446772122612,0.0180385625004928,0.717611351342857,0.474265007472502,0.135085382485317,0.115428232087256,"contig_n50_mbp",0.97775459601272
"OG0000739",0.0183631332301817,0.0186890621967331,0.982560442941415,0.327621317104574,0.071580176945379,0.0504797264214103,"contig_n50_mbp",0.97775459601272
"OG0000761",0.0291928022436415,0.0188623097664028,1.54767908093839,0.124093798280015,0.054287495317693,0.0327940293021861,"contig_n50_mbp",0.803346292057645
"OG0000817",-0.0128222186537481,0.0165706807867925,-0.773789491133515,0.440438905658439,0.270122310643713,0.253534181340161,"contig_n50_mbp",0.97775459601272
"OG0000822",0.00499140886304028,0.0193616081137402,0.257799291965737,0.796963291770514,0.00355751265419634,-0.0190889075127536,"contig_n50_mbp",0.97775459601272
"OG0000862",-0.0105911027782802,0.0162754412508527,-0.650741360251923,0.51634458846942,0.295899051304939,0.279896757016415,"contig_n50_mbp",0.97775459601272
"OG0000887",0.0110784708062831,0.0190588547401762,0.581276837318543,0.562045138745739,0.03447619444831,0.0125324715948625,"contig_n50_mbp",0.97775459601272
"OG0000893",0.0104384887856747,0.0187694631822941,0.556142106158993,0.579055226208364,0.0635748064733406,0.0422924157113711,"contig_n50_mbp",0.97775459601272
"OG0000907",-0.0011824961812483,0.0190387378554142,-0.0621100090892853,0.950569173908531,0.0365133662090021,0.0146159427137521,"contig_n50_mbp",0.98183789673447
"OG0000913",-0.0414261288421169,0.0189373096783156,-2.18754033945764,0.0304640164215553,0.0467519000138406,0.0250871704687006,"contig_n50_mbp",0.52493509484585
"OG0000949",0.012846887480351,0.0181793528864477,0.706674630312504,0.481014268756823,0.121531433857476,0.101566239172419,"contig_n50_mbp",0.97775459601272
"OG0000962",0.0158316402405226,0.0192389427628888,0.822895542423526,0.412051525143563,0.0161434276419324,-0.00621694900256919,"contig_n50_mbp",0.97775459601272
"OG0001019",-0.00357912835575994,0.0193921126597238,-0.184566190314765,0.853852565426835,0.000415214738995436,-0.0223026212896638,"contig_n50_mbp",0.97775459601272
"OG0001038",0.00780331658062809,0.0168442942032089,0.463261712630352,0.64393969267737,0.245819980565256,0.228679525578102,"contig_n50_mbp",0.97775459601272
"OG0001079",0.0109794155237002,0.0183536173901759,0.598215343073303,0.550721310136282,0.104608981373123,0.0842591854952393,"contig_n50_mbp",0.97775459601272
"OG0001115",-0.00317826925180374,0.0192465681322337,-0.165134336156317,0.869090876620645,0.0153633685083043,-0.00701473675287057,"contig_n50_mbp",0.97775459601272
"OG0001127",0.026366059580971,0.018406685956141,1.43241752718526,0.154388263938266,0.0994235388515688,0.0789558920072864,"contig_n50_mbp",0.807716819240315
"OG0001135",0.0216836568777421,0.0192188331032261,1.12825043858164,0.261260644266158,0.0181991207062173,-0.00411453564136877,"contig_n50_mbp",0.97775459601272
"OG0001136",0.0250998051766006,0.0153918973474022,1.63071547386826,0.105334161274915,0.37027098719258,0.35595896417423,"contig_n50_mbp",0.803346292057645
"OG0001139",-0.0099007634607638,0.0186911064708948,-0.529704513543966,0.597206620466571,0.07137705830439,0.0502719914476716,"contig_n50_mbp",0.97775459601272
"OG0001196",-0.0196185800918846,0.0171952077202343,-1.14093300942207,0.255963531043286,0.214069326218685,0.196207265450928,"contig_n50_mbp",0.97775459601272
"OG0001202",0.0132461867442175,0.0192915504198549,0.686631528100744,0.493519393853704,0.0107554856223107,-0.0117273442499095,"contig_n50_mbp",0.97775459601272
"OG0001349",0.0136218532779364,0.0192366328876319,0.708120457332969,0.480118997309395,0.0163796619875133,-0.00597534569458857,"contig_n50_mbp",0.97775459601272
"OG0001363",0.00299925893506671,0.0193624185091783,0.15490104883566,0.877135932643421,0.00347409712993949,-0.01917421884438,"contig_n50_mbp",0.97775459601272
"OG0001395",-0.0195686070520568,0.0191501107197346,-1.02185346802674,0.308719378799714,0.0252079816597152,0.003053617606527,"contig_n50_mbp",0.97775459601272
"OG0001398",-0.028557343851777,0.0186408488606449,-1.53197657817333,0.127921384085612,0.0763642028693944,0.0553724802073352,"contig_n50_mbp",0.803346292057645
"OG0001408",0.0222445779560165,0.0190092857947811,1.17019535589936,0.24403078508481,0.0394920004301564,0.0176622731672055,"contig_n50_mbp",0.97775459601272
"OG0001688",0.00576226947450467,0.0187903860445966,0.3066605156929,0.759584990667609,0.0614859224747065,0.0401560570764045,"contig_n50_mbp",0.97775459601272
"OG0001769",0.00540164282995306,0.0191223519151254,0.28247795323129,0.778019498754502,0.0280319287381205,0.00594174530035052,"contig_n50_mbp",0.97775459601272
"OG0001820",0.0402373820520739,0.0170462001023985,2.36048983411924,0.01971496393928,0.227631505151943,0.210077675723579,"contig_n50_mbp",0.52493509484585
"OG0001885",-0.00275337649999037,0.0192899006095669,-0.142736686710808,0.886715790103957,0.010924678450735,-0.0115543061299301,"contig_n50_mbp",0.97775459601272
"OG0001893",0.0500456928573339,0.0187424863131811,2.67017363764263,0.00853419260679628,0.066264671980005,0.045043414525005,"contig_n50_mbp",0.52493509484585
"OG0001918",0.0362876087243843,0.0188638198059299,1.92366175555691,0.056549804423076,0.054136069490892,0.0326391619793214,"contig_n50_mbp",0.710006418742455
"OG0001927",0.00799936009517203,0.0192741020410619,0.415031531851914,0.678792613107177,0.0125441347296568,-0.00989804402648731,"contig_n50_mbp",0.97775459601272
"OG0001929",-0.040653855789722,0.0182136688354347,-2.23205199111943,0.0272973242887455,0.118211850977177,0.0981712112266586,"contig_n50_mbp",0.52493509484585
"OG0002370",0.00336002367891943,0.0190370817641077,0.176498883629022,0.860172534671544,0.0366809773660399,0.0147873632152681,"contig_n50_mbp",0.97775459601272
"OG0002742",0.018603148710252,0.0173193239114739,1.07412672719444,0.284725470492338,0.20268257557602,0.18456172502093,"contig_n50_mbp",0.97775459601272
"OG0002829",0.0143982845728706,0.0193525682801494,0.743998644750397,0.45819963950172,0.00448776301330842,-0.0181375151000254,"contig_n50_mbp",0.97775459601272
"OG0002883",0.00923498839894148,0.017881011564008,0.516469013281677,0.606391039108937,0.150127935580804,0.130812661389459,"contig_n50_mbp",0.97775459601272
"OG0002891",-0.00554034368518612,0.0179092749648001,-0.309356112744676,0.757538436624314,0.147439132615888,0.128062749266249,"contig_n50_mbp",0.97775459601272
"OG0002892",0.0185757138303,0.0177737376334892,1.04512141527844,0.297876974586075,0.160294657978871,0.141210445660209,"contig_n50_mbp",0.97775459601272
"OG0002893",0.000904488512397594,0.0177812962125236,0.0508674115535262,0.959508067280241,0.159580308650254,0.140479861119578,"contig_n50_mbp",0.983582885242589
"OG0002919",-0.00389992640786244,0.0192973812013654,-0.202096148029998,0.840152697067773,0.0101574061331826,-0.0123390164546995,"contig_n50_mbp",0.97775459601272
"OG0003687",0.0140400950216216,0.019296371807086,0.727602844824218,0.468145342267294,0.0102609554500753,-0.0122331137442413,"contig_n50_mbp",0.97775459601272
"OG0003730",-0.0117448838721649,0.0192864737248305,-0.608969998338466,0.543590954258349,0.0112760691728028,-0.0111949292550879,"contig_n50_mbp",0.97775459601272
"OG0003808",-0.00199957720222729,0.0182549975322276,-0.109535879076248,0.912943813804469,0.114205573931236,0.094073882429673,"contig_n50_mbp",0.980121287563629
"OG0003820",0.027118421641912,0.0190800041743114,1.42130061367718,0.157587595749008,0.0323321398858747,0.0103396885196446,"contig_n50_mbp",0.807716819240315
"OG0000009",0.00578984853117487,0.0250138503853414,0.231465705678316,0.817311445729428,0.017446546734916,-0.00488421356656321,"total_length_mbp",0.986399528236604
"OG0000012",0.00089831422354152,0.0242150863100207,0.0370972959600718,0.970463472312218,0.079196135569799,0.0582687750145673,"total_length_mbp",0.987688861644633
"OG0000015",-0.0224245575498148,0.0250554063675618,-0.894998756789153,0.372416853479526,0.0141791656768988,-0.00822585328498993,"total_length_mbp",0.912128392137505
"OG0000016",0.0107348723256069,0.0224714156021647,0.477712330885502,0.633645076516084,0.207031465638044,0.189009453493454,"total_length_mbp",0.956560355894473
"OG0000022",0.0186851166125822,0.0248307571764873,0.752498865812901,0.453090948315237,0.0317778441100814,0.00977279511258322,"total_length_mbp",0.940466592607081
"OG0000024",-0.000127156473815499,0.0249247943451935,-0.00510160573661946,0.995937227200753,0.0244304018816095,0.002258365560737,"total_length_mbp",0.995937227200753
"OG0000027",-0.0291011145142297,0.021775323827565,-1.33642625683441,0.183709090429479,0.255397765633958,0.238474987580184,"total_length_mbp",0.874499130917346
"OG0000029",-0.016165481466727,0.0241881427879567,-0.668322558223684,0.505094691470211,0.0812441065209569,0.0603632907600696,"total_length_mbp",0.940466592607081
"OG0000030",-0.0320863082647676,0.0246309924464637,-1.30268028519388,0.194952035554822,0.0472939729789588,0.0256415632739352,"total_length_mbp",0.874499130917346
"OG0000039",0.0070689678197986,0.0248458388779707,0.284513147433562,0.77646301567672,0.0306013296740486,0.00856954171209523,"total_length_mbp",0.983102366622943
"OG0000040",-0.0219403912760251,0.0250895012878523,-0.874484949872161,0.383442508796658,0.0114943677369511,-0.0109716693599364,"total_length_mbp",0.912128392137505
"OG0000042",-0.0177666850421625,0.0246896301409335,-0.719601101383319,0.473042776661341,0.042752460341297,0.0209968344399628,"total_length_mbp",0.940466592607081
"OG0000045",0.0122143364464776,0.0154657028331862,0.78976924477484,0.431078961874045,0.624392363918326,0.615855826734651,"total_length_mbp",0.93999162519757
"OG0000046",-0.000633620159636958,0.0251855272750269,-0.025158105792974,0.979966846306974,0.00391319840445289,-0.0187251379954458,"total_length_mbp",0.987688861644633
"OG0000047",-0.0134401311455646,0.0228397383582853,-0.588453813906718,0.557233272520058,0.180823774309967,0.162206132817012,"total_length_mbp",0.940466592607081
"OG0000049",-0.0186881596821138,0.0247797367602439,-0.754171033491232,0.452089805787006,0.0357526199286443,0.0138379067452045,"total_length_mbp",0.940466592607081
"OG0000054",0.0171111129028598,0.0247164161843533,0.692297490673101,0.489966580641935,0.0406742774731479,0.0188714201429921,"total_length_mbp",0.940466592607081
"OG0000060",-0.0321297402531648,0.0229880113650799,-1.39767375885204,0.164555583323775,0.170153251025499,0.151293097639715,"total_length_mbp",0.861174219394423
"OG0000065",-0.0609989631877398,0.0228565375388373,-2.66877531577527,0.00856793842226748,0.179618283243689,0.160973244226501,"total_length_mbp",0.265504518335754
"OG0000074",0.0699341429634451,0.024379675036816,2.86854286850981,0.00480283404444172,0.0666362804467092,0.0454234686386799,"total_length_mbp",0.230576316406142
"OG0000075",-0.00555065083036646,0.0251828379078792,-0.220414031598471,0.825889258658233,0.00412591581669394,-0.0185075860965629,"total_length_mbp",0.986399528236604
"OG0000077",0.0159504291024604,0.0245854974109114,0.648773902592726,0.517611655176261,0.050810141938717,0.0292376451645968,"total_length_mbp",0.940466592607081
"OG0000083",-0.0311821709587867,0.0218836566123999,-1.42490679282173,0.156544254329112,0.247970506312931,0.230878926910952,"total_length_mbp",0.847498204471399
"OG0000087",0.00674250757476715,0.0233725439100096,0.288479833463039,0.77343197221901,0.142158486307653,0.12266208826919,"total_length_mbp",0.983102366622943
"OG0000090",-0.0368783045951678,0.0200150650377645,-1.8425273425585,0.0676417895494383,0.37091533029876,0.356617951441913,"total_length_mbp",0.640116997268254
"OG0000093",0.039261617739157,0.0238414199119836,1.64678185628628,0.101981617768993,0.107394981196779,0.0871085034967062,"total_length_mbp",0.669995528833357
"OG0000095",0.0102586160995068,0.0250477995587397,0.409561569488341,0.682791445439215,0.0147776642341137,-0.00761375248783813,"total_length_mbp",0.969173945086974
"OG0000096",-0.0361121281980209,0.0217294255856454,-1.66189980750696,0.0989059425645847,0.258533417307625,0.241681904064617,"total_length_mbp",0.669995528833357
"OG0000100",0.00865539377906221,0.0251533369262432,0.344105189877681,0.731314738160437,0.00645782572209636,-0.0161226782387651,"total_length_mbp",0.969173945086974
"OG0000103",0.00300844016938033,0.0247524147750565,0.121541279778973,0.903447149996174,0.0378777941295259,0.0160113803597424,"total_length_mbp",0.987688861644633
"OG0000106",0.00165877842855901,0.0212888787755757,0.0779176041183575,0.938011583169513,0.288293932111353,0.272118794204793,"total_length_mbp",0.987688861644633
"OG0000107",-0.0259773566805668,0.0239870636714201,-1.08297359928711,0.280794426901507,0.0964560829417216,0.0759209939176698,"total_length_mbp",0.912128392137505
"OG0000118",-0.0117685742353892,0.0230544070128622,-0.510469613415929,0.610575096706237,0.165352680770346,0.146383423515127,"total_length_mbp",0.948412594623782
"OG0000126",-0.0403661216531607,0.0248853936732309,-1.62208089545244,0.107172139143939,0.027512290225349,0.00541029682137961,"total_length_mbp",0.673041033823937
"OG0000141",-0.0290842848329852,0.0238758058962357,-1.21814882225905,0.22534027510599,0.104818353106273,0.08447331567687,"total_length_mbp",0.912128392137505
"OG0000142",-0.0229340962594084,0.0249808727563053,-0.918066253454644,0.360258632053867,0.0200355862961879,-0.00223633219708042,"total_length_mbp",0.912128392137505
"OG0000147",-0.00137340815913186,0.0227882975399051,-0.0602681335333124,0.952033232965056,0.184509599504782,0.165975726766254,"total_length_mbp",0.987688861644633
"OG0000150",-0.0167789375630382,0.0221969758870592,-0.755910969512754,0.451049433569088,0.226281981157221,0.208697480728976,"total_length_mbp",0.940466592607081
"OG0000159",-0.00923382200209942,0.0250206559700306,-0.369047958341283,0.712683274464883,0.0169118221491809,-0.00543109098379224,"total_length_mbp",0.969173945086974
"OG0000164",-0.00903236451260292,0.0250867251148556,-0.360045580730433,0.719388476365872,0.0117131134811973,-0.0107479521215028,"total_length_mbp",0.969173945086974
"OG0000170",-0.000728898450633893,0.0248724991655703,-0.0293053965257688,0.976665284279779,0.0285198291549516,0.00644073436301862,"total_length_mbp",0.987688861644633
"OG0000182",0.0147833060974875,0.0242172975321137,0.610444087656104,0.542617263167901,0.0790279598477326,0.0580967771169992,"total_length_mbp",0.940466592607081
"OG0000184",0.00172696444408754,0.0237564098764971,0.0726946728510555,0.942159123430335,0.113749057703445,0.0936069908330683,"total_length_mbp",0.987688861644633
"OG0000185",0.0186685168558411,0.0234804325935968,0.795066989563559,0.428001811948071,0.134220539747016,0.114543733832176,"total_length_mbp",0.93999162519757
"OG0000186",0.0176621724320605,0.0210904519900712,0.837448739380993,0.403854079648903,0.301499268894725,0.285624252278696,"total_length_mbp",0.932427801542321
"OG0000192",-0.0332102852346064,0.0250475595870589,-1.32588905993719,0.187166315548733,0.0147965420861753,-0.0075944455936845,"total_length_mbp",0.874499130917346
"OG0000196",-0.0205851104195314,0.0217176161582656,-0.947853128516444,0.34493626243975,0.259339137303196,0.242505935878269,"total_length_mbp",0.912128392137505
"OG0000199",0.00247743307792489,0.0242128638132385,0.102318878800712,0.918658842910194,0.0793651533205374,0.0584416340778223,"total_length_mbp",0.987688861644633
"OG0000205",-0.0150917541437138,0.0247144007652129,-0.610646168890991,0.542483849512348,0.0408307212375316,0.0190314194474756,"total_length_mbp",0.940466592607081
"OG0000206",-0.0134556960913529,0.0234113247542502,-0.574751588498216,0.566437599207469,0.139309381132593,0.119748230703788,"total_length_mbp",0.940466592607081
"OG0000210",-0.0460550176261321,0.024797734547944,-1.85722681792118,0.0655075062804189,0.0343514249023378,0.0124048663773909,"total_length_mbp",0.640116997268254
"OG0000217",0.0291728638758851,0.0248593731469356,1.17351566764994,0.242702188594035,0.0295449213266936,0.0074891240841185,"total_length_mbp",0.912128392137505
"OG0000220",-0.00585740400186588,0.0252278616973048,-0.232179963254343,0.816757819721388,0.000561733921274366,-0.0221527721259693,"total_length_mbp",0.986399528236604
"OG0000224",-0.00146985295213383,0.0239898566143273,-0.0612697681259171,0.951237039003534,0.0962456617310138,0.0757057904067187,"total_length_mbp",0.987688861644633
"OG0000228",0.00125756628252919,0.022735709009078,0.0553123846732495,0.955973228148982,0.188269069350682,0.169820639108652,"total_length_mbp",0.987688861644633
"OG0000242",0.00924850983245837,0.0247842043439921,0.373161458164796,0.70962685697464,0.0354048967626004,0.0134822807799322,"total_length_mbp",0.969173945086974
"OG0000255",-0.0344822873416184,0.0235219698000688,-1.46596087124971,0.145037072814416,0.131154678950413,0.111408194381104,"total_length_mbp",0.84336371969864
"OG0000261",0.0521047498325268,0.023294151100325,2.23681685621932,0.026975989349627,0.147903331969412,0.128537498605081,"total_length_mbp",0.392202919596404
"OG0000264",0.055007154696039,0.0246737793229291,2.22937694206097,0.0274791854494296,0.0439811774863688,0.0222534769746955,"total_length_mbp",0.392202919596404
"OG0000266",0.0313903208262981,0.0239330497741346,1.31158883312159,0.191935589601206,0.100520688833417,0.0800779772159942,"total_length_mbp",0.874499130917346
"OG0000269",-0.0109034709720836,0.022076864830581,-0.493886747767735,0.622206988829615,0.234632727188987,0.217238016443282,"total_length_mbp",0.948412594623782
"OG0000271",-0.0822997939336848,0.0240790272965224,-3.41790359387029,0.000839538513447923,0.0895146365023432,0.0688217873319419,"total_length_mbp",0.131807546611324
"OG0000276",-0.00231469362665585,0.0232276750862,-0.0996524024925358,0.920771475444098,0.152759758426086,0.133504298390315,"total_length_mbp",0.987688861644633
"OG0000297",-0.0459478003490531,0.0238909183279174,-1.92323290877277,0.0566041420703563,0.103684765993055,0.0833139652201698,"total_length_mbp",0.634775021788995
"OG0000298",-0.0164751406512783,0.0251636240337578,-0.65472050564642,0.513786949920806,0.00564499001749617,-0.0169539874821061,"total_length_mbp",0.940466592607081
"OG0000299",-0.00193412644563846,0.0200955533837886,-0.096246488399705,0.923470780601955,0.365845569702809,0.351432969014236,"total_length_mbp",0.987688861644633
"OG0000319",-0.0324815896120898,0.0248022260796169,-1.30962396309999,0.192597895280735,0.0340015837548244,0.0120470742947067,"total_length_mbp",0.874499130917346
"OG0000325",-0.0390231930221252,0.0249030107318408,-1.56700703550798,0.119507225695539,0.026134900946646,0.00400160324088794,"total_length_mbp",0.721639785930754
"OG0000329",-0.0217779989550279,0.023969246815773,-0.908580862903747,0.365227288830691,0.0977978339034303,0.0772932392194173,"total_length_mbp",0.912128392137505
"OG0000338",0.0146757211156641,0.0245922319040396,0.596762472512852,0.551688123299186,0.0502900639459843,0.0287057472174839,"total_length_mbp",0.940466592607081
"OG0000343",-0.0405538653856549,0.0240997307779502,-1.68275180164084,0.0947870506744499,0.0879482675273804,0.0672198190620936,"total_length_mbp",0.669995528833357
"OG0000348",-0.00902553604951488,0.0238211243378418,-0.378887911481873,0.705379847093073,0.108914036739381,0.0886620830289124,"total_length_mbp",0.969173945086974
"OG0000361",-0.0057105031996332,0.0249780368053965,-0.228620977866421,0.81951732615308,0.0202580743770836,-0.00200878756889167,"total_length_mbp",0.986399528236604
"OG0000367",-0.0201648169775658,0.0250871342257205,-0.803791170252194,0.422962725209548,0.011680879524962,-0.0107809186676524,"total_length_mbp",0.93999162519757
"OG0000372",0.0391708455794001,0.0238170080219592,1.64465853743193,0.102419698675163,0.109221971355302,0.0889770161588316,"total_length_mbp",0.669995528833357
"OG0000375",0.00181150345972705,0.0242166153213544,0.0748041555637899,0.940483781529891,0.0790798474032474,0.0581498439351394,"total_length_mbp",0.987688861644633
"OG0000382",-0.0127185736806823,0.0251647979223621,-0.505411317822671,0.614112848152587,0.00555221409303021,-0.0170488719503099,"total_length_mbp",0.948412594623782
"OG0000384",0.00539597034958744,0.0249681570060841,0.216114082760397,0.829232435119629,0.0210329742890359,-0.00121627629530408,"total_length_mbp",0.986399528236604
"OG0000385",0.0222203333406487,0.0251190222531347,0.884601841454068,0.377979884755504,0.00916679589259814,-0.0133521405643882,"total_length_mbp",0.912128392137505
"OG0000386",0.00742423984467811,0.0247305161014168,0.300205616988834,0.764492586007943,0.0395794366018491,0.0177516965246185,"total_length_mbp",0.983102366622943
"OG0000388",0.0160117909973261,0.0248395455918872,0.644608853173053,0.52029935705617,0.0310923519782295,0.00907172361409836,"total_length_mbp",0.940466592607081
"OG0000402",0.00058716812070978,0.0251348943937515,0.0233606758600803,0.981397849787024,0.00791423021231204,-0.0146331736464991,"total_length_mbp",0.987688861644633
"OG0000434",0.017196254966282,0.025056841372295,0.686289812461982,0.493734110086458,0.0140662401027881,-0.00834134534942121,"total_length_mbp",0.940466592607081
"OG0000440",-0.0127080476876901,0.0251129670237152,-0.506035295458691,0.613675946945005,0.00964444181016427,-0.0128636390577865,"total_length_mbp",0.948412594623782
"OG0000442",-0.02338236007177,0.0247146102083758,-0.946094632876133,0.345828988519758,0.0408144641329637,0.0190147928632584,"total_length_mbp",0.912128392137505
"OG0000445",-0.0211043109840326,0.0237829814994672,-0.887370281329337,0.376493553584848,0.111765399742863,0.0915782497370192,"total_length_mbp",0.912128392137505
"OG0000448",-0.0266122005135387,0.0247775265710712,-1.0740458873974,0.284761563840415,0.0359246212777138,0.0140138172158437,"total_length_mbp",0.912128392137505
"OG0000452",0.00857718486624091,0.0251124119516078,0.341551615303594,0.733231474947957,0.0096882209996987,-0.0128188648866718,"total_length_mbp",0.969173945086974
"OG0000473",0.0252453478990825,0.0210295555726872,1.20046987259544,0.232106835529046,0.305527137310156,0.289743663158115,"total_length_mbp",0.912128392137505
"OG0000500",0.00221075394030714,0.024731627373548,0.0893897480709931,0.92890765770786,0.0394931211702175,0.0176634193786315,"total_length_mbp",0.987688861644633
"OG0000501",0.00319192495977339,0.0252151813441715,0.126587428272103,0.89945956765039,0.00156618251939111,-0.0211254951506228,"total_length_mbp",0.987688861644633
"OG0000503",0.016278219063108,0.023274121440345,0.699412826595041,0.485524730078127,0.149368066079794,0.130035522127062,"total_length_mbp",0.940466592607081
"OG0000504",0.0089472795561798,0.0223726681802175,0.399920093754897,0.689861786694833,0.213985326743602,0.196121356896865,"total_length_mbp",0.969173945086974
"OG0000510",0.00217634914613212,0.0175292868102122,0.124155030931676,0.901381389802818,0.517470816844905,0.506504244500471,"total_length_mbp",0.987688861644633
"OG0000513",0.00996384182000614,0.0228302393749861,0.43643177175457,0.663236501659102,0.181505018818631,0.162902860155418,"total_length_mbp",0.969173945086974
"OG0000534",-0.0204627413158641,0.0248987444868769,-0.821838278899931,0.412650918715178,0.0264685466439463,0.0043428317949451,"total_length_mbp",0.938930351279462
"OG0000535",0.0284231632516106,0.0248547489931858,1.14357072201386,0.254871387438339,0.0299059212679243,0.00785832856946811,"total_length_mbp",0.912128392137505
"OG0000546",-0.00843398745398787,0.0248252667614706,-0.339734011119575,0.734596811881209,0.0322059707043098,0.0102106518566806,"total_length_mbp",0.969173945086974
"OG0000589",0.019229781573897,0.0209657001450609,0.917201974694234,0.360709575371542,0.30973821388063,0.29405044601428,"total_length_mbp",0.912128392137505
"OG0000594",0.0245102897363268,0.0233933011098558,1.04774822592269,0.296669295920055,0.140634108409572,0.121103065418881,"total_length_mbp",0.912128392137505
"OG0000598",-0.00626148318775359,0.0251131560606882,-0.249330795883328,0.803492473180374,0.00962953202102309,-0.0128788877057717,"total_length_mbp",0.986399528236604
"OG0000601",0.0130911625283514,0.0231717413578421,0.564962396489071,0.57305824760455,0.156835262936112,0.137672428002841,"total_length_mbp",0.940466592607081
"OG0000618",0.0222429171629834,0.0250905159178631,0.886506966847486,0.37695666152444,0.0114144149512005,-0.0110534392544539,"total_length_mbp",0.912128392137505
"OG0000620",0.0403171976350432,0.018671114159341,2.1593353932161,0.0326318191393459,0.45256121986884,0.440119429411313,"total_length_mbp",0.426932967073109
"OG0000639",0.0247260268333639,0.0248065976338512,0.996752041465883,0.32070857287966,0.0336610266926138,0.0116987772992642,"total_length_mbp",0.912128392137505
"OG0000679",-0.00741069368528249,0.0242561704301629,-0.305517876641698,0.760453021344439,0.0760689521040972,0.055070519197372,"total_length_mbp",0.983102366622943
"OG0000692",-0.0160750560794648,0.0245239546903336,-0.655483843549955,0.513297069569927,0.0555562417837934,0.0340916109152433,"total_length_mbp",0.940466592607081
"OG0000725",-0.000787077259925016,0.0251682206476111,-0.0312726620981736,0.975099327619369,0.00528168118191186,-0.017325553336681,"total_length_mbp",0.987688861644633
"OG0000728",0.0258501708188468,0.0249842990534037,1.03465663629755,0.30272111143556,0.0197667502533351,-0.0025112781499983,"total_length_mbp",0.912128392137505
"OG0000731",-0.0343622364255309,0.023843246475582,-1.44117272204192,0.1519039307124,0.107258205593985,0.0869686193574851,"total_length_mbp",0.847498204471399
"OG0000736",0.0231408830406484,0.0234280151450187,0.987744070396363,0.32508510980532,0.138081737370549,0.118492685947153,"total_length_mbp",0.912128392137505
"OG0000739",0.000592590820927025,0.0244037228710366,0.0242828040647166,0.980663700006608,0.0647940536005138,0.0435393730005255,"total_length_mbp",0.987688861644633
"OG0000761",-0.0409737136603528,0.0245039191471848,-1.67212899349859,0.0968676637440423,0.0570987918572733,0.0356692189449386,"total_length_mbp",0.669995528833357
"OG0000817",-0.0210813923970544,0.0215297355538864,-0.979175631037832,0.329284404122474,0.272098722538272,0.25555551168687,"total_length_mbp",0.912128392137505
"OG0000822",-0.0411493789476168,0.0249405083032141,-1.64990137519827,0.1013407393595,0.0231999089071027,0.000999906836809505,"total_length_mbp",0.669995528833357
"OG0000862",-0.00795446543426025,0.021197463626654,-0.375255529357681,0.708072727369711,0.294392987908168,0.278356464906081,"total_length_mbp",0.969173945086974
"OG0000887",-0.0112289140575784,0.0248086034881454,-0.452621771432805,0.651564142086542,0.0335047445958549,0.0115389433366698,"total_length_mbp",0.965052550071576
"OG0000893",0.00707694045907524,0.024440457184162,0.289558431978158,0.772608390022321,0.0619764503624363,0.0406577333252189,"total_length_mbp",0.983102366622943
"OG0000907",-0.0095205182661768,0.0247564571519696,-0.384567073056305,0.701177060489185,0.0375635154451874,0.0156899589780326,"total_length_mbp",0.969173945086974
"OG0000913",-0.0129561945256844,0.0250552528723194,-0.517104919743121,0.605948310876389,0.0141912443749777,-0.00821350007104549,"total_length_mbp",0.948412594623782
"OG0000949",-0.0258542127753088,0.023589481184901,-1.09600599405541,0.275071749330569,0.126160103393465,0.106300105743317,"total_length_mbp",0.912128392137505
"OG0000962",-0.0419450967563944,0.0248275626442888,-1.68945688939962,0.093492520820526,0.0320269559570205,0.0100275685924073,"total_length_mbp",0.669995528833357
"OG0001019",0.0242722279190559,0.0251443709129442,0.965314582858013,0.336152474615405,0.00716600410071407,-0.0153984048969968,"total_length_mbp",0.912128392137505
"OG0001038",-0.0129018431981323,0.0219039649253623,-0.589018620240458,0.556855456109312,0.246574072700406,0.22945075617087,"total_length_mbp",0.940466592607081
"OG0001079",0.0214468583742665,0.0238379665917499,0.89969328095665,0.36992187879857,0.10765354194896,0.0873729406296183,"total_length_mbp",0.912128392137505
"OG0001115",-0.0127030623130096,0.0250185198358747,-0.507746357352219,0.612478595229397,0.0170796769483181,-0.0052594213028565,"total_length_mbp",0.948412594623782
"OG0001127",0.0141285698040548,0.0241016942745721,0.586206498310816,0.558737820783847,0.0877996448340956,0.0670678185803251,"total_length_mbp",0.940466592607081
"OG0001135",0.0626010273165371,0.0245266018699841,2.55237262986475,0.0118377810722948,0.0553523393330058,0.0338830743178469,"total_length_mbp",0.265504518335754
"OG0001136",-0.0128806637940819,0.0201949234926013,-0.637816914671697,0.524697742546502,0.359558427784786,0.345002937507168,"total_length_mbp",0.940466592607081
"OG0001139",-0.0662279592186647,0.023651179016739,-2.80019694459174,0.00587455583200362,0.12158310298227,0.101619082595503,"total_length_mbp",0.230576316406142
"OG0001196",-0.0406569518978457,0.0222012545925995,-1.83129073756932,0.0693120315513396,0.225983667489713,0.208392387205389,"total_length_mbp",0.640116997268254
"OG0001202",0.0565516963631946,0.0246571613799431,2.29352014580216,0.0233982972319795,0.0452685130063592,0.0235700701201401,"total_length_mbp",0.392202919596404
"OG0001349",0.000817627691792277,0.0250748174620732,0.0326075231865188,0.974036824096916,0.0126510903675089,-0.00978865757868408,"total_length_mbp",0.987688861644633
"OG0001363",0.0222203333406487,0.0251190222531347,0.884601841454068,0.377979884755504,0.00916679589259814,-0.0133521405643882,"total_length_mbp",0.912128392137505
"OG0001395",-0.049301952308388,0.0246423696988399,-2.00069850874403,0.047476184012908,0.0464136446459025,0.024741227478764,"total_length_mbp",0.573366222309735
"OG0001398",-0.0252863766836044,0.0243677560926573,-1.03769820197863,0.301307742218984,0.0675486790463265,0.0463566035701067,"total_length_mbp",0.912128392137505
"OG0001408",-0.0152693080719707,0.0248240418641525,-0.61510160817206,0.539546585284544,0.0323014717176069,0.0103083233475525,"total_length_mbp",0.940466592607081
"OG0001688",0.061733856247703,0.0238579622799615,2.58755779405158,0.0107475419646735,0.106155883579319,0.0858412445697578,"total_length_mbp",0.265504518335754
"OG0001769",0.0278980211020864,0.0247675161768005,1.12639559425092,0.262041734569255,0.0367034581087672,0.0148103548839664,"total_length_mbp",0.912128392137505
"OG0001820",0.0112246612258499,0.022619757216836,0.496232612854716,0.620555606217738,0.196527588725314,0.178266852105435,"total_length_mbp",0.948412594623782
"OG0001885",-0.00309234102999365,0.0250972234607958,-0.123214467720868,0.902124680404112,0.0108857796199339,-0.0115940890250676,"total_length_mbp",0.987688861644633
"OG0001893",0.0575548039114301,0.0245280857535265,2.34648575880632,0.0204398233275213,0.0552380316496215,0.0337661687325674,"total_length_mbp",0.392202919596404
"OG0001918",-0.028069233309417,0.024763795010567,-1.13347866502043,0.259067762314132,0.0369928950678784,0.0151063699557847,"total_length_mbp",0.912128392137505
"OG0001927",-0.0312505131735633,0.0249446727305246,-1.25279307173761,0.21249585357716,0.0228736803846334,0.000666264029738795,"total_length_mbp",0.912128392137505
"OG0001929",-0.068814817218122,0.0233846917175863,-2.94272928842463,0.00384436088480905,0.141266533613638,0.121749863923038,"total_length_mbp",0.230576316406142
"OG0002370",-0.0232171354983391,0.024688162024586,-0.940415713215832,0.348722133514602,0.0428662983348518,0.0211132596606439,"total_length_mbp",0.912128392137505
"OG0002742",0.0193174799645321,0.0225686675086509,0.855942423589136,0.393580709437574,0.200152986924547,0.181974645718287,"total_length_mbp",0.922271214652226
"OG0002829",0.000622692644824458,0.0252309407629143,0.0246797236248805,0.980347698675881,0.000317755749396204,-0.0224022952562994,"total_length_mbp",0.987688861644633
"OG0002883",-0.00416561819661775,0.0232843943696465,-0.178901719773654,0.858289173852233,0.148616982067981,0.129267368024071,"total_length_mbp",0.987688861644633
"OG0002891",0.00477626962816833,0.0233052327162008,0.204944086434634,0.837931500768176,0.147092411325252,0.12770814794628,"total_length_mbp",0.987688861644633
"OG0002892",0.0085038567671399,0.023207834390153,0.366421813607394,0.714637002842607,0.1542065374694,0.134983958775523,"total_length_mbp",0.969173945086974
"OG0002893",0.0133887546363832,0.0231048482983234,0.57947814517158,0.563254262202901,0.161696395860583,0.142644041221051,"total_length_mbp",0.940466592607081
"OG0002919",0.0219250120895208,0.0250377270862655,0.875679010877462,0.382795241114178,0.0155698798968797,-0.00680353192364569,"total_length_mbp",0.912128392137505
"OG0003687",0.006359312608197,0.0251493525153419,0.252861882003428,0.800768303118384,0.00677256461695466,-0.0158007861872054,"total_length_mbp",0.986399528236604
"OG0003730",0.00542630980160019,0.0251230551244028,0.215989248709224,0.829329539663896,0.00884861284453211,-0.0136775550453649,"total_length_mbp",0.986399528236604
"OG0003808",-0.0133325623309917,0.0237230041401474,-0.562009864021753,0.575062375097324,0.116239758101062,0.0961542980579043,"total_length_mbp",0.940466592607081
"OG0003820",-0.0115186028240475,0.0249927742897374,-0.460877319601023,0.64564506451153,0.0191016031129778,-0.00319154227081819,"total_length_mbp",0.965052550071576
