accession,assembly,sample_name,location,latitude,longitude,pop_name,PC1,PC2,busco_complete_pct,contig_n50_mbp,total_length_mbp,OG0000009,OG0000012,OG0000015,OG0000016,OG0000022,OG0000024,OG0000027,OG0000029,OG0000030,OG0000039,OG0000040,OG0000042,OG0000045,OG0000046,OG0000047,OG0000049,OG0000054,OG0000060,OG0000065,OG0000074,OG0000075,OG0000077,OG0000083,OG0000087,OG0000090,OG0000093,OG0000095,OG0000096,OG0000100,OG0000103,OG0000106,OG0000107,OG0000118,OG0000126,OG0000141,OG0000142,OG0000147,OG0000150,OG0000159,OG0000164,OG0000170,OG0000182,OG0000184,OG0000185,OG0000186,OG0000192,OG0000196,OG0000199,OG0000205,OG0000206,OG0000210,OG0000217,OG0000220,OG0000224,OG0000228,OG0000242,OG0000255,OG0000261,OG0000264,OG0000266,OG0000269,OG0000271,OG0000276,OG0000297,OG0000298,OG0000299,OG0000319,OG0000325,OG0000329,OG0000338,OG0000343,OG0000348,OG0000361,OG0000367,OG0000372,OG0000375,OG0000382,OG0000384,OG0000385,OG0000386,OG0000388,OG0000402,OG0000434,OG0000440,OG0000442,OG0000445,OG0000448,OG0000452,OG0000473,OG0000500,OG0000501,OG0000503,OG0000504,OG0000510,OG0000513,OG0000534,OG0000535,OG0000546,OG0000589,OG0000594,OG0000598,OG0000601,OG0000618,OG0000620,OG0000639,OG0000679,OG0000692,OG0000725,OG0000728,OG0000731,OG0000736,OG0000739,OG0000761,OG0000817,OG0000822,OG0000862,OG0000887,OG0000893,OG0000907,OG0000913,OG0000949,OG0000962,OG0001019,OG0001038,OG0001079,OG0001115,OG0001127,OG0001135,OG0001136,OG0001139,OG0001196,OG0001202,OG0001349,OG0001363,OG0001395,OG0001398,OG0001408,OG0001688,OG0001769,OG0001820,OG0001885,OG0001893,OG0001918,OG0001927,OG0001929,OG0002370,OG0002742,OG0002829,OG0002883,OG0002891,OG0002892,OG0002893,OG0002919,OG0003687,OG0003730,OG0003808,OG0003820,cec_0_5cm,cec_5_15cm,pH_0_5cm,soc_5_15cm,bio3,bio4,bio8,bio10,bio13,bio15,bio18,te_int_frac
GCA_020911765.2,ASM2091176v2,ASM2091176v2,USA: Columbia,38.3,-92.3,Col-0,-0.636558665,3.842949962,99.4,26,133.917131,31,33,20,34,16,25,25,10,22,12,16,10,1,11,6,10,15,15,12,118,1,16,25,5,16,54,2,25,2,14,8,9,17,8,4,11,8,8,2,7,4,5,15,5,3,3,7,15,2,10,7,4,9,1,4,2,1,16,7,4,16,9,7,9,10,5,2,10,16,1,6,11,4,1,8,1,8,3,1,4,1,8,4,2,31,3,2,1,11,18,2,2,9,8,4,5,2,7,1,2,3,23,3,3,2,10,8,1,5,7,11,14,14,1,2,1,1,1,5,4,21,5,4,8,1,4,3,1,5,3,1,4,6,1,2,1,2,7,3,8,7,1,1,3,3,3,5,2,9,4,5,2,2,2,2,1,2,13.7,11.9,6.2,13,0.280999994,910.5,18.75,25.15,141.6,27.2,349.6,0.216152249
GCA_024498495.1,ASM2449849v1,ASM2449849v1,Sweden,55.72,13.19,Lu-1,-5.623779323,-0.175857359,99.4,9,122.660426,31,28,15,33,16,16,23,9,21,11,15,10,1,11,5,10,15,14,10,49,1,15,18,3,16,14,1,24,2,12,7,8,16,8,4,11,8,8,2,7,1,5,14,4,3,3,7,15,2,10,7,4,9,1,3,2,1,15,6,2,13,9,7,10,10,5,2,9,13,1,5,11,4,1,8,1,8,3,1,4,1,8,4,1,15,3,2,1,10,16,2,2,9,8,4,5,1,7,1,2,3,24,3,3,2,10,8,1,4,7,11,12,5,1,2,1,1,1,5,4,21,5,4,8,0,4,3,0,5,3,1,4,6,1,2,1,2,7,3,7,7,0,0,3,3,3,4,2,3,3,5,2,2,2,2,0,2,21,14.6,6.2,18.9,0.273000002,616.6,12.55,15.95,79.8,20.8,221.3,0.162986936
GCA_025388435.1,AtA1-141.20181003,AtA1-141.20181003,France,43.5235,1.4761,TOU-A,-4.704628287,0.8724731,99.1,13,119.744458,30,29,16,30,16,15,22,8,21,11,15,9,1,11,4,10,11,15,12,15,1,11,18,4,16,14,2,22,2,13,10,9,12,8,4,12,8,8,2,7,4,4,11,4,3,3,7,15,1,10,7,4,9,1,3,2,1,14,1,3,13,9,6,10,10,5,2,9,13,1,5,11,4,1,7,1,8,3,1,4,1,8,3,2,21,3,2,1,9,10,2,1,9,8,4,5,1,7,1,2,3,17,3,2,2,9,8,1,4,7,7,10,5,1,2,1,1,1,5,4,23,5,4,5,0,4,3,1,5,3,1,4,5,1,2,0,2,6,3,7,7,1,0,2,3,3,4,2,9,2,5,2,2,2,2,1,2,20.9,16,6.9,9.9,0.354999995,572.5,15.45,20.85,83.4,17.7,162.6,0.145026394
GCA_036926925.1,ASM3692692v1,ASM3692692v1,USA,37.75,-119.58,Yo-0,-3.517701948,0.948883491,99.5,14,131.797805,31,29,18,30,16,14,24,10,21,11,16,9,1,11,6,10,13,14,9,28,1,13,20,1,15,26,1,22,2,13,7,8,14,8,4,12,8,8,2,7,3,4,14,4,3,3,7,15,2,10,7,4,9,1,4,2,1,16,6,3,14,9,7,9,10,5,2,9,14,1,4,10,4,1,8,1,8,2,1,4,1,8,4,2,18,3,2,1,10,8,2,2,9,8,4,5,1,7,1,2,3,11,3,3,2,10,7,1,4,7,8,12,5,1,2,0,1,1,5,4,20,5,4,8,1,4,2,1,5,3,1,4,6,1,2,0,2,7,3,7,6,1,0,1,3,3,4,2,2,3,5,2,2,2,2,0,2,11.5,8.1,5.8,21,0.403999996,650.1,1.45,17.65,201.2,77.8,38.8,0.219901265
GCA_036926965.1,ASM3692696v1,ASM3692696v1,Canada,49.18,-123.13,Ri-0,-3.099133473,1.444566743,99.4,15,128.196233,31,28,16,34,16,13,22,10,22,11,15,10,1,11,5,10,13,14,12,82,1,11,21,5,16,17,2,23,2,13,9,9,16,8,4,11,8,7,2,7,2,5,12,5,3,3,7,14,1,10,7,4,9,0,4,2,1,15,7,3,17,9,9,9,10,5,2,9,14,1,5,11,4,1,8,1,8,3,1,4,0,8,3,2,20,3,2,1,10,18,2,2,9,7,4,5,1,7,0,2,3,24,3,3,2,10,7,1,5,7,10,11,5,1,2,1,1,0,5,4,21,5,4,8,1,4,3,1,5,3,1,4,6,1,2,1,2,7,3,7,7,1,0,2,3,3,4,0,7,3,5,1,2,1,2,1,2,20.8,17.5,6.6,21,0.274000001,486.5,5.45,17.15,251.6,50.6,168.4,0.19306994
GCA_036926975.1,ASM3692697v1,ASM3692697v1,Japan,34.73,136.5,Tsu-0,-5.308597692,1.901203943,99.4,13,129.592295,30,32,17,31,16,13,23,10,20,11,15,10,1,11,5,10,15,13,9,92,1,13,18,2,16,25,1,24,2,6,7,9,16,8,4,11,8,8,2,7,4,5,10,5,3,3,7,15,2,10,7,4,9,1,3,2,1,14,7,4,14,9,8,9,10,5,2,10,13,1,6,12,4,1,8,1,8,3,1,4,1,8,4,2,11,2,2,1,10,9,2,2,9,5,4,5,2,7,1,1,3,15,3,3,2,9,7,1,5,7,8,12,14,1,2,1,1,1,5,4,20,5,4,8,0,4,3,1,5,3,1,4,6,1,2,0,2,7,3,7,7,1,1,2,3,3,4,2,3,2,5,1,2,2,2,1,2,20.8,17.5,6.6,21,0.238000011,741.5,25.85,25.85,270.6,47.9,639.7,0.206692134
GCA_036927025.1,ASM3692702v1,ASM3692702v1,Tajikistan,38.59,68.79,Shahdara,1.105134431,11.90310389,99.4,14,133.190498,31,30,17,32,16,17,26,10,21,11,15,10,1,11,6,10,15,15,9,62,1,12,17,3,15,27,2,22,2,12,9,8,14,8,3,11,8,6,2,7,2,5,9,4,3,3,7,15,1,11,7,4,9,0,3,2,0,15,6,2,11,9,7,9,10,4,2,9,15,1,4,10,4,1,8,1,8,3,1,4,1,8,3,2,5,3,2,1,11,16,2,1,8,8,4,5,1,7,0,1,3,14,3,3,2,10,8,1,4,7,7,8,5,0,2,0,1,1,4,4,24,5,4,5,1,4,3,1,5,3,0,4,6,1,2,0,2,6,3,7,7,1,0,2,3,3,4,2,3,3,5,2,2,2,2,0,2,20.8,17.5,6.6,21,0.332999992,878,8.45,24.85,148.5,71.6,37.5,0.226318622
GCA_036927045.1,ASM3692704v1,ASM3692704v1,Russia,53.33,49.48,Shigu-2,0.402660751,10.14329059,99.4,14,130.970342,31,29,17,35,16,16,23,10,21,11,15,10,1,11,5,10,12,14,10,70,1,15,17,4,15,21,2,21,2,12,8,9,11,8,4,11,8,8,2,7,2,5,9,5,3,3,7,15,1,10,7,3,9,0,3,2,1,14,7,2,14,9,6,9,10,5,2,8,15,1,4,11,4,1,8,1,8,3,1,4,1,8,4,2,8,2,2,1,10,17,2,1,9,8,4,5,2,7,0,1,3,24,3,3,2,9,8,1,5,6,7,10,5,0,2,0,1,1,5,4,21,5,4,7,1,4,1,1,5,3,0,4,6,1,2,0,2,7,3,7,7,1,0,2,3,2,4,1,3,4,5,2,2,1,2,1,1,29.6,31,6.9,25.3,0.189999998,1123.8,19.05,19.05,71,18.5,192.7,0.214426881
GCA_036927085.1,ASM3692708v1,ASM3692708v1,Norway,60.39,6.19,Oy-0,-4.357578617,0.499063005,99.4,14,131.393858,29,30,18,35,16,16,23,10,22,11,15,9,1,11,4,10,13,13,10,32,1,13,19,5,14,17,2,23,2,7,8,9,14,8,4,11,8,8,2,7,3,5,13,4,3,3,7,15,1,11,7,4,9,1,3,2,1,16,7,3,15,9,7,9,10,5,2,10,13,1,5,11,4,1,7,1,8,3,1,4,1,8,4,2,13,3,2,1,11,15,2,1,9,8,4,5,2,7,1,2,3,17,3,3,2,10,8,1,5,7,7,11,5,0,2,1,1,1,5,4,19,5,4,7,1,4,2,1,5,3,1,4,6,1,2,0,2,7,3,8,7,1,0,1,3,3,4,2,8,3,5,3,1,1,2,1,2,20.8,17.5,6.6,21,0.250999999,665.6,-0.45,15.75,300.8,32.3,449.3,0.214851314
GCA_036927245.1,ASM3692724v1,ASM3692724v1,France,43.69,7.33,JEA,-2.243855794,-5.52476403,99.4,14,129.770716,31,27,18,30,14,17,24,10,22,11,15,10,1,11,4,10,14,13,12,98,1,13,19,5,15,14,1,22,2,7,7,6,13,8,4,11,7,8,2,7,3,5,12,4,2,3,7,13,1,10,7,4,9,1,3,2,1,16,5,2,16,9,7,9,10,5,2,10,15,1,6,10,4,1,8,0,8,3,1,4,0,8,4,2,15,3,2,1,9,16,2,2,9,8,4,5,1,7,1,2,3,14,3,2,1,8,7,1,5,7,6,11,5,1,2,1,1,1,5,4,18,5,4,8,1,4,1,1,5,3,1,4,6,1,2,0,2,7,3,6,7,1,1,1,3,3,4,2,1,3,5,1,2,2,2,1,1,20.8,17.5,6.6,21,0.251999998,529.8,13.25,22.75,121.8,49.9,78.9,0.207794731
GCA_036927255.1,ASM3692725v1,ASM3692725v1,Netherlands,52.24,4.45,Nok-1,-4.440360308,-1.360959217,99.4,13,132.638367,31,28,17,34,16,14,22,9,21,11,16,10,1,11,6,10,15,13,9,89,1,12,16,4,15,14,1,22,2,7,8,9,13,8,4,11,8,6,2,7,3,5,9,4,3,3,7,15,1,10,7,4,9,0,3,2,1,16,7,3,10,9,5,9,10,5,2,10,14,1,5,10,4,1,8,1,8,3,1,4,1,8,4,2,17,3,2,1,10,11,2,2,9,8,4,5,2,7,1,2,3,28,3,3,2,10,7,1,5,7,8,11,8,1,2,1,1,1,5,4,23,5,4,8,0,4,2,1,4,3,1,4,6,1,2,0,2,6,3,8,7,1,0,3,3,3,4,2,7,3,5,2,2,2,2,1,2,20.8,17.5,6.6,21,0.236999989,486.2,11.75,16.65,108,23.8,274.5,0.221450389
GCA_036927265.1,ASM3692726v1,ASM3692726v1,Switzerland,46.21,6.14,Ge-0,-3.329946727,0.061433168,99.4,14,132.491861,31,29,15,33,15,14,24,8,23,11,15,10,1,11,5,10,13,14,10,86,1,12,18,5,16,18,1,23,2,7,9,9,15,8,4,11,8,8,2,7,2,4,15,4,3,3,7,13,1,10,7,4,8,1,3,2,1,16,7,3,15,9,10,9,10,5,2,10,15,1,6,10,4,1,7,1,8,3,1,4,1,8,3,2,17,3,2,1,10,16,2,2,9,8,4,5,1,7,0,2,3,17,3,3,2,10,7,1,5,7,8,11,5,1,2,0,1,1,5,4,18,5,4,8,0,4,2,0,5,3,1,4,6,1,2,1,2,7,3,7,7,1,0,2,3,3,4,2,3,3,5,1,2,2,2,1,2,20.8,17.5,6.6,21,0.330999994,660.7,6.95,19.75,114.2,12.7,260.5,0.223794615
GCA_036927275.1,ASM3692727v1,ASM3692727v1,Italy,37.51,15.09,Ct-1,-3.855775991,1.328811351,99.4,13,131.229381,31,30,15,34,16,15,21,10,21,11,15,10,1,11,4,10,13,14,10,90,1,12,19,4,16,21,1,22,2,9,9,8,14,8,4,12,8,7,2,7,2,5,15,4,3,3,7,15,2,10,7,3,9,1,4,2,1,16,6,3,14,9,7,9,10,5,2,10,13,1,5,11,4,1,8,1,8,3,1,4,1,8,4,2,18,3,2,1,9,18,2,2,9,8,4,5,2,7,1,1,3,14,3,2,2,9,8,1,3,7,10,12,8,1,2,1,1,1,5,4,22,5,4,7,1,4,2,1,5,3,1,4,6,1,2,0,2,7,3,7,7,1,0,2,3,4,4,2,8,2,5,2,2,2,2,1,2,20.8,17.5,6.6,21,0.304999995,571.9,13.45,26.15,100.4,65,31.8,0.214532933
GCA_036927285.1,ASM3692728v1,ASM3692728v1,Spain,29.21,-13.48,Can-0,5.147860995,-2.047137878,99.4,12,129.962383,31,30,18,30,16,13,22,10,22,11,16,9,0,11,4,10,14,13,11,91,1,14,16,2,15,7,2,24,2,11,6,9,12,8,3,11,8,6,1,7,2,5,14,3,3,3,7,15,1,10,7,4,9,0,3,2,1,16,6,4,14,9,4,9,10,5,2,9,15,1,6,10,4,1,7,1,8,3,1,4,1,8,2,2,15,3,2,1,7,14,2,1,9,6,4,5,1,7,1,2,3,4,3,1,1,10,6,1,4,7,5,10,5,1,2,0,1,1,5,4,20,5,4,6,1,4,2,1,5,3,1,3,6,1,2,0,2,6,3,7,7,0,0,1,3,3,5,2,3,3,4,2,2,2,2,0,2,15.2,13.8,7.7,6.6,0.124000001,261.5,15.75,22.15,40.7,87.4,6.1,0.209547312
GCA_036927355.1,ASM3692735v1,ASM3692735v1,Spain,41.24,-3,Cant-1,7.728230843,-1.856729114,99.4,13,135.625973,30,29,15,29,15,14,23,10,22,11,15,9,0,11,5,10,12,13,10,68,1,12,14,3,14,12,2,22,2,13,8,8,12,8,4,12,7,6,2,7,4,5,11,4,2,3,7,15,1,10,7,4,9,0,2,2,0,11,6,4,13,9,8,9,10,5,2,10,13,1,5,10,4,1,8,0,8,3,1,4,1,8,4,2,13,2,2,1,10,7,2,2,9,5,4,4,1,7,0,2,3,18,3,1,2,9,8,1,4,7,6,11,5,1,2,1,1,1,5,4,20,5,4,6,0,4,2,1,5,3,0,4,6,1,2,0,2,7,3,5,7,0,0,2,3,3,5,2,3,3,5,2,2,2,2,1,2,19.8,19.4,7.7,12.4,0.370000005,649.4,7.25,20.25,72.1,34.7,88.5,0.239455034
GCA_036927365.1,ASM3692736v1,ASM3692736v1,Czech Republic,48.3,19.85,Blh-1,-3.821166333,2.002623887,99.4,14,129.606757,30,29,17,33,16,14,22,10,22,11,15,10,1,11,4,10,11,12,12,100,1,13,19,5,15,18,1,23,2,7,7,8,12,8,4,11,8,8,2,7,3,5,14,6,3,3,7,15,0,10,7,4,9,1,4,2,1,14,6,3,11,9,8,9,10,5,2,10,14,1,5,12,4,1,8,1,8,3,1,4,1,8,3,2,16,3,2,1,10,15,2,2,9,8,4,5,1,7,1,2,3,14,2,3,2,9,8,1,4,6,8,12,8,1,2,0,1,1,5,4,21,5,4,6,1,4,2,1,5,3,1,4,6,1,2,0,2,7,3,7,7,1,1,2,3,3,4,2,9,2,4,2,2,2,2,0,1,19.6,19.4,6.7,16.2,0.301999998,764.7,17.15,18.55,83.5,32.5,218.6,0.206703683
GCA_036927375.1,ASM3692737v1,ASM3692737v1,Ireland,53.87,-9.39,Bur-0,-3.970941565,0.283635142,99.4,14,131.802682,31,30,15,33,16,15,22,10,20,11,16,10,1,11,5,10,13,12,9,74,1,13,15,2,15,10,2,24,2,8,8,9,11,8,4,11,8,8,2,7,2,5,11,4,3,3,7,15,1,10,7,4,9,0,3,2,1,17,6,3,14,9,8,9,10,5,2,9,13,1,4,11,4,1,7,1,8,3,0,4,1,8,4,2,18,3,2,1,11,17,2,2,8,8,4,5,2,7,0,1,3,10,3,3,2,9,7,1,5,7,8,11,5,0,2,1,1,1,5,4,21,5,4,8,1,4,2,1,5,3,0,4,6,0,2,0,2,6,3,7,7,1,0,2,3,3,4,2,9,2,5,3,2,2,1,0,2,25,18.6,5.4,68,0.36099999,345.1,5.95,13.95,179.5,26.3,285.6,0.220773656
GCA_036927385.1,ASM3692738v1,ASM3692738v1,Germany,49.95,11.57,Bay-0,-5.074285853,2.404594223,99.4,14,130.22903,30,28,16,34,16,15,22,10,21,11,15,6,1,11,6,10,15,13,11,103,1,15,16,3,16,18,2,23,2,14,7,9,13,8,4,11,8,7,2,7,4,5,14,4,3,3,7,15,1,11,7,4,9,0,4,2,1,12,6,3,14,9,9,9,10,5,2,10,13,1,6,11,4,1,8,1,8,3,1,4,1,7,3,2,16,3,2,1,11,16,2,2,9,8,4,5,1,7,1,1,3,13,3,2,2,10,8,1,4,7,11,9,5,1,2,1,1,1,5,4,21,5,4,7,0,4,3,1,5,3,1,4,6,1,2,0,2,7,3,6,7,1,0,1,3,3,5,2,8,2,4,2,2,2,2,1,2,20.8,17.5,6.6,21,0.281999993,694.7,0.85,17.55,87.3,13.5,230,0.208390165
GCA_036927435.1,ASM3692743v1,ASM3692743v1,Portugal,32.74,-16.93,Are-10,15.63177468,-1.069643775,99.3,14,135.806046,31,29,17,30,16,16,20,10,22,11,16,9,0,11,5,10,13,13,13,74,1,12,13,2,14,14,2,20,2,12,6,9,12,8,3,11,7,8,2,7,3,5,6,2,2,3,8,15,1,10,7,4,9,0,2,2,0,13,6,2,13,9,6,9,10,4,2,10,15,1,4,10,4,1,8,0,8,3,1,4,1,8,4,2,16,2,2,1,8,16,2,2,7,5,3,5,2,7,0,2,3,9,3,2,2,9,8,1,5,7,7,10,5,1,2,1,1,1,5,4,21,5,4,5,0,4,2,1,5,3,1,4,6,1,2,0,2,7,3,7,7,1,1,2,3,3,4,2,3,3,4,1,2,2,2,1,2,19.8,19.1,5.4,45.8,0.225,413.3,8.65,17.85,429.1,60.7,190.9,0.239482652
GCA_036927455.1,ASM3692745v1,ASM3692745v1,Portugal,32.74,-16.93,Are-6,16.44777467,-1.178117919,99.3,14,134.784271,31,29,17,29,16,17,19,10,22,11,16,9,0,11,5,10,12,13,14,82,1,11,15,2,14,14,2,21,2,12,6,9,12,8,4,11,7,8,2,7,4,5,6,3,2,3,8,13,1,10,7,4,9,0,2,2,0,14,5,2,13,9,5,9,10,4,2,9,15,1,5,10,4,1,8,1,8,3,1,4,1,8,4,2,13,2,2,1,8,16,2,2,8,6,3,5,2,7,0,2,3,11,3,2,2,9,8,1,5,7,7,10,5,1,2,1,1,1,5,4,21,5,4,5,0,4,2,1,5,3,1,4,6,1,2,0,2,7,3,7,7,1,1,2,3,3,4,2,3,3,4,1,2,2,2,1,2,19.8,19.1,5.4,45.8,0.225,413.3,8.65,17.85,429.1,60.7,190.9,0.233720981
GCA_036927475.1,ASM3692747v1,ASM3692747v1,Portugal,32.74,-16.93,Are-2,15.73205475,-1.196104888,99.3,14,137.599959,31,29,17,30,16,16,20,10,22,11,16,9,0,11,5,10,12,13,15,70,1,11,14,2,14,14,2,21,2,12,6,9,12,8,4,11,7,6,2,7,4,5,6,2,2,3,8,15,1,10,7,4,9,0,2,2,0,14,5,2,13,9,3,9,10,4,2,9,15,1,5,10,4,1,8,1,8,3,1,4,1,8,4,2,16,2,2,1,8,16,2,2,8,6,3,5,2,7,0,2,3,11,3,2,2,9,8,1,5,7,7,9,5,1,2,1,1,1,5,4,20,5,4,5,0,4,2,1,5,3,1,4,6,1,2,0,2,7,3,7,7,1,1,2,3,3,4,2,3,3,4,1,2,2,2,0,2,19.8,19.1,5.4,45.8,0.225,413.3,8.65,17.85,429.1,60.7,190.9,0.249662255
GCA_036927485.1,ASM3692748v1,ASM3692748v1,Iran,37.5,49.37,Anz-0,-2.694465218,-1.501522979,99.4,12,137.297184,31,29,18,32,16,15,22,10,20,12,15,9,1,11,5,10,15,14,10,62,1,12,16,5,15,48,2,22,2,8,10,9,12,8,4,11,8,7,2,7,2,4,9,5,3,3,7,15,2,10,7,4,9,1,3,2,1,16,6,4,14,8,6,9,8,5,2,9,12,1,5,11,4,1,8,1,8,3,1,4,0,8,4,2,17,3,2,1,9,17,2,2,9,7,4,5,2,7,1,2,3,19,3,3,2,9,7,1,4,7,7,12,5,1,2,1,1,1,5,4,20,4,4,8,1,4,3,1,5,2,1,4,6,1,2,0,2,7,3,7,7,1,1,2,3,3,4,2,3,3,5,1,2,2,2,1,2,23,20.5,7.1,18.4,0.144000006,651.1,19.15,25.05,211.6,52.7,157.4,0.229944607
GCA_036927505.1,ASM3692750v1,ASM3692750v1,Armenia,40.14,44.82,Geg-14,0.761503405,8.102330966,99.4,11,131.282113,31,32,18,33,16,11,24,10,21,12,15,9,1,11,5,10,11,14,10,99,1,14,18,3,15,20,1,23,2,14,10,9,13,8,4,11,8,8,2,7,2,5,12,4,3,3,7,15,1,10,7,4,9,1,3,2,1,13,7,2,12,9,8,9,10,5,2,9,15,1,5,11,4,1,8,1,8,3,1,4,1,8,4,2,16,2,2,1,11,16,2,1,9,8,4,5,2,7,0,2,3,14,3,3,2,9,8,1,5,7,5,12,5,0,2,0,1,1,5,4,21,5,4,8,1,4,2,1,4,3,0,4,6,1,2,0,2,5,2,7,7,1,0,2,3,3,4,2,2,3,5,2,2,2,2,0,2,28.8,26.4,6.8,21.8,0.281999993,918.2,5.35,17.95,102.4,37.4,142.9,0.209337985
GCA_036936705.1,ASM3693670v1,ASM3693670v1,Germany,50.28,8.36,Db-1,-5.026352643,-0.707632629,99.4,19,137.524412,31,32,18,33,16,17,23,8,22,11,15,9,1,11,5,10,15,13,10,62,1,16,19,5,15,54,1,23,2,7,10,8,13,8,4,11,8,8,2,7,4,5,10,5,3,2,7,15,1,11,7,4,9,0,3,2,0,15,7,4,16,9,9,9,10,5,2,10,14,1,6,10,3,1,8,1,8,3,1,4,1,8,4,2,8,2,2,1,10,14,2,2,9,8,4,5,1,7,1,2,2,14,3,3,2,10,8,1,4,7,7,12,5,1,2,1,1,0,4,4,20,5,4,5,0,4,3,1,5,3,1,4,6,1,2,0,2,7,3,8,7,1,1,2,3,3,4,2,6,4,5,2,2,2,2,1,2,29.6,20,6,22.9,0.31500001,598.6,14.45,15.95,80,9.9,224.2,0.234301536
GCA_036936715.1,ASM3693671v1,ASM3693671v1,Estonia,59.45,24.76,Est-0,-2.072829453,-1.156626244,99.4,13,135.155182,31,28,16,35,16,26,23,10,22,12,15,9,1,11,5,10,12,14,9,57,1,14,17,3,16,14,2,23,2,13,9,8,15,8,4,11,8,7,2,7,1,5,15,4,3,3,7,15,2,10,7,4,9,1,4,2,1,14,8,3,15,9,7,9,10,5,2,10,13,1,5,11,4,1,8,1,8,3,1,4,1,8,3,2,11,3,2,1,10,14,1,2,9,6,4,5,2,7,1,2,3,18,3,3,2,10,7,1,4,6,7,11,14,0,2,1,1,1,5,4,22,5,4,8,0,4,2,0,5,3,0,4,6,1,2,0,2,6,3,7,7,1,1,3,3,3,4,2,9,2,4,2,2,2,2,1,2,20.8,17.5,6.6,21,0.188,767.8,11.75,16.25,81.7,31.8,215.7,0.228662931
GCA_036936845.1,ASM3693684v1,ASM3693684v1,India,34.2,76.83,Kas-1,-1.306230599,9.091412053,99.4,9,136.722755,31,29,17,33,16,16,21,10,21,11,16,9,1,11,5,10,11,13,9,111,1,13,19,5,16,20,1,24,2,8,7,8,13,8,4,11,6,8,2,7,3,5,14,4,3,3,7,15,1,10,7,4,9,1,3,2,1,15,7,3,12,9,5,9,10,5,2,10,15,1,5,12,4,1,8,1,8,3,1,4,1,8,4,2,5,3,2,1,11,17,2,2,9,8,4,5,2,7,0,1,3,19,3,3,2,10,7,1,5,6,7,12,5,0,2,1,1,1,5,4,20,5,4,7,1,4,2,1,4,3,0,4,6,1,2,0,2,7,3,7,7,1,1,2,3,2,4,2,8,3,5,2,2,2,2,1,2,16.2,15.8,7.9,8.2,0.29000001,962.1,-11.55,8.55,63.9,30.5,133.4,0.228835573
GCA_036936885.1,ASM3693688v1,ASM3693688v1,Poland,52.24,21.01,Mh-0,-4.533806844,-2.414710726,99.4,21,135.76787,31,30,18,31,16,16,23,10,22,11,15,10,1,11,6,10,13,13,12,66,1,14,24,4,16,48,2,22,2,13,7,9,15,8,4,11,8,8,2,7,2,5,13,5,2,3,7,15,1,11,7,4,9,1,3,2,1,16,7,3,15,9,8,9,10,5,2,9,16,1,5,10,4,1,8,1,8,3,1,4,1,8,3,2,11,3,2,1,10,12,2,2,9,7,4,5,2,7,0,1,3,19,3,3,2,9,8,1,5,6,7,12,5,1,2,1,1,1,5,4,20,5,4,5,1,4,2,1,5,3,1,4,6,1,2,0,2,7,3,8,7,1,0,2,3,3,4,2,9,4,5,2,2,2,2,1,2,20.8,17.5,6.6,21,0.263000011,741.1,17.95,17.95,78.5,34.4,221.5,0.220507179
GCA_036936895.1,ASM3693689v1,ASM3693689v1,Italy,44.5,9.5,Mr-0,-0.263698445,-0.585899229,99.4,14,139.368761,31,28,17,32,16,18,22,9,21,11,14,9,1,11,5,10,14,13,11,89,1,14,17,5,15,54,1,22,2,9,10,9,12,8,4,11,8,8,2,7,4,5,10,4,3,3,7,15,0,10,7,4,9,0,4,2,1,15,8,3,13,8,9,7,10,5,2,9,14,1,5,10,4,1,8,1,8,3,1,4,1,8,3,2,9,3,2,1,10,18,2,2,9,7,4,5,2,7,1,2,3,13,3,2,2,7,7,1,5,7,8,10,5,1,2,1,1,1,5,4,19,5,5,8,1,4,3,1,5,3,1,4,6,1,2,0,2,7,3,6,7,1,1,1,3,3,4,2,3,3,5,3,2,2,2,1,1,20.9,17,5.8,60.6,0.292000008,584.3,8.65,15.65,217,35.9,248.2,0.239660027
GCA_036936905.1,ASM3693690v1,ASM3693690v1,Russia,55.78,37.62,Ms-0,-1.363249966,9.141792668,99.4,13,136.611995,31,29,17,33,16,17,21,10,21,11,16,9,1,11,5,10,11,13,9,111,1,13,19,5,16,17,1,24,2,8,7,8,13,8,4,11,6,8,2,7,3,5,14,4,3,3,7,15,1,10,7,4,9,1,3,2,1,15,7,3,12,9,5,9,10,5,2,10,15,1,5,12,4,1,8,1,8,3,1,4,1,8,4,2,5,3,2,1,11,17,2,2,9,8,4,5,2,7,0,1,3,19,3,3,2,10,7,1,5,6,7,12,5,0,2,1,1,1,5,4,20,5,4,7,1,4,2,1,4,3,0,4,6,1,2,0,2,7,3,7,7,1,1,2,3,2,4,2,8,3,5,2,2,2,2,1,2,20.8,17.5,6.6,21,0.203999996,958,17.45,17.45,86.2,29.5,251.2,0.229549096
GCA_036936915.1,ASM3693691v1,ASM3693691v1,Portugal,40.23,-8.43,Co-4,-0.457973833,-3.288405517,99.4,15,134.924136,31,29,18,32,16,15,22,10,21,11,16,10,1,11,4,10,10,13,9,96,1,12,17,4,13,40,1,21,2,11,6,9,14,8,4,12,8,8,2,7,1,5,13,4,3,3,7,15,1,11,7,4,9,1,3,2,0,14,8,3,14,9,7,9,10,5,2,9,15,1,6,11,3,1,8,1,8,3,1,4,1,8,4,2,14,2,2,1,10,16,2,2,9,7,4,5,2,7,0,1,3,16,3,3,1,10,8,1,5,6,9,10,5,1,2,1,1,1,5,4,24,5,4,8,1,4,2,1,5,3,1,4,6,1,2,0,2,7,3,7,6,0,0,2,2,3,4,2,3,2,5,2,2,2,2,0,2,19.5,17.5,7,15,0.428000021,435.3,13.05,21.05,149.4,52.8,84.4,0.221423615
GCA_036936945.1,ASM3693694v1,ASM3693694v1,Estonia,58.3,25.3,Est-1,-3.088040584,5.042336285,99.4,12,136.582209,30,30,17,35,16,15,23,8,21,12,16,10,1,11,5,10,15,15,9,92,1,13,20,5,16,16,1,23,2,14,9,9,15,8,4,11,8,8,2,7,4,5,13,4,3,3,7,15,2,11,7,4,9,0,3,2,1,15,6,4,14,9,6,9,10,5,2,10,13,1,6,12,4,1,8,1,8,2,1,4,1,8,4,2,17,3,2,1,11,16,2,2,9,8,4,5,1,7,1,2,3,19,3,3,2,10,8,1,5,7,10,9,5,1,2,0,1,1,5,4,21,5,4,5,1,4,2,1,5,3,1,4,5,1,2,0,2,7,3,8,7,1,1,2,3,3,4,2,9,3,4,2,2,2,2,1,2,24.3,12.1,6.3,19.5,0.225,784.6,16.15,16.15,95,28.4,272.9,0.230376945
GCA_036936955.1,ASM3693695v1,ASM3693695v1,Lebanon,33.92,35.7,Had-6b,2.540721969,-1.371624728,99.4,12,134.6256,30,28,15,30,14,16,21,8,18,11,15,10,1,11,5,10,11,13,10,66,1,13,19,3,15,38,2,22,1,14,7,9,12,8,4,11,7,6,2,7,1,5,11,2,3,3,6,15,1,10,7,4,9,0,3,2,1,15,7,3,15,8,8,8,10,5,2,9,14,1,5,9,4,1,8,0,8,3,1,4,1,8,4,2,11,2,2,1,9,15,2,2,9,7,4,5,1,7,1,2,3,8,3,2,2,9,8,1,4,6,8,12,5,1,2,1,1,1,5,4,20,5,4,4,0,4,2,1,5,3,1,4,6,1,2,1,2,7,3,6,7,1,1,3,3,2,5,2,3,3,4,1,2,2,2,1,2,26.6,26,6.4,14.5,0.356999993,620.2,6.15,21.85,277,96.7,9.6,0.215435608
GCA_036937005.1,ASM3693700v1,ASM3693700v1,Japan,34.51,133.36,Hiroshima,2.694118372,7.766139277,99.4,22,140.38768,31,30,14,30,16,15,21,10,21,11,15,9,1,11,5,10,13,13,9,73,1,13,14,2,15,46,1,22,2,12,10,9,14,8,4,11,8,8,2,7,2,5,15,4,3,2,7,15,1,10,7,4,9,1,3,2,1,15,6,2,10,9,6,9,10,4,2,10,16,1,4,11,4,1,8,1,8,3,1,4,1,8,4,2,16,3,2,1,10,16,2,2,9,8,4,5,1,7,1,2,3,20,3,3,2,10,8,1,4,7,7,11,5,1,2,0,1,1,5,4,24,5,4,8,1,4,2,1,5,3,0,4,6,1,2,0,2,7,3,7,7,1,1,2,2,2,4,2,3,4,5,2,2,2,2,0,2,12.4,9.9,5.7,15.5,0.246000004,770.2,23.55,27.05,205.1,51.3,457,0.245409248
GCA_036937185.1,ASM3693718v1,ASM3693718v1,Japan,36.66,136.65,Ishikawa,3.740946503,4.536705099,99.3,10,140.867131,31,30,14,30,16,15,21,9,21,11,15,9,1,11,5,10,13,13,9,73,1,13,14,2,15,53,1,22,2,12,10,7,14,8,4,11,8,7,1,7,3,5,14,4,3,2,7,15,1,10,7,4,9,1,3,2,1,15,6,2,10,9,6,9,10,4,2,10,15,1,4,11,4,1,8,1,8,3,1,4,1,8,4,2,16,3,2,1,10,16,2,2,9,6,4,5,1,7,1,2,3,20,3,3,2,10,7,1,4,7,7,11,5,1,2,0,1,1,5,4,24,5,4,5,1,4,3,1,5,3,0,4,6,1,2,0,2,7,3,7,7,1,1,2,2,2,4,2,3,4,5,2,2,2,2,0,2,22,15.8,5.2,27.1,0.21400001,802.2,7.55,25.45,291.9,24.8,636,0.249337974
GCA_036937335.1,ASM3693733v1,ASM3693733v1,Kyrgyzstan,40.05,72.6,Kyr-1,2.190912395,11.58853828,99.3,11,136.70868,31,28,17,33,16,16,26,10,21,11,15,10,1,11,6,10,14,15,10,69,1,13,17,4,15,54,2,23,2,9,7,8,13,8,4,11,8,8,2,7,1,5,9,4,3,3,7,15,1,11,7,4,9,1,3,2,0,14,7,2,14,9,7,9,10,4,2,10,16,1,5,10,4,1,8,1,8,3,1,4,1,8,4,2,16,3,1,1,11,17,2,2,9,8,4,5,2,7,0,1,3,14,3,3,2,10,8,1,5,7,7,11,5,0,2,0,1,1,5,4,21,5,4,5,1,4,3,1,4,3,0,4,6,1,2,0,2,6,3,7,7,1,0,1,3,4,4,2,3,3,5,3,2,2,2,0,2,20.8,17.4,6.8,27.7,0.251999998,769.9,7.25,12.55,84.6,41.1,148.1,0.228878159
GCA_036937385.1,ASM3693738v1,ASM3693738v1,Russia,51.75,80.83,Nov-02,0.757729269,10.99464648,99.4,10,139.499752,31,32,15,36,16,14,23,10,21,11,15,10,1,11,5,10,11,14,9,98,1,13,14,4,16,53,2,24,2,9,8,7,13,8,4,12,8,8,2,7,2,5,9,4,3,3,7,15,1,11,7,4,9,0,3,2,0,15,6,2,11,8,7,9,9,5,2,9,14,1,4,10,4,1,8,1,8,3,1,4,1,8,3,2,5,2,2,1,11,15,2,1,9,8,4,5,2,7,0,1,3,26,3,3,2,9,8,1,4,7,7,10,5,0,2,0,1,1,5,4,21,5,4,5,1,4,3,1,4,3,0,4,5,1,2,0,2,7,3,7,7,1,0,2,3,3,4,2,8,3,5,2,2,2,2,1,2,23.1,23.1,7.2,18.3,0.217000008,1286.5,19.65,19.65,55.5,39.8,127.9,0.244881805
GCA_036937455.1,ASM3693745v1,ASM3693745v1,United Kingdom,57.15,-2.22,Abd-0,-3.857584071,0.023913178,99.4,18,134.127428,31,28,18,28,16,17,21,10,21,11,16,10,1,11,5,10,15,13,9,70,1,14,16,5,16,18,2,21,2,7,10,9,14,8,4,12,8,8,2,7,3,5,10,4,3,3,7,13,0,10,7,4,9,1,3,2,0,15,6,4,15,9,9,9,10,5,2,8,13,1,4,10,4,1,7,1,8,2,1,4,1,8,4,2,10,2,2,1,11,14,2,2,9,8,4,5,1,7,1,1,3,24,3,2,2,9,7,1,5,7,9,7,5,1,2,1,1,0,5,4,22,5,4,8,1,4,2,1,5,3,1,4,6,1,2,0,2,6,3,7,7,1,0,2,3,3,4,2,2,2,5,2,2,2,2,1,1,21.2,13.8,5.6,42.3,0.297000003,346.5,6.85,12.95,119,18.8,239.3,0.217585683
GCA_036937465.1,ASM3693746v1,ASM3693746v1,Russia,56.27,34.33,Rld-2,-2.36998223,7.487545014,99.4,15,138.707443,30,28,17,33,16,13,23,8,20,11,15,10,1,11,5,10,14,15,8,61,1,14,19,5,16,16,2,22,2,14,9,8,15,8,4,11,8,8,2,7,2,5,13,4,3,3,7,15,2,11,7,4,9,0,3,2,1,14,6,3,11,9,9,9,10,5,2,9,13,1,5,12,4,1,8,1,8,3,1,4,1,8,4,2,17,3,2,1,11,17,2,2,9,8,4,5,1,7,1,2,3,19,3,3,2,10,8,1,5,7,10,11,5,1,2,0,1,1,5,4,22,5,4,5,1,4,3,1,5,3,1,4,5,1,2,0,2,7,3,8,7,1,0,2,3,3,4,2,2,3,5,2,2,2,2,1,2,20.8,17.5,6.6,21,0.202999997,908,16.75,16.75,84.9,35.8,252.2,0.238497382
GCA_036937475.1,ASM3693747v1,ASM3693747v1,China,47.76,88.4,Altai-5,1.539636368,10.65316719,99.4,15,137.014786,31,33,17,33,16,14,22,10,22,11,15,9,1,11,6,10,11,14,9,113,1,13,15,4,15,54,2,22,2,12,9,6,11,8,3,12,8,6,2,7,1,5,9,4,3,3,7,15,1,11,7,4,9,0,3,2,0,15,6,3,14,9,7,9,10,4,2,9,15,2,5,10,4,1,8,1,8,3,1,4,1,8,4,2,5,2,2,1,10,16,2,1,8,7,4,5,1,7,0,1,3,25,3,3,2,10,7,1,4,7,7,12,5,0,2,0,1,1,5,4,21,5,4,6,1,4,3,1,4,3,1,4,6,1,2,0,2,6,3,7,7,1,1,1,3,3,4,2,3,4,5,2,2,2,2,0,1,20.8,21,8.2,14.8,0.268000007,1311.2,19.15,19.15,64.7,37.9,151.9,0.230579713
GCA_036937505.1,ASM3693750v1,ASM3693750v1,Kyrgyzstan,42.3,74.37,Kar-1,1.903975537,10.26511089,99.4,10,134.343331,31,28,18,31,16,17,25,10,21,11,15,10,1,11,6,10,13,14,10,70,1,12,16,3,16,53,1,21,2,14,9,8,13,8,4,11,8,8,2,7,1,5,9,4,3,3,7,15,1,10,7,4,9,1,3,2,1,15,5,3,14,9,7,9,10,4,2,9,14,1,5,10,4,1,8,1,8,3,1,4,1,8,3,2,8,4,2,1,11,16,2,1,9,8,4,5,2,7,0,1,3,25,3,3,2,10,8,1,4,7,7,12,5,0,2,0,1,1,4,4,21,5,4,7,1,4,3,1,4,3,0,4,6,1,2,0,2,6,3,7,7,1,0,3,3,3,4,2,3,3,5,3,2,2,2,0,2,24.9,22.8,6.7,29.6,0.269000006,916.3,9.65,11.55,68.8,38.1,159.6,0.219704683
GCA_036937515.1,ASM3693751v1,ASM3693751v1,USA,41.56,-86.43,RRS10,-2.945154287,0.125456217,99.4,12,137.553993,31,29,18,32,16,14,23,10,19,11,16,9,1,11,6,10,13,13,9,63,1,13,23,2,15,17,1,22,2,13,7,9,14,8,4,12,8,8,2,7,3,5,14,3,3,3,7,15,1,10,7,4,9,1,4,2,1,16,7,3,15,9,7,9,10,5,2,9,14,1,4,10,4,1,8,1,7,2,1,4,1,8,4,2,18,3,2,1,10,10,2,1,9,8,4,5,1,7,1,2,3,22,3,3,2,10,8,1,5,7,8,11,5,1,2,1,1,1,5,4,18,5,4,5,1,4,2,1,5,3,0,4,6,1,2,0,2,7,3,7,7,1,0,1,3,2,5,2,2,3,5,2,2,2,2,0,2,15.5,10.1,6,11.6,0.254999995,942.5,20.05,22.15,119,21.9,338.2,0.237533126
GCA_036937805.1,ASM3693780v1,ASM3693780v1,Ukraine,50.47,30.52,Rubezhnoe-1,0.146312824,8.422026086,99.4,7,137.009881,31,29,17,34,16,14,20,10,22,11,15,9,1,11,5,10,12,13,10,79,1,12,18,0,15,14,2,23,2,9,9,8,14,8,4,11,8,8,2,7,1,5,14,4,3,3,7,15,1,10,7,4,9,0,3,2,1,15,6,2,10,9,7,9,10,5,2,10,13,1,3,11,4,1,8,1,8,3,1,4,1,8,3,2,23,3,2,1,10,11,2,1,9,8,4,5,1,7,0,2,3,17,3,3,2,10,7,1,5,6,7,12,5,0,2,1,1,1,5,4,23,5,4,7,1,4,2,1,4,3,1,4,6,1,2,0,1,7,3,7,7,1,0,2,3,2,4,0,3,3,5,2,2,2,2,1,2,20.8,17.5,6.6,21,0.229999995,886.6,19.45,19.45,83.4,30,222.9,0.239653058
GCA_036937815.1,ASM3693781v1,ASM3693781v1,Kyrgyzstan,42.19,73.41,Sus-1,2.053658198,10.61284295,99.4,6,136.024298,31,29,17,31,16,15,23,10,21,11,15,9,0,11,6,10,15,14,10,88,0,13,16,3,16,52,1,22,2,12,9,8,13,8,3,11,8,8,2,7,1,5,9,4,3,3,7,15,1,11,7,4,9,0,3,2,0,15,6,3,14,9,7,9,10,4,2,9,16,1,5,10,4,1,8,1,8,3,1,4,1,8,4,2,11,2,2,1,11,16,2,2,9,7,4,5,1,7,0,2,3,17,3,3,2,10,7,1,5,7,7,12,5,0,2,0,1,1,5,4,21,4,4,5,1,4,3,1,4,3,0,4,6,1,2,0,2,6,3,7,7,1,0,3,3,3,4,2,3,3,5,3,2,2,2,0,1,23.3,21.8,6.4,27.2,0.270000005,815.2,6.15,11.35,90.4,33,196.9,0.224810805
GCA_036937985.1,ASM3693798v1,ASM3693798v1,Spain,40.44,-3.7,Sah-0,12.95845386,-2.311591293,99.4,9,141.634957,31,30,17,31,16,15,22,9,22,11,16,9,0,11,5,10,14,14,12,85,1,12,14,4,13,27,2,21,2,12,6,9,11,8,4,11,8,6,2,7,3,5,14,3,2,3,7,15,1,9,7,4,9,0,2,2,1,15,6,3,15,9,5,9,10,5,1,10,13,1,4,11,4,1,7,1,8,3,1,4,1,8,4,2,24,3,2,1,9,12,2,2,9,5,4,5,2,7,0,2,3,8,3,1,2,8,8,1,4,7,8,12,5,1,2,1,1,1,5,4,19,5,4,6,0,4,2,1,5,3,1,4,6,1,2,0,2,7,3,4,7,1,0,2,3,3,5,2,3,4,5,1,2,2,2,0,2,20.8,17.5,6.6,21,0.36400001,711.4,9.95,24.25,57.5,46.2,42.9,0.250696415
GCA_036938785.1,ASM3693878v1,ASM3693878v1,Kyrgyzstan,42.8,76.35,Zal-1,0.091534618,9.603413713,99.4,8,132.046556,31,32,16,34,16,20,25,10,21,11,15,10,1,11,6,10,15,15,10,70,1,13,15,4,15,18,2,23,2,13,9,7,13,8,4,11,8,8,2,7,2,5,9,4,2,3,7,15,1,10,7,4,9,0,3,2,0,15,6,2,12,9,9,9,10,4,2,10,16,1,5,10,4,1,8,1,8,3,1,4,1,8,3,2,5,3,2,1,11,16,2,1,9,8,4,5,2,7,0,1,3,15,3,3,2,10,8,1,4,7,7,11,5,0,2,0,1,1,4,4,21,5,4,6,1,4,1,1,5,3,0,4,6,1,2,0,2,6,3,7,7,1,0,1,3,3,4,2,3,3,5,2,2,2,2,0,2,20.6,20.2,6.7,38.8,0.274000001,799.8,9.35,11.45,147.4,60.6,343.7,0.220057848
GCA_036939995.1,ASM3693999v1,ASM3693999v1,Morocco,31.47,-7.41,Elh-2,3.093125934,-1.411572196,99.4,12,136.542177,31,29,17,32,15,13,21,10,22,11,14,10,1,11,4,10,14,13,10,95,1,15,20,2,13,14,2,22,2,13,7,9,11,8,4,11,7,8,2,7,2,5,11,4,3,3,7,15,1,10,7,4,9,1,3,2,0,15,6,2,14,9,2,9,10,5,2,9,14,1,4,10,4,1,8,1,8,3,1,4,1,8,4,2,15,3,2,1,10,21,2,2,8,5,4,5,2,7,1,2,3,5,3,2,2,9,7,1,4,7,8,12,5,1,2,1,1,0,5,4,20,5,4,5,0,4,3,1,5,3,1,4,6,1,2,0,2,7,3,8,7,1,0,3,2,2,4,2,3,3,5,2,2,2,2,1,1,16.2,17.5,6.4,22.1,0.43499999,559.7,8.95,20.35,78.2,24.8,111.2,0.237583373
GCA_036940305.1,ASM3694030v1,ASM3694030v1,United Kingdom,55.96,-3.19,Edi-0,-5.102552011,-1.244221465,99.4,16,135.069682,31,27,16,34,16,14,21,10,22,11,13,9,1,11,5,10,15,13,11,82,1,13,19,4,15,14,1,21,2,7,7,8,13,8,4,11,8,7,2,7,3,4,14,5,3,3,7,15,1,10,7,4,9,0,3,2,0,16,7,3,14,9,10,10,8,5,2,9,16,1,5,11,4,1,8,1,8,3,1,4,1,8,4,2,15,2,2,1,10,13,2,1,9,8,4,5,1,7,1,2,3,27,3,3,2,9,6,1,4,7,8,12,5,1,2,1,1,0,5,4,24,5,4,5,0,4,2,1,5,3,1,4,6,1,2,0,2,7,3,7,7,0,1,2,3,3,4,2,2,3,5,3,2,2,2,1,1,20.8,17.5,6.6,21,0.327999997,388.3,10.05,14.65,90.5,16.1,206.9,0.224485484
GCA_036940335.1,ASM3694033v1,ASM3694033v1,Italy,37.7,14.98,Etna-2,-0.069406312,-2.555839383,99.3,10,140.694555,31,28,16,33,15,15,22,9,21,11,15,10,1,11,4,10,12,13,10,79,1,13,17,5,15,43,2,22,2,11,7,9,11,8,2,11,8,6,2,7,3,5,10,5,3,3,7,14,0,10,7,4,9,0,4,2,0,16,5,3,14,8,4,9,10,5,2,8,13,1,5,11,4,1,8,1,8,3,1,4,1,8,4,1,17,2,2,1,10,17,2,2,9,8,4,4,2,7,1,2,3,23,3,3,2,9,8,1,5,6,8,11,5,1,2,1,1,1,5,4,20,5,4,8,0,4,2,1,5,3,1,4,6,1,2,0,2,7,3,6,7,1,0,1,3,3,5,0,2,3,5,2,2,1,2,1,2,16.4,16.6,6.6,29,0.342000008,592.3,0.95,14.25,152.3,48.6,97.2,0.240771699
GCA_036940405.1,ASM3694040v1,ASM3694040v1,Russia,62.13,34.02,N13,1.348458056,7.609373942,99.4,10,135.306961,30,31,18,36,15,15,23,10,22,11,16,9,1,11,5,10,13,14,10,116,1,15,15,1,13,15,2,23,2,8,9,8,15,8,4,11,8,8,2,7,3,5,12,5,3,3,7,16,1,11,7,4,9,1,3,2,1,15,5,3,15,9,5,9,10,5,2,8,13,1,5,10,4,1,8,1,8,3,1,4,1,8,3,2,16,3,2,1,10,12,2,1,9,7,4,5,2,7,0,2,3,17,3,3,2,9,7,1,5,6,7,11,5,0,2,1,1,1,5,4,21,5,4,6,1,4,2,1,5,3,1,4,6,1,2,0,2,7,3,7,7,1,0,2,3,3,4,2,2,3,5,1,2,2,2,1,2,74.9,18.4,4.6,51.7,0.169000006,944,15.45,15.45,87.7,35,249.2,0.22970813
GCA_036940415.1,ASM3694041v1,ASM3694041v1,Germany,51.07,13.3,No-0,-5.220906995,2.664285655,99.3,20,136.157527,31,30,15,31,16,18,21,10,21,11,15,9,1,11,4,10,11,15,12,110,1,15,19,4,15,39,2,23,2,13,9,8,13,8,4,11,8,7,2,7,2,4,13,5,3,3,7,15,2,10,7,4,9,1,3,2,1,12,6,3,13,9,4,9,10,5,2,10,12,1,5,11,4,1,8,1,8,2,1,4,1,8,4,2,23,3,2,1,9,16,2,2,8,8,4,5,2,7,1,1,3,16,3,3,2,9,8,1,5,6,11,11,14,1,2,0,1,1,5,4,21,5,4,7,1,4,2,1,5,3,1,4,6,1,2,0,2,7,3,7,7,1,1,1,3,3,5,2,6,2,5,2,2,2,2,1,2,29,15.1,6.4,17.3,0.281999993,651.5,17.25,17.25,88.8,21.6,238.5,0.228532984
GCA_036940605.1,ASM3694060v1,ASM3694060v1,Lebanon,34.1,35.84,Qar-8a,1.148175639,-2.615377368,99.5,13,135.870149,31,28,16,31,15,14,25,10,22,12,15,10,1,11,4,10,14,14,9,60,1,13,14,4,13,32,2,21,2,13,7,9,14,8,4,11,7,6,2,7,2,4,11,4,2,2,7,14,1,10,7,4,9,0,3,2,1,13,6,3,14,8,4,9,10,5,2,10,15,1,5,9,4,1,8,0,8,3,1,4,1,8,4,2,8,3,2,1,9,16,2,1,9,7,2,5,1,7,1,2,3,19,3,1,2,9,8,1,4,6,11,9,5,1,2,1,1,1,5,4,18,5,4,5,1,4,2,1,5,3,1,4,5,1,2,0,2,7,3,7,7,1,0,2,3,2,5,0,3,3,5,3,2,1,2,0,2,25.2,24.8,6.4,21.3,0.336999989,635.6,3.95,19.95,292.9,93.5,12.3,0.218819558
GCA_036940615.1,ASM3694061v1,ASM3694061v1,Spain,41.78,3.03,Sf-2,-1.557721732,-3.25833499,99.4,14,139.781231,31,31,15,33,16,14,22,9,21,11,15,9,1,11,5,10,14,13,10,99,1,12,13,3,16,14,2,22,2,13,7,8,15,8,4,12,8,8,2,7,1,4,10,4,3,3,7,15,1,10,7,4,9,1,3,2,0,16,6,4,16,9,7,10,10,5,2,9,13,1,5,10,4,1,7,1,8,3,1,4,0,8,3,2,16,2,1,1,10,10,2,2,9,7,4,5,2,7,1,2,3,13,3,3,2,10,8,1,4,6,10,11,5,1,2,1,1,1,4,4,21,5,4,7,1,4,2,1,5,3,1,4,6,1,2,0,2,7,3,7,7,1,0,0,3,3,4,2,8,2,4,1,2,2,2,1,2,20.8,17.5,6.6,21,0.295000005,519.2,17.25,23.05,102.4,35.3,128,0.242877851
GCA_036940625.1,ASM3694062v1,ASM3694062v1,USA,43.27,-85.26,Tul-0,-2.95509856,0.119223495,99.4,19,136.927174,31,29,18,32,16,14,23,10,19,11,16,9,1,11,6,10,13,13,9,63,1,13,23,2,15,17,1,22,2,13,7,9,14,8,4,12,8,8,2,7,3,5,14,3,3,3,7,15,1,10,7,4,9,1,4,2,1,16,7,3,15,9,7,9,10,5,2,9,14,1,4,10,4,1,8,1,8,2,1,4,1,8,4,2,18,3,2,1,10,9,2,1,9,8,4,5,1,7,1,2,3,22,3,3,2,10,8,1,5,7,8,11,5,1,2,1,1,1,5,4,18,5,4,5,1,4,2,1,5,3,0,4,6,1,2,0,2,7,3,7,7,1,0,1,3,2,5,2,2,3,5,2,2,2,2,0,2,11.5,3.7,5.2,11.2,0.247000003,943.2,15.55,20.65,99.3,23.4,252.4,0.237047586
GCA_036940635.1,ASM3694063v1,ASM3694063v1,Iceland,64.92,-18.48,Ice-1,-2.659389892,0.144254272,99.4,12,134.4408,31,27,16,30,15,16,23,8,22,12,15,9,1,11,5,10,13,14,10,64,0,11,20,3,16,17,1,23,1,14,9,9,16,8,4,12,8,8,2,7,2,5,10,5,3,3,7,14,2,10,7,4,9,1,3,2,1,15,7,3,12,9,7,10,10,5,2,9,14,1,5,11,4,1,8,1,8,3,1,4,1,8,4,2,31,3,2,1,10,11,2,2,9,8,4,5,2,7,1,1,3,17,3,2,1,10,8,1,4,7,5,11,5,1,2,1,1,1,5,4,18,5,4,6,0,4,1,1,5,3,1,4,6,1,2,0,2,7,3,7,7,1,0,2,3,3,5,2,8,2,5,2,2,2,2,1,2,25.3,18.6,5.7,78.5,0.255999994,459.9,2.75,6.15,117.7,20.3,247.9,0.217332648
GCA_036940645.1,ASM3694064v1,ASM3694064v1,Portugal,32.75,-17.13,Rab-R1,15.09325115,-1.240024436,99.3,8,147.576663,30,30,17,30,16,15,22,10,22,11,15,9,0,11,5,10,13,13,9,86,1,11,14,2,14,14,2,21,2,12,6,9,12,8,3,11,7,8,2,7,3,5,8,3,2,3,8,15,1,10,7,4,9,0,2,2,0,15,6,3,13,8,6,9,10,4,2,9,15,1,4,10,4,1,8,1,8,3,1,4,1,8,4,2,16,2,2,1,8,16,2,1,8,5,3,5,2,7,0,2,3,4,3,2,2,9,8,1,5,7,7,10,5,1,2,1,1,1,5,4,21,5,4,5,0,4,2,1,5,2,1,4,6,1,1,0,2,7,3,8,7,1,0,2,2,2,5,2,3,2,4,1,2,2,2,0,2,21.1,15.8,5.3,49.6,0.21500001,359.4,10.55,18.45,542.9,63.2,207.7,0.270337059
GCA_036940715.1,ASM3694071v1,ASM3694071v1,Sweden,59.34,18.06,St-0,-4.272651939,1.931208994,99.4,9,134.536582,31,30,17,32,16,13,22,10,21,11,16,10,1,11,5,10,14,14,11,61,1,16,19,4,16,29,2,22,2,7,8,9,12,8,4,11,8,8,2,7,4,5,14,5,3,3,7,15,0,10,7,4,9,1,4,2,1,16,7,3,13,8,5,10,10,5,2,9,14,1,6,11,4,1,7,1,8,3,1,4,1,7,4,2,19,3,2,1,10,14,2,2,9,8,4,5,2,7,1,2,3,8,3,3,2,10,7,1,4,7,8,11,5,1,2,1,1,1,5,4,18,5,4,7,0,4,2,1,5,3,1,4,6,1,2,0,2,7,3,7,7,1,0,3,3,3,4,2,9,3,5,1,2,2,2,1,2,20.8,17.5,6.6,21,0.208999991,691.9,15.85,15.85,69.3,26.7,193.5,0.224929559
GCA_036940825.1,ASM3694082v1,ASM3694082v1,Russia,52.84,36.92,Stw-0,-4.392189382,1.302730874,99.4,12,134.702517,30,29,13,35,16,14,23,10,21,11,16,10,1,11,6,10,13,14,10,88,1,14,17,4,15,22,1,23,2,9,9,8,15,8,4,12,8,7,2,7,3,5,11,6,3,3,7,15,1,11,7,3,9,1,4,2,1,15,6,2,13,9,4,9,10,5,2,10,14,1,6,11,4,1,8,1,8,3,1,4,1,8,4,2,18,3,2,1,9,14,2,2,9,8,4,5,2,7,1,1,3,17,3,3,2,9,8,1,3,7,7,13,5,1,2,1,1,1,5,4,18,5,4,7,0,4,2,1,5,3,1,4,6,1,2,0,2,7,3,7,7,1,1,2,3,3,4,2,8,2,5,2,2,2,2,1,2,32.5,28.3,6.1,28.6,0.21400001,962.5,18.05,18.05,85.4,26.8,233.2,0.221707683
GCA_036940995.1,ASM3694099v1,ASM3694099v1,Tanzania,-2.87,36.12,Tanz-1,6.063272077,-1.126780099,99.3,14,143.441239,29,29,13,33,16,15,21,10,19,11,14,10,1,11,6,9,13,13,12,99,1,14,14,1,15,13,1,20,2,10,7,9,12,7,4,11,7,6,1,7,3,5,12,4,2,3,7,15,1,10,6,4,9,1,4,2,1,14,7,3,11,9,4,9,10,5,1,8,12,1,5,10,4,1,8,0,8,3,1,4,1,7,4,2,25,3,2,1,10,16,2,1,8,5,4,5,2,7,1,2,3,3,3,2,2,8,7,1,4,7,9,9,5,1,1,1,1,1,5,4,21,3,4,3,1,4,2,1,5,2,1,4,5,1,2,1,2,7,3,7,7,1,0,2,2,2,5,2,7,3,4,2,2,2,2,0,2,22.5,22.5,7.5,10.1,0.684000015,154.7,24.75,25.85,140.6,88.9,171.1,0.262677555
GCA_036941165.1,ASM3694116v1,ASM3694116v1,Morocco,34.09,-4.1,Taz-0,3.304339865,-3.319520246,99.3,6,140.182658,30,28,18,27,16,15,21,10,22,11,16,9,1,11,4,10,14,13,10,116,1,12,16,5,12,14,2,23,2,8,9,9,9,8,4,10,7,6,2,7,3,5,13,5,3,3,7,15,1,9,7,4,9,0,3,2,0,13,6,3,15,9,4,9,10,5,2,8,13,1,5,10,4,0,8,0,8,3,1,4,1,8,4,2,19,2,2,1,10,15,2,2,9,4,4,4,2,7,1,1,3,10,3,3,2,9,8,1,5,7,10,11,5,1,2,1,1,1,5,4,17,5,4,5,1,4,1,1,5,3,1,4,6,1,2,1,2,7,3,7,7,1,0,1,4,4,4,2,3,3,4,2,2,2,2,1,0,14.3,13.2,7.1,11.2,0.388000011,605.3,7.25,21.65,152.1,71.1,20.7,0.236164811
GCA_036941295.1,ASM3694129v1,ASM3694129v1,Belarus,53.92,27.57,ws-4,-4.705707782,3.598203032,99.4,22,138.894149,30,31,18,35,16,15,24,10,22,12,16,9,1,11,5,10,13,14,10,62,1,16,16,4,15,9,1,23,2,14,7,9,15,8,4,11,8,8,2,7,3,5,10,4,3,3,7,15,2,11,7,4,8,0,3,2,1,15,7,2,14,9,8,9,10,5,2,10,14,1,6,10,4,1,8,1,8,3,1,4,1,8,4,2,16,3,2,1,10,14,2,1,9,8,4,5,1,7,1,2,3,10,3,3,2,10,8,1,4,7,10,11,5,0,2,0,1,1,5,4,21,5,4,8,0,4,2,1,5,3,1,4,6,1,2,0,2,6,3,8,7,1,0,2,3,3,4,2,8,2,5,2,2,2,2,1,1,20.8,17.5,6.6,21,0.226999998,846.4,16.95,16.95,89.9,30.5,248.2,0.240943944
GCA_036941465.1,ASM3694146v1,ASM3694146v1,Morocco,35.45,-5.43,Zin9,11.60600332,-2.18802903,99.3,13,138.431362,30,31,17,29,16,14,21,10,21,11,16,10,0,11,4,10,13,13,12,86,1,15,18,2,14,14,2,20,2,13,6,9,10,8,3,12,7,6,2,6,3,5,14,4,2,3,7,15,1,10,7,4,9,0,3,2,1,13,7,3,16,9,7,9,10,5,2,10,13,1,6,10,4,1,8,1,8,3,1,4,1,8,4,2,15,3,2,1,9,13,2,1,9,6,4,5,1,7,0,2,3,13,3,2,2,10,8,1,4,7,6,9,5,1,2,1,1,1,5,4,20,5,4,5,1,4,2,1,5,3,1,4,5,1,2,0,2,7,3,5,7,0,0,1,2,2,5,2,3,3,3,1,2,2,2,0,2,21.1,19.3,6.2,21.1,0.39000001,443.1,13.05,23.45,130.7,70.3,30.1,0.233106361
GCA_036941635.1,ASM3694163v1,ASM3694163v1,France,44.59,-1.24,PYL-1,-0.676529126,1.41086703,99.4,11,142.799389,31,29,15,32,16,13,21,10,21,11,15,10,1,11,4,10,14,13,8,98,1,15,22,5,14,14,2,23,2,13,9,9,13,8,4,11,8,6,2,7,3,5,11,4,3,3,6,14,1,10,7,4,9,1,3,2,1,15,7,4,15,8,8,9,10,5,2,9,14,1,5,10,4,1,8,1,8,3,1,4,1,8,4,2,11,3,2,1,10,16,2,2,9,8,4,5,2,7,1,2,3,19,3,3,2,10,7,1,5,7,7,13,5,1,2,1,1,1,5,4,20,5,4,8,1,4,3,1,5,3,0,4,6,1,2,0,2,7,3,7,7,1,0,2,2,3,4,2,9,4,5,2,2,2,2,1,1,20.8,17.5,6.6,21,0.261999989,461.7,12.15,20.35,118.9,29.3,176.8,0.245018527
GCA_036941785.1,ASM3694178v1,ASM3694178v1,Italy,40.18,16.45,Valsi-1,-4.926255334,-1.499083692,99.4,18,135.622609,31,28,18,30,16,16,22,10,21,11,14,10,1,11,4,10,12,13,10,81,1,13,17,4,15,7,2,22,2,13,10,9,15,8,4,11,7,8,2,7,1,5,10,4,3,3,7,15,1,10,7,4,9,0,3,2,1,14,7,4,16,9,7,10,10,5,2,10,16,1,5,11,4,1,8,1,8,3,1,4,1,8,4,1,16,3,2,1,11,15,2,2,9,7,4,5,2,7,1,2,3,15,3,3,2,10,8,1,4,6,9,11,5,1,2,1,1,1,5,4,23,5,4,7,1,4,2,1,5,3,1,4,6,1,2,0,2,7,3,7,7,1,1,2,3,3,5,2,9,3,5,3,2,2,2,1,2,21.4,18.8,7.4,18.2,0.325999999,638.1,13.55,25.15,86.1,32.1,97,0.22688689
GCA_036941915.1,ASM3694191v1,ASM3694191v1,Turkey,38.3,42.22,Dog-4,-1.255478402,2.886090948,99.4,13,137.696377,31,29,17,34,16,14,22,10,22,11,16,9,1,11,5,10,14,14,10,66,1,15,14,2,15,18,1,23,1,8,9,6,12,8,4,11,8,8,2,7,4,5,13,4,3,3,7,15,1,10,7,4,9,0,3,2,1,14,6,3,12,9,6,9,10,5,2,9,17,1,5,11,4,1,8,1,8,3,1,4,1,8,3,2,15,3,2,1,11,17,2,2,9,6,4,4,1,7,1,1,3,19,3,3,2,8,8,1,4,6,7,9,5,1,1,1,1,1,5,4,20,5,4,8,1,4,2,1,5,3,1,4,6,1,2,0,2,7,3,7,7,1,0,2,3,4,4,2,3,3,5,2,2,1,2,0,2,22.2,19.2,6.7,25.4,0.280999994,978.7,2.85,22.75,173.6,64.3,45.4,0.232823569
GCA_036941985.1,ASM3694198v1,ASM3694198v1,Turkey,38.64,42.24,Nemrut-1,-0.51115424,4.243800325,99.4,14,136.602798,31,29,16,36,16,14,23,10,21,11,15,9,1,11,5,10,11,13,11,94,1,13,15,2,16,24,2,21,2,11,7,8,13,8,4,6,6,7,2,7,2,5,9,4,3,3,7,15,1,10,7,4,9,0,3,2,1,12,7,3,12,9,8,9,10,5,2,10,16,1,5,10,4,1,8,1,8,3,1,4,1,8,4,2,15,3,2,1,10,16,2,2,9,8,4,5,2,7,0,1,3,26,3,3,2,9,8,1,4,7,7,12,5,0,2,1,1,1,5,4,22,4,4,7,1,4,2,1,5,3,0,4,6,1,2,0,2,7,3,7,7,1,0,2,3,3,4,2,3,4,5,1,2,2,2,1,2,19.2,18.6,7,24.9,0.252999997,912.3,-1.45,17.35,214.1,60.2,71.1,0.227366543
GCA_036942075.1,ASM3694207v1,ASM3694207v1,Morocco,31.47,-7.42,Toufl-1,3.135939473,-0.264157641,99.4,19,137.130331,31,28,17,35,16,12,21,10,22,11,13,9,1,11,5,10,13,13,14,89,1,15,18,1,13,14,2,21,2,14,7,9,11,8,3,11,7,8,2,6,3,5,11,4,3,3,7,15,1,10,7,4,9,0,3,2,0,16,6,2,16,9,7,8,10,5,2,9,14,1,6,10,4,1,8,1,8,3,1,4,1,8,4,2,15,3,2,1,10,17,2,2,8,8,4,5,2,7,1,2,3,15,3,2,2,9,7,1,4,7,7,11,5,0,2,1,1,1,5,4,21,5,4,6,0,4,3,1,5,3,1,4,6,1,2,0,2,7,3,8,7,1,0,3,3,2,4,2,3,2,5,2,2,2,2,1,1,17.8,17.8,6.8,15.2,0.436000013,559.7,8.45,19.85,81.2,24.8,115.7,0.226294006
GCA_036942405.1,ASM3694240v1,ASM3694240v1,Portugal,32.74,-16.93,Are-1,16.06276396,-1.33537747,99.3,14,132.833845,30,29,17,30,16,16,20,10,22,11,16,9,0,11,5,10,13,13,16,70,1,12,13,2,14,14,2,21,2,12,6,9,12,8,3,11,7,6,2,7,3,5,6,3,2,3,8,15,1,10,7,4,9,0,2,2,0,12,7,2,13,9,5,9,10,4,2,10,14,1,4,9,4,1,8,1,8,2,1,4,1,8,4,2,16,2,2,1,8,16,2,2,7,5,3,5,2,7,0,2,3,10,3,2,2,9,8,1,5,7,6,9,5,1,2,1,1,1,5,4,21,5,4,3,0,4,2,1,5,3,1,4,6,1,2,0,2,7,3,7,7,1,1,2,3,3,5,2,3,3,4,1,2,2,2,1,2,19.8,19.1,5.4,45.8,0.225,413.3,8.65,17.85,429.1,60.7,190.9,0.225032551
GCA_036942435.1,ASM3694243v1,ASM3694243v1,Poland,52.74,15.24,Col-0,-0.636558665,3.842949962,99.4,14,129.256504,31,33,20,34,16,20,25,10,22,12,16,10,1,11,6,10,15,15,12,87,1,16,25,5,16,54,2,25,2,14,8,9,17,8,4,11,8,8,2,7,4,5,15,5,3,3,7,15,2,10,7,4,9,1,4,2,1,16,7,4,16,9,7,9,10,5,2,10,16,1,6,11,4,1,8,1,8,3,1,4,1,8,4,2,31,3,2,1,11,18,2,2,9,8,4,5,2,7,1,2,3,23,3,3,2,10,8,1,5,7,11,14,14,1,2,1,1,1,5,4,21,5,4,8,1,4,3,1,5,3,1,4,6,1,2,1,2,7,3,8,7,1,1,3,3,3,5,2,9,4,5,2,2,2,2,1,2,24.2,16,6.5,13.9,0.276999998,693.1,18.15,18.15,75.5,24,203,0.205230462
GCA_036942445.1,ASM3694244v1,ASM3694244v1,Spain,41.68,2.79,Bla-1,-4.374095295,-1.583314467,99.4,14,127.968228,30,28,15,33,16,15,22,10,22,11,14,10,1,11,6,10,14,13,9,86,1,14,16,4,15,14,1,22,2,12,7,9,13,8,4,12,8,8,2,7,2,5,11,5,2,3,7,15,0,11,7,4,9,0,3,2,1,13,8,3,13,9,9,9,10,5,2,10,16,1,5,12,4,1,8,1,8,3,1,4,1,8,4,2,18,2,2,1,9,15,2,2,9,8,4,3,2,7,1,1,3,22,3,3,2,9,8,1,4,6,9,11,5,1,2,1,1,1,5,4,21,5,4,8,1,4,2,1,5,3,1,4,6,1,2,1,2,7,3,7,7,1,0,2,3,2,4,2,9,3,5,1,2,2,2,1,1,20.8,17.5,6.6,21,0.319000006,539.2,17.15,23.15,89.2,28.8,143,0.197013277
GCA_036942575.1,ASM3694257v1,ASM3694257v1,Portugal,15.06,-23.73,Cvi-0,4.274031859,-2.402674592,99.4,14,134.207035,31,27,16,31,15,12,21,10,22,11,14,9,0,11,4,10,14,13,8,90,1,14,19,2,14,14,1,20,2,13,7,9,12,8,4,12,8,8,2,7,1,5,13,3,3,3,7,15,1,9,7,4,8,1,4,1,1,15,6,1,15,9,4,9,8,5,2,10,16,1,5,10,4,1,7,1,8,3,1,4,1,8,4,2,20,3,2,1,9,14,2,2,9,6,4,4,2,7,1,2,3,13,3,2,2,9,7,1,4,7,7,9,5,1,2,1,1,1,5,4,17,5,4,4,1,4,1,1,5,2,0,4,6,1,2,0,2,8,3,7,7,1,0,2,2,2,5,2,3,3,4,2,2,2,2,1,1,10.6,8.7,7.7,9.8,0.526000023,152.3,25.25,25.25,104.8,161.9,236.6,0.229281647
GCA_036942965.1,ASM3694296v1,ASM3694296v1,Morocco,34.09,-4.2,Ita-0,3.304339865,-3.319520246,99.4,13,134.967485,31,29,16,30,16,14,23,10,21,11,14,9,1,11,5,10,15,13,10,82,1,11,16,2,14,14,2,23,2,9,7,9,11,8,4,12,7,6,2,7,2,4,13,5,3,3,7,15,1,9,7,4,9,0,3,2,1,16,6,3,13,8,4,10,10,5,2,8,12,1,4,10,4,1,8,1,8,3,1,4,1,8,4,2,25,3,2,1,10,18,2,2,9,4,4,5,2,7,1,1,3,19,3,2,2,8,8,1,5,7,8,12,5,1,2,1,1,1,5,4,21,5,4,5,1,4,1,1,5,3,1,4,6,1,2,1,2,7,3,7,7,1,0,1,4,3,5,0,3,4,4,2,2,2,2,1,2,16,14.6,6.4,18.9,0.38900001,600.7,5.85,20.15,231.3,73.5,46.9,0.232753355
GCA_036942975.1,ASM3694297v1,ASM3694297v1,Kazakhstan,49.5,73.1,KZ9,0.408910587,9.843138257,99.4,14,128.168578,31,31,17,34,16,16,23,10,21,11,16,10,1,11,6,10,12,14,10,69,1,13,16,4,16,18,2,23,2,7,7,9,13,8,4,11,8,8,2,7,2,5,10,4,3,3,7,15,1,11,7,4,9,0,3,2,1,12,7,3,13,9,9,9,10,5,2,10,15,1,5,11,4,1,8,1,8,3,1,4,1,8,3,2,16,4,2,1,10,15,2,1,9,8,4,5,2,7,0,1,3,23,3,3,2,10,8,1,5,7,7,10,5,0,2,1,1,1,5,4,22,5,4,6,1,4,2,1,4,3,1,4,6,1,2,0,2,7,3,7,7,1,1,3,3,3,4,2,3,2,5,2,2,2,2,1,1,23.3,23.7,7.2,20.6,0.241000009,1230.5,17.15,18.85,49.2,28.4,117.3,0.198134515
GCA_946402385.1,AUZE-A-5.PacbioHiFiAssembly,AUZE-A-5,France,43.527792,1.491628,AUZE-A-5,-4.1031466,-1.197581071,99.4,11,134.825843,31,29,17,29,16,14,22,10,22,11,15,10,1,11,5,10,14,14,11,107,1,13,20,1,16,17,1,23,2,6,7,8,13,8,3,11,8,8,2,7,2,5,14,3,3,3,7,15,1,11,7,4,9,1,3,2,1,16,6,3,15,9,8,9,10,5,2,10,13,1,5,12,4,1,8,1,8,3,1,4,1,8,4,2,18,3,1,1,9,16,2,2,9,8,4,5,2,7,0,2,3,12,3,3,2,10,7,1,4,6,10,11,5,1,2,1,1,1,5,4,19,5,4,6,0,4,3,1,5,3,1,4,6,1,2,0,2,7,3,6,7,1,0,2,3,3,4,2,9,2,4,2,2,2,2,1,2,20.8,17.5,6.6,21,0.352999997,576.8,15.95,21.35,79.8,17.7,156.4,0.222146895
GCA_946403025.1,FERR-A-8.PacbioHiFiAssembly,FERR-A-8,France,43.6577,2.4437,FERR-A-8,-5.062662282,-4.854112299,99.4,16,138.179928,31,30,16,33,16,17,23,8,22,11,14,9,1,11,5,10,14,13,11,108,1,13,16,5,16,53,2,23,2,8,7,9,13,8,4,11,8,8,2,7,2,5,12,4,2,3,7,15,1,10,6,4,9,1,3,2,1,15,6,3,15,9,10,9,10,5,2,10,13,1,5,11,4,1,8,1,8,3,1,4,1,8,3,2,17,3,2,1,11,12,2,2,9,8,4,5,2,7,0,2,3,24,3,2,2,8,8,1,4,7,9,12,5,1,2,1,1,1,5,4,21,5,4,7,0,4,2,1,5,3,1,4,6,1,2,0,2,7,3,6,7,1,0,2,3,3,4,2,2,3,5,1,2,2,2,1,2,20.5,17.9,6.7,22.8,0.325999999,557.8,5.35,18.65,185.9,25.4,275.6,0.241187743
GCA_946403525.1,BELC-C-10.PacbioHiFiAssembly,BELC-C-10,France,44.389212,2.336636,BELC-C-10,-5.453919602,-3.615211339,99.4,18,135.212263,31,28,17,31,16,16,22,8,22,11,15,9,1,11,5,10,13,13,12,66,1,14,18,3,14,17,2,23,2,13,9,9,14,8,4,12,8,8,2,7,1,5,10,3,2,3,7,14,1,10,7,4,9,1,3,2,0,16,6,2,16,9,7,9,10,5,2,10,14,1,5,11,4,1,8,1,8,3,1,4,1,8,4,2,18,2,2,1,9,13,2,2,9,8,4,5,2,7,1,2,3,20,3,3,2,9,7,1,5,6,8,11,5,1,2,1,1,0,5,4,22,5,4,7,1,4,1,1,5,3,1,4,6,1,1,0,2,7,3,7,7,1,0,1,3,3,4,2,3,2,5,1,2,2,2,1,2,22,19,6.3,28.9,0.343000007,569,8.05,19.05,109.6,16.1,217.3,0.230948291
GCA_946404075.1,ANGE-B-10.PacbioHiFiAssembly,ANGE-B-10,France,43.9121,1.6569,ANGE-B-10,-4.230460672,-5.434083601,99.4,14,136.875108,31,28,17,31,16,16,21,8,22,11,16,10,1,11,4,10,13,12,10,73,1,12,19,4,16,14,2,24,2,8,7,8,14,8,4,11,8,8,2,7,3,5,10,4,2,3,7,15,1,10,7,4,9,1,3,2,0,15,6,3,16,9,7,9,10,5,2,8,13,1,5,11,4,1,8,1,8,3,1,4,1,8,3,2,19,2,2,1,10,12,2,2,9,8,4,5,2,7,1,2,3,8,3,3,2,10,8,1,5,6,8,11,5,1,2,1,1,1,5,4,20,5,4,8,1,3,1,1,5,3,1,4,6,1,2,0,2,7,3,7,7,1,0,2,3,3,5,2,3,2,5,2,2,2,2,1,2,21,17.1,7.4,11.5,0.355999994,578.6,15.75,20.95,79.2,15.7,166.2,0.235258744
GCA_946404385.1,BARA-C-5.PacbioHiFiAssembly,BARA-C-5,France,44.270842,2.427551,BARA-C-5,-4.958353505,-1.171652346,99.4,20,137.365156,31,28,18,33,16,18,24,10,22,11,16,9,1,11,5,10,14,15,10,75,1,13,15,4,16,17,2,23,2,13,7,9,13,8,4,11,8,8,2,7,3,4,14,4,3,3,7,15,1,10,7,4,9,1,3,2,1,15,7,3,15,8,7,9,10,5,2,10,15,1,5,12,4,1,8,0,8,3,1,4,1,8,4,2,16,3,2,1,11,13,2,2,9,8,4,5,2,7,0,2,3,21,3,2,2,9,6,1,5,7,7,11,5,1,2,1,1,1,5,4,18,5,4,7,0,4,3,1,5,3,1,4,6,1,2,0,2,7,3,7,7,1,0,2,3,4,5,2,9,2,5,3,2,2,2,1,1,20.8,17.6,7,21,0.342000008,549,6.85,17.25,125,16.4,250.2,0.233934791
GCA_946404515.1,IP-San-9.PacbioHiFiAssembly,IP-San-9,Spain,38.331366,-3.508882,IP-San-9,11.23413159,-2.182230494,99.4,19,139.502319,31,30,15,31,16,15,21,10,22,11,16,8,1,11,4,9,15,13,11,97,1,13,12,4,13,14,2,23,2,6,7,9,15,8,4,12,7,6,2,7,2,5,12,3,3,3,7,15,1,10,7,4,9,0,2,2,0,13,6,3,14,9,6,9,10,5,2,9,13,1,4,11,4,1,7,1,8,2,1,4,1,8,3,2,17,2,1,1,10,13,2,2,9,4,4,5,2,7,0,2,3,7,3,1,2,9,8,1,4,7,6,13,5,0,2,1,1,1,5,4,21,5,4,6,0,4,2,1,5,3,1,4,6,1,2,0,2,7,3,4,7,1,0,3,3,3,5,2,3,3,5,1,2,2,2,0,2,19.8,17.8,6.8,18.4,0.348000002,707.6,11.45,25.45,88.4,52,37.5,0.239962283
GCA_946404995.1,BANI-C-1.PacbioHiFiAssembly,BANI-C-1,France,43.043644,0.234303,BANI-C-1,-5.419273911,-4.20346869,99.4,13,134.087419,31,29,18,30,16,13,22,10,21,11,15,10,1,11,5,10,12,14,10,93,0,14,22,5,16,21,1,23,2,10,9,8,16,8,4,11,8,8,2,7,3,4,9,4,2,3,7,14,0,11,7,4,9,0,3,2,1,15,6,3,13,9,7,10,10,5,2,9,14,1,6,12,4,1,7,1,8,3,1,4,1,8,4,2,8,3,2,1,11,17,2,2,9,8,4,5,2,7,1,1,3,23,3,2,2,10,8,1,5,7,8,12,5,1,2,1,1,1,5,4,19,5,4,8,1,4,2,1,5,3,1,4,6,1,2,1,2,7,3,7,7,1,0,1,3,3,4,2,3,3,5,1,2,2,2,0,2,21.3,15.2,5.7,34.4,0.363000011,540.5,6.15,19.15,129.5,17.8,250.3,0.220762427
GCA_946405265.1,IP-Met-6.PacbioHiFiAssembly,IP-Met-6,Spain,40.261667,-4.154601,IP-Met-6,2.9965365,-2.029721144,99.3,27,139.932771,31,28,16,33,16,23,21,9,21,11,15,10,1,11,5,10,14,13,14,101,1,14,13,1,12,14,1,22,2,13,7,9,14,8,4,11,8,8,2,7,1,5,13,5,3,3,7,14,1,10,7,4,9,1,4,2,1,15,6,4,16,9,8,9,10,5,2,9,14,1,5,11,4,1,8,0,8,3,1,4,0,8,4,2,11,3,1,1,10,16,2,2,9,8,4,5,2,7,1,2,3,17,3,3,1,9,7,1,4,7,10,9,5,1,2,1,1,1,5,4,20,5,4,8,1,4,2,1,5,3,0,4,6,1,2,0,2,8,3,7,7,1,0,2,1,3,5,2,3,2,5,2,2,2,2,1,2,18.9,18.8,7.3,8.7,0.352999997,720.4,10.55,25.05,73.8,50.6,44,0.239777521
GCA_946405525.1,FERR-A-12.PacbioHiFiAssembly,FERR-A-12,France,43.657743,2.44371,FERR-A-12,-5.212868509,-4.152023954,99.4,21,135.60368,31,28,15,36,16,21,23,10,21,11,15,9,1,11,4,10,14,19,14,107,1,13,19,5,16,17,2,24,2,13,7,9,14,8,4,11,8,8,2,7,2,5,12,5,2,3,7,15,1,10,7,4,9,1,3,2,1,15,7,4,15,9,6,9,10,5,1,9,14,1,6,11,4,1,8,1,8,3,1,4,1,8,4,2,17,3,2,1,9,18,2,2,9,8,4,5,2,7,1,1,3,20,3,3,2,8,8,1,4,6,8,12,5,1,2,1,1,1,5,4,22,5,4,8,0,4,1,1,5,3,1,4,6,1,2,0,2,6,3,6,7,1,0,2,3,3,5,2,3,2,5,3,2,2,2,1,2,20.5,17.9,6.7,22.8,0.325999999,557.8,5.35,18.65,185.9,25.4,275.6,0.221870616
GCA_946405545.1,IP-Evs-12.PacbioHiFiAssembly,IP-Evs-12,Spain,40.479175,-3.959696,IP-Evs-12,-1.474218031,-2.882837875,99.4,19,136.08719,29,32,19,29,16,17,21,10,21,11,14,10,1,10,5,10,15,13,10,92,1,12,19,5,13,14,2,22,2,7,7,6,13,8,4,11,8,8,2,7,3,5,11,4,3,3,7,15,2,10,7,4,9,0,3,2,1,15,7,4,16,9,8,9,10,5,2,8,14,1,5,11,4,1,7,1,7,2,1,4,1,8,4,2,5,3,2,1,10,17,2,2,9,7,4,5,2,7,1,2,3,21,3,2,1,10,7,1,5,7,9,10,5,1,2,1,1,1,5,4,19,5,4,8,1,4,3,1,5,3,0,4,6,1,2,1,2,8,3,7,7,1,0,2,2,3,5,2,3,3,4,2,2,2,2,0,2,20,19,7.2,8.2,0.342000008,714.4,10.35,24.75,83.5,48.6,57.6,0.227696971
GCA_946405725.1,IP-Med-0.PacbioHiFiAssembly,IP-Med-0,Spain,42.455239,-6.765742,IP-Med-0,10.98202801,-1.052522749,99.4,13,140.003997,31,30,16,28,16,14,20,9,22,11,16,10,0,11,5,10,14,12,9,78,1,15,18,1,13,14,1,22,2,12,7,9,12,8,4,11,7,6,2,7,3,5,11,5,3,3,7,15,2,10,7,4,9,1,3,2,1,15,7,4,14,9,6,9,10,5,2,9,14,1,4,11,3,1,7,0,8,3,1,4,1,8,4,2,14,3,2,1,9,17,2,1,9,3,4,5,1,7,0,2,3,18,2,2,2,9,8,1,4,7,9,10,5,0,2,1,1,1,5,4,19,5,4,7,1,4,2,1,5,3,1,4,6,1,2,0,2,7,3,5,7,0,0,2,3,3,4,2,3,3,5,2,2,2,2,0,2,25,20.4,6.7,30.3,0.388000011,521.6,8.45,18.55,178.8,46.2,109.8,0.243347281
GCA_946405905.1,MONTM-B-16.PacbioHiFiAssembly,MONTM-B-16,France,42.861218,0.596869,MONTM-B-16,-4.019173906,-1.699840774,99.4,12,138.389716,30,28,16,29,15,15,22,8,21,11,16,9,1,11,5,10,12,14,12,104,1,14,18,4,15,14,1,22,2,6,7,9,17,8,3,12,8,8,2,7,2,5,15,4,3,3,7,15,2,10,7,4,9,1,3,2,1,13,7,4,16,9,9,9,10,5,2,9,13,1,5,10,4,1,8,1,8,3,1,4,1,8,3,2,16,4,2,1,11,18,2,2,9,8,4,5,2,7,1,2,3,22,3,3,2,9,8,1,5,6,7,10,5,1,2,1,1,1,5,4,19,5,4,8,0,4,3,1,5,3,1,4,6,1,2,1,2,7,3,7,7,1,0,2,3,3,4,2,3,2,5,1,2,2,2,1,2,21.5,14.4,6,39.8,0.35999999,565.1,9.05,17.85,120.2,15.4,249.4,0.234311977
GCA_946406325.1,IP-Alo-0.9506.PacbioHiFiAssembly,IP-Alo-0.9506,Spain,40.109691,-7.476146,IP-Alo-0 (9506),-1.986160444,-2.325277954,99.4,16,136.903266,31,29,16,30,16,13,21,8,22,12,15,10,0,11,5,10,12,13,11,89,1,12,18,4,13,14,1,22,2,7,7,9,13,8,4,11,8,8,2,6,2,5,14,5,3,3,7,15,1,10,7,4,9,0,3,2,0,14,7,3,15,9,7,10,10,5,2,10,14,1,5,10,4,1,7,1,8,3,1,4,1,8,4,2,11,2,1,1,8,17,2,2,9,8,4,4,2,7,1,2,3,19,3,3,1,7,8,1,4,7,8,10,5,1,2,0,1,0,5,4,19,5,4,6,1,4,3,1,5,3,1,4,6,1,2,0,2,7,3,7,7,1,1,2,2,4,4,2,3,2,5,2,2,2,2,0,2,18.8,14.8,5.2,40,0.368000007,561.6,9.65,20.65,214.3,61,64.5,0.23283286
GCA_946406525.1,Ler-0.7213.PacbioHiFiAssembly,Ler-0.7213,Poland,52.7325,15.2369,Ler-0 (7213),-4.304853474,3.306144801,99.4,19,134.502208,30,29,18,35,16,25,23,10,22,11,16,10,1,11,5,10,14,13,10,118,1,11,17,4,15,23,1,23,2,8,9,8,12,8,4,11,8,8,2,7,2,5,13,4,3,3,7,15,1,10,7,4,9,1,3,2,1,15,7,3,13,9,9,9,10,5,2,10,13,1,5,10,4,1,8,1,8,3,1,4,1,8,4,2,9,3,2,1,9,12,2,2,9,8,4,5,2,7,0,2,3,19,3,3,2,9,8,1,4,7,8,13,14,1,2,1,1,1,5,4,21,5,4,7,0,4,2,1,5,3,1,4,6,1,2,0,2,7,3,7,7,1,0,3,3,3,4,2,1,3,4,2,2,2,2,1,2,20.8,17.5,6.6,21,0.276999998,693.6,18.25,18.25,75.1,24.1,201.6,0.221335431
GCA_946406595.1,BANI-C-12.PacbioHiFiAssembly,BANI-C-12,France,43.043644,0.234303,BANI-C-12,0.634380044,-1.982644043,99.4,25,138.894758,31,28,17,27,16,17,21,10,19,11,15,10,1,11,5,10,13,13,9,85,0,13,16,3,15,17,2,22,2,14,7,9,14,8,4,11,8,8,2,7,4,5,9,4,3,2,7,15,1,11,6,4,9,1,3,2,0,16,5,3,14,9,4,9,10,5,2,9,13,1,4,11,4,1,8,1,8,3,1,4,1,8,3,2,18,2,2,1,10,16,2,2,8,8,4,5,1,7,1,1,3,23,3,2,2,10,8,1,5,7,8,14,5,0,2,1,1,1,5,4,17,5,4,6,0,4,3,1,5,3,1,4,6,1,2,0,2,7,3,7,7,1,0,2,3,3,5,0,3,3,5,2,2,2,2,0,2,21.3,15.2,5.7,34.4,0.363000011,540.5,6.15,19.15,129.5,17.8,250.3,0.23502702
GCA_946406625.1,IP-Hom-4.9546.PacbioHiFiAssembly,IP-Hom-4.9546,Spain,40.816799,-1.68601,IP-Hom-4 (9546),-0.090639453,-1.798474289,99.4,19,137.760008,31,27,19,32,16,15,22,10,19,11,16,9,1,11,5,10,13,13,10,94,1,15,16,5,15,14,2,23,2,13,7,8,13,8,4,12,8,8,2,7,3,5,12,4,3,3,7,15,1,10,7,4,9,0,4,2,0,16,7,3,13,9,8,9,10,5,2,10,13,1,5,10,4,1,8,1,8,3,1,4,1,8,4,2,15,2,2,1,9,14,2,2,9,8,4,5,2,7,1,2,3,13,3,3,2,9,7,1,4,7,9,12,5,1,2,1,1,1,5,4,20,5,4,3,0,4,3,1,5,3,1,4,6,1,2,1,2,7,3,7,7,1,0,2,3,3,4,2,3,4,5,2,2,1,2,1,2,21.8,20.6,7.2,14.2,0.378999996,634.7,12.45,19.25,75.8,33.3,106.3,0.233521117
GCA_946406735.1,BARA-C-3.PacbioHiFiAssembly,BARA-C-3,France,44.270842,2.427551,BARA-C-3,-5.437777029,-4.522556317,99.4,14,135.922974,31,28,15,34,16,18,22,10,21,11,14,10,1,11,5,10,15,14,12,70,1,15,20,5,16,14,2,23,2,12,9,9,16,8,4,11,8,8,2,7,3,5,13,4,2,3,7,14,2,10,7,4,9,1,3,2,1,15,6,2,15,9,7,9,10,5,2,10,14,1,5,11,4,1,8,1,8,2,1,4,1,8,4,2,16,3,2,1,9,18,2,2,9,8,4,5,1,7,1,2,3,15,3,3,2,9,7,1,4,6,8,11,5,1,2,1,1,1,5,4,22,5,4,8,0,4,2,1,5,3,1,4,6,1,2,1,2,7,3,7,7,1,0,2,2,3,4,2,7,2,5,1,2,2,2,1,2,20.8,17.6,7,21,0.342000008,549,6.85,17.25,125,16.4,250.2,0.217765718
GCA_946406895.1,Rabacal-1.22005.PacbioHiFiAssembly,Rabacal-1.22005,Portugal,32.7536,-17.1297,Rabacal-1 (22005),14.77705172,-1.13517744,99.3,25,148.251191,30,30,17,30,16,15,22,10,22,11,15,9,0,11,5,10,13,13,9,86,1,11,14,2,14,14,2,21,2,12,6,9,12,8,3,11,7,8,2,7,3,5,8,3,2,3,8,15,1,10,7,4,9,0,2,2,0,15,6,3,13,8,6,9,10,4,2,9,15,1,4,10,4,1,8,1,8,3,1,4,1,8,4,2,16,2,2,1,8,16,2,1,8,5,3,5,2,7,0,2,3,4,3,2,2,9,8,1,6,7,7,10,5,1,2,1,1,1,5,4,21,5,4,5,0,4,2,1,5,2,1,4,6,1,1,0,2,7,3,8,7,1,0,2,2,2,5,2,3,2,4,1,2,2,2,0,2,20.6,14.6,5.6,41.8,0.21500001,359.4,10.55,18.45,542.9,63.2,207.7,0.273252941
GCA_946406975.1,CAMA-C-2.PacbioHiFiAssembly,CAMA-C-2,France,43.824878,2.881661,CAMA-C-2,-4.421716107,-4.28183863,99.5,21,135.703562,31,34,18,28,16,12,21,10,22,11,16,9,1,11,4,10,12,13,10,78,1,11,16,4,16,17,2,22,2,7,9,8,14,8,4,11,8,8,2,7,3,5,11,4,2,3,7,15,1,10,7,4,9,1,3,2,1,16,7,3,14,9,4,10,10,5,2,9,13,1,5,12,4,1,8,1,8,2,1,4,0,8,4,2,15,3,2,1,9,12,2,2,9,8,4,5,2,7,1,2,3,19,3,3,2,10,8,1,5,7,9,13,5,1,2,1,1,1,5,4,20,5,4,8,1,4,1,1,5,3,1,4,6,1,2,0,2,6,3,7,7,1,0,3,3,3,4,2,3,3,5,1,2,1,2,0,2,20.5,21.1,7.3,18,0.322000003,586.4,8.35,19.75,141.5,28.9,181.8,0.22070179
GCA_946407145.1,BARC-A-17.PacbioHiFiAssembly,BARC-A-17,France,43.362044,0.387723,BARC-A-17,-4.834063285,-4.919906801,99.4,11,136.636245,31,25,14,31,16,16,22,9,21,11,15,9,1,11,5,10,15,14,11,94,1,12,20,5,14,14,2,22,2,12,7,8,14,8,4,11,8,8,2,7,1,5,10,4,2,3,7,13,1,10,7,4,9,1,3,2,1,16,7,2,15,9,4,9,10,5,2,9,14,1,5,10,4,1,7,1,8,3,1,4,1,8,4,2,8,3,2,1,9,11,2,2,9,8,4,5,1,7,1,2,3,22,3,3,2,10,8,1,5,7,8,11,5,1,2,1,1,1,5,4,18,5,4,7,1,4,2,1,5,3,1,4,6,1,2,0,2,7,3,7,7,1,0,2,3,3,5,2,9,3,5,1,2,2,2,1,1,21,14.6,6,10.2,0.372000003,539,12.55,20.35,97.2,18.5,177.8,0.230423845
GCA_946407795.1,IP-Lor-16.PacbioHiFiAssembly,IP-Lor-16,Spain,38.860067,-0.263499,IP-Lor-16,12.92333054,-3.251580323,99.4,23,139.083024,30,30,17,33,16,14,19,9,21,11,15,10,0,11,5,10,13,13,11,86,1,11,15,4,14,14,2,23,2,9,6,9,10,8,4,12,8,6,2,7,3,5,10,5,2,3,7,15,1,10,7,4,9,0,3,2,0,16,6,4,14,9,3,8,10,4,2,10,14,1,4,11,4,1,7,1,8,3,1,3,1,8,3,2,11,2,2,1,9,15,2,1,9,7,4,5,2,7,0,2,3,5,3,2,2,10,8,1,4,7,8,11,5,1,2,1,1,1,5,4,19,5,4,6,1,4,2,1,5,3,0,4,6,1,2,0,2,6,3,7,7,1,0,2,3,4,5,2,3,3,5,1,2,2,2,1,2,18.1,16.6,7.4,22.1,0.332999992,571.4,14.45,21.25,119,48.5,56.5,0.235267217
GCA_946408365.1,SALE-A-10.PacbioHiFiAssembly,SALE-A-10,France,43.024966,0.965965,SALE-A-10,-5.370139357,-4.835080701,99.4,21,136.065586,30,29,20,29,16,16,22,8,21,11,16,9,1,11,4,10,12,14,11,95,1,13,19,5,15,44,2,22,2,8,7,9,13,8,4,11,8,8,2,7,2,4,11,5,2,3,7,15,1,10,7,4,9,0,3,2,1,15,6,3,14,9,10,10,10,5,2,10,14,1,5,11,4,1,8,1,8,3,1,4,1,8,3,2,19,3,2,1,11,16,2,2,9,8,4,5,2,7,1,1,3,22,3,3,2,9,7,1,5,7,9,12,5,1,2,1,1,1,4,4,20,5,4,8,1,4,2,1,5,3,1,4,6,1,2,1,2,7,3,7,7,1,0,2,3,3,4,2,8,2,5,1,2,2,2,1,2,22.5,15.8,5.8,25.5,0.370000005,552.5,14.75,19.75,122.2,15.5,250.2,0.222724385
GCA_946408575.1,CAMA-C-9.PacbioHiFiAssembly,CAMA-C-9,France,43.824878,2.881661,CAMA-C-9,-4.483047559,-4.311645046,99.5,11,135.007634,31,34,18,28,16,12,21,10,22,11,16,9,1,11,4,10,12,13,10,78,1,11,16,4,16,17,2,22,2,7,9,8,14,8,4,11,8,8,2,7,3,5,11,4,2,3,7,15,1,10,7,4,9,1,3,2,1,16,7,3,14,9,4,10,10,5,2,9,13,1,5,12,4,1,8,1,8,2,1,4,0,8,4,2,15,3,2,1,9,12,2,2,9,8,4,5,2,7,1,2,3,19,3,3,2,10,8,1,5,7,9,13,5,1,2,1,1,1,5,4,20,5,4,8,1,4,1,1,5,3,1,4,6,1,2,0,2,6,3,7,7,1,0,3,3,3,4,2,3,3,5,1,2,1,2,0,2,20.5,21.1,7.3,18,0.322000003,586.4,8.35,19.75,141.5,28.9,181.8,0.21884861
GCA_946408975.1,BELC-C-12.PacbioHiFiAssembly,BELC-C-12,France,44.389212,2.336636,BELC-C-12,-5.548834195,-3.821207655,99.4,18,135.578048,31,28,17,31,16,16,22,8,22,11,15,9,1,11,5,10,13,13,12,66,1,14,18,3,14,17,2,23,2,13,9,9,14,8,4,12,8,8,2,7,1,5,10,3,2,3,7,14,1,10,7,4,9,1,3,2,0,16,6,2,16,9,7,9,10,5,2,10,14,1,5,11,4,1,8,1,8,3,1,4,1,8,4,2,18,2,2,1,9,13,2,2,9,8,4,5,2,7,1,2,3,20,3,3,2,9,7,1,5,6,8,11,5,1,2,1,1,0,5,4,22,5,4,7,1,4,1,1,5,3,1,4,6,1,1,0,2,7,3,7,7,1,0,1,3,3,4,2,3,2,5,1,2,2,2,1,2,22,19,6.3,28.9,0.343000007,569,8.05,19.05,109.6,16.1,217.3,0.23176162
GCA_946409395.1,BROU-A-10.PacbioHiFiAssembly,BROU-A-10,France,43.999349,2.621684,BROU-A-10,-4.631898624,-5.208432888,99.4,26,133.375868,30,27,18,35,16,15,22,10,22,11,16,10,1,11,4,10,13,13,9,108,1,14,18,3,14,14,1,24,2,14,7,9,15,8,4,11,8,8,2,7,3,5,11,4,2,2,7,14,1,10,7,4,9,1,3,2,1,16,6,4,16,9,4,9,10,5,2,9,14,1,5,11,4,1,8,1,8,3,1,4,1,8,3,2,8,3,2,1,11,11,2,1,9,8,4,5,1,7,1,2,3,22,3,2,2,9,8,1,3,6,8,14,5,1,2,1,1,1,5,4,19,5,4,7,1,4,3,1,5,3,1,4,6,1,2,0,2,6,3,7,7,1,1,2,2,3,4,2,9,2,4,1,2,2,2,1,2,21,20.5,6.8,21.5,0.331999993,588.2,8.65,20.05,119.9,21.6,194.1,0.212196917
GCA_946409815.1,SALE-A-17.PacbioHiFiAssembly,SALE-A-17,France,43.024966,0.965965,SALE-A-17,-5.369907667,-4.862871299,99.4,15,134.914634,30,28,20,29,16,16,22,10,21,11,16,9,1,11,4,10,12,14,11,95,1,13,19,5,15,44,2,22,2,8,7,9,13,8,4,12,8,8,2,7,2,4,11,5,2,3,7,15,1,10,7,4,9,0,3,2,1,15,6,4,14,9,10,10,10,5,2,10,14,1,5,11,4,1,8,1,8,3,1,4,1,8,3,2,19,3,2,1,11,14,2,2,9,8,4,5,2,7,1,1,3,22,3,3,2,9,7,1,5,7,9,12,5,1,2,1,1,1,4,4,20,5,4,8,1,4,1,1,5,3,1,4,6,1,2,1,2,7,3,7,7,1,0,2,3,3,4,2,8,2,5,1,2,2,2,1,2,22.5,15.8,5.8,25.5,0.370000005,552.5,14.75,19.75,122.2,15.5,250.2,0.22532509
GCA_946410165.1,BARC-A-12.PacbioHiFiAssembly,BARC-A-12,France,43.362044,0.387723,BARC-A-12,-4.829801665,-4.890155553,99.4,11,136.411919,31,25,14,31,16,16,22,9,21,11,15,9,1,11,5,10,15,14,11,94,1,12,20,5,14,14,2,22,2,12,7,8,14,8,4,11,8,8,2,7,1,5,10,4,2,3,7,13,1,10,7,4,9,1,3,2,1,16,7,2,15,9,4,9,10,5,2,9,14,1,5,10,4,1,7,1,8,3,1,4,1,8,4,2,8,3,2,1,9,11,2,2,9,8,4,5,1,7,1,2,3,22,3,3,2,10,8,1,5,7,8,11,5,1,2,1,1,1,5,4,18,5,4,7,1,4,2,1,5,3,1,4,6,1,2,0,2,7,3,7,7,1,0,2,3,3,5,2,9,3,5,1,2,2,2,1,1,21,14.6,6,10.2,0.372000003,539,12.55,20.35,97.2,18.5,177.8,0.22980368
GCA_946410485.1,IP-Alo-19.PacbioHiFiAssembly,IP-Alo-19,Spain,40.109691,-7.476146,IP-Alo-19,11.63691572,-1.662739656,99.3,20,137.8511,30,29,16,27,16,17,21,10,21,11,15,10,1,11,5,10,11,12,10,90,1,12,12,4,12,54,2,21,1,10,6,9,15,8,4,11,8,6,2,7,3,5,14,5,2,3,7,15,1,10,7,4,9,0,3,1,1,15,5,3,15,9,7,9,10,5,2,9,14,1,6,11,4,1,7,1,8,3,1,4,1,8,4,2,52,3,2,1,10,15,2,2,9,4,4,5,2,7,1,2,3,22,3,1,2,9,8,1,4,7,9,10,5,0,2,1,1,1,5,4,20,5,4,6,0,4,1,1,5,3,1,4,6,1,2,0,2,7,3,5,7,1,0,2,3,3,5,2,3,4,5,2,2,2,2,1,2,18.8,14.8,5.2,40,0.368000007,561.6,9.65,20.65,214.3,61,64.5,0.235132959
GCA_946411375.1,IP-Cas-0.9831.PacbioHiFiAssembly,IP-Cas-0.9831,Spain,38.534077,-3.39072,IP-Cas-0 (9831),3.628454466,-2.696127175,99.4,15,135.495245,30,29,15,32,16,16,23,10,22,11,14,10,1,11,5,10,13,13,9,95,1,11,19,3,16,14,1,21,2,7,7,9,13,8,4,11,8,8,2,7,2,5,14,4,3,3,7,15,1,10,7,4,9,0,4,2,0,13,6,4,16,9,9,9,10,5,2,10,14,1,5,12,4,1,7,1,8,2,1,4,0,8,4,2,15,2,2,0,10,14,2,2,9,7,3,5,1,7,0,2,3,16,3,2,2,10,7,1,4,7,9,13,5,1,2,1,1,1,5,4,24,5,4,7,1,4,3,1,5,3,1,4,6,1,2,0,2,7,3,7,5,1,0,3,3,3,4,2,2,3,5,1,2,2,2,1,2,18.8,17.5,7.7,10.8,0.350999999,704.3,10.75,24.75,72.5,48.6,41.7,0.2262962
GCA_946411425.1,IP-Hom-0.PacbioHiFiAssembly,IP-Hom-0,Spain,40.816799,-1.68601,IP-Hom-0,12.34275809,-1.111140094,99.3,12,141.195012,31,31,17,33,16,17,21,10,21,11,15,8,0,11,5,10,14,13,10,86,1,14,14,4,12,27,2,22,2,12,6,9,15,8,4,12,8,6,2,7,4,5,10,4,2,3,7,15,0,10,7,4,9,0,2,2,1,14,6,3,13,9,8,9,10,5,2,10,14,1,4,10,4,1,7,1,8,2,1,4,1,8,3,1,17,3,1,1,9,14,2,2,8,7,4,5,1,7,1,2,3,17,3,1,2,9,8,1,3,7,6,11,5,1,2,1,0,1,5,4,19,5,4,6,0,4,2,1,5,3,0,4,6,1,2,0,2,7,3,6,7,1,0,2,2,2,5,2,3,4,5,2,2,2,2,0,2,21.8,20.6,7.2,14.2,0.378999996,634.7,12.45,19.25,75.8,33.3,106.3,0.246475924
GCA_946411655.1,MERE-A-13.PacbioHiFiAssembly,MERE-A-13,France,42.656618,1.836221,MERE-A-13,-3.298236034,-2.355312686,99.4,24,141.022646,30,28,16,31,16,16,23,10,22,11,15,9,1,11,4,10,13,13,12,103,1,12,21,4,15,17,2,22,2,12,8,9,13,8,4,11,8,8,2,7,4,5,10,5,3,3,7,14,1,10,7,4,9,1,3,2,0,16,6,3,16,9,9,9,10,5,2,10,13,1,5,10,4,1,8,1,8,3,1,4,1,8,3,1,17,2,2,1,8,13,2,2,9,8,3,5,2,7,1,2,3,22,3,3,2,10,7,1,5,6,11,13,5,1,2,1,1,1,5,4,22,5,4,7,0,4,2,1,5,3,1,4,6,1,2,1,2,7,3,7,5,1,0,2,3,3,4,2,8,2,5,1,2,2,2,1,2,19,15,6.4,43,0.357999992,597.8,10.95,16.95,86.1,14.9,186.3,0.242847904
GCA_946411805.1,IP-Mos-9.PacbioHiFiAssembly,IP-Mos-9,Spain,40.040579,-7.110302,IP-Mos-9,11.86258865,-1.819036558,99.3,11,142.678626,31,28,17,35,16,12,21,8,22,11,16,10,0,11,5,10,13,12,12,62,1,15,11,2,13,18,1,20,2,12,6,9,11,8,3,11,7,6,2,7,4,5,10,4,2,3,8,15,1,10,7,4,9,1,3,2,1,14,6,3,12,9,6,9,10,5,2,10,14,1,5,10,4,1,7,1,8,3,1,4,1,8,4,2,11,3,2,1,10,13,2,2,9,4,4,5,2,7,1,2,3,17,3,2,2,9,8,1,4,7,6,9,5,0,2,1,1,1,5,4,20,5,4,3,1,4,2,1,5,3,0,4,6,1,2,0,2,7,3,7,7,1,0,2,1,3,5,2,3,4,4,1,2,2,2,1,2,18.8,15.6,5.5,25.8,0.369000006,595.9,10.45,22.25,142,60.2,41.5,0.255508733
GCA_946411885.1,IP-Mos-5.PacbioHiFiAssembly,IP-Mos-5,Spain,40.040579,-7.110302,IP-Mos-5,-1.725417047,-1.587994786,99.5,20,138.054275,31,27,16,32,16,13,21,8,22,11,15,10,0,11,3,10,13,13,11,96,1,15,20,4,15,14,2,21,2,12,7,9,15,8,4,11,8,6,2,6,2,5,13,6,3,3,7,15,0,9,7,4,9,0,3,2,1,16,7,3,16,9,7,9,10,5,2,9,16,1,6,10,4,1,8,1,8,3,1,4,1,8,2,2,15,2,2,1,10,17,2,2,9,6,4,5,2,7,1,1,3,16,3,3,2,10,8,1,5,7,8,11,5,0,2,1,1,1,5,4,19,5,4,8,1,3,2,1,5,3,1,4,6,1,2,0,2,7,3,7,7,1,0,2,3,3,4,2,9,4,4,2,2,2,2,0,2,18.8,15.6,5.5,25.8,0.369000006,595.9,10.45,22.25,142,60.2,41.5,0.224592089
GCA_946412005.1,IP-Hum-4.PacbioHiFiAssembly,IP-Hum-4,Spain,42.227184,-3.688887,IP-Hum-4,-5.357519606,-0.833176392,99.4,17,133.701549,31,32,18,32,16,15,22,6,21,11,15,10,1,11,5,10,14,14,11,92,1,13,14,5,16,10,1,23,2,6,7,9,15,8,4,11,8,7,2,7,2,5,12,4,3,3,7,14,2,10,7,4,9,0,3,2,1,15,6,4,16,9,9,9,10,5,2,10,12,1,5,10,4,1,8,1,8,3,1,4,1,8,4,2,6,3,2,1,10,12,2,1,9,7,4,3,2,7,1,2,3,15,3,2,2,10,8,1,5,7,8,11,5,1,2,1,1,1,5,4,22,5,4,8,1,4,3,1,5,3,1,4,6,1,1,0,2,7,3,7,7,1,1,1,3,2,4,0,9,4,5,3,1,2,2,0,2,22.8,19.2,7.3,11.8,0.368000007,560,8.05,18.75,83.3,33.3,102,0.216781206
GCA_946412065.1,GAIL-B-11.PacbioHiFiAssembly,GAIL-B-11,France,43.909032,1.901077,GAIL-B-11,-5.985567237,-5.071285198,99.4,16,134.186912,31,30,16,34,16,28,23,8,22,11,16,9,1,11,4,10,12,13,13,95,1,13,23,5,15,17,2,22,2,9,9,9,13,8,4,11,8,8,2,7,3,5,16,4,2,3,7,15,1,10,7,4,9,1,3,2,0,16,5,4,14,9,9,9,10,5,2,9,13,1,4,11,4,1,8,1,8,3,1,4,1,8,3,2,16,2,2,1,10,16,2,2,9,8,4,5,1,7,1,1,3,14,3,2,2,10,7,1,5,7,8,13,5,1,2,1,1,0,5,4,18,5,4,7,1,4,1,1,5,3,1,4,6,1,2,1,2,7,3,7,7,1,0,2,3,3,4,2,3,3,5,1,2,2,2,1,2,20.8,17.5,6.6,21,0.352999997,580.5,15.95,21.15,80,16.5,165.3,0.222472286
GCA_946412225.1,IP-Mdc-14.PacbioHiFiAssembly,IP-Mdc-14,Spain,38.874341,-3.52962,IP-Mdc-14,3.880192895,-1.050034905,99.3,13,137.508736,31,33,15,27,16,14,21,10,22,11,13,10,1,11,4,10,12,13,10,89,1,12,14,4,13,14,2,22,2,8,6,9,13,8,4,11,8,6,2,7,1,5,14,4,3,3,7,15,1,10,7,4,9,0,3,2,0,16,7,4,15,9,10,9,10,5,2,9,15,1,6,10,4,1,8,1,8,2,1,4,0,8,3,2,11,2,2,0,10,9,2,2,9,6,4,5,1,7,0,2,3,32,3,3,2,10,8,1,4,6,11,14,5,0,2,1,1,1,5,4,21,5,4,6,1,4,2,1,5,3,1,4,6,1,2,0,2,7,3,7,6,1,0,2,2,3,4,2,3,2,5,1,2,2,2,0,2,19.2,17.8,7.4,10,0.358999991,704.4,10.65,24.65,68.5,48.2,43,0.241612104
GCA_946413285.1,IP-Hum-2.9549.PacbioHiFiAssembly,IP-Hum-2.9549,Spain,42.227184,-3.688887,IP-Hum-2 (9549),6.343808661,-3.051377263,99.4,25,140.009216,31,29,16,30,15,14,22,9,21,11,15,9,0,11,5,10,12,13,9,64,1,16,15,5,14,7,2,22,2,11,7,8,14,8,4,11,7,6,2,7,2,5,14,5,3,3,7,15,1,10,7,4,9,1,2,2,0,15,7,4,15,9,7,9,10,5,2,9,15,1,5,10,4,1,8,1,8,3,1,4,1,8,4,2,17,2,2,1,9,11,2,2,9,5,4,5,2,7,1,2,3,13,3,2,2,9,7,1,5,7,6,12,5,0,2,0,1,1,5,3,20,5,4,3,1,4,2,1,5,3,0,4,6,1,2,0,2,7,3,5,7,1,1,2,2,3,5,2,3,3,5,1,2,2,2,0,2,22.8,19.2,7.3,11.8,0.368000007,560,8.05,18.75,83.3,33.3,102,0.243918686
GCA_946413305.1,IP-Med-3.PacbioHiFiAssembly,IP-Med-3,Spain,42.455239,-6.765742,IP-Med-3,-3.519748295,-0.801374617,99.4,19,138.709668,31,29,16,31,16,15,21,8,22,11,16,10,1,11,5,10,15,13,8,90,1,12,16,5,15,14,2,22,2,11,7,9,14,8,4,12,8,6,2,7,3,5,14,5,3,3,7,13,0,9,7,4,9,0,3,2,1,16,7,4,15,9,6,9,10,5,2,9,14,1,5,11,4,1,8,1,8,3,1,4,1,8,2,2,19,2,2,1,10,14,2,2,9,8,4,5,2,7,1,2,3,23,3,3,2,10,8,1,5,6,9,10,5,1,2,1,1,1,5,4,20,5,4,8,1,4,2,1,5,3,1,4,6,1,2,0,2,7,3,7,7,1,0,1,3,3,4,2,3,2,5,2,2,2,2,0,2,25,20.4,6.7,30.3,0.388000011,521.6,8.45,18.55,178.8,46.2,109.8,0.230055031
GCA_946413405.1,PREI-A-14.PacbioHiFiAssembly,PREI-A-14,France,43.717856,0.623298,PREI-A-14,-4.49660652,-4.857994696,99.5,19,135.797451,31,28,18,30,16,15,21,10,22,11,15,9,1,11,4,10,16,13,14,89,1,14,21,5,16,54,2,23,2,14,7,8,13,8,4,12,8,8,2,7,2,5,11,4,2,2,7,15,1,10,7,4,9,1,3,2,1,16,5,4,15,9,7,9,10,5,2,9,14,1,5,12,4,1,8,1,8,3,1,4,1,8,4,2,17,3,2,1,9,15,2,2,8,8,4,5,2,7,1,2,3,22,3,3,2,10,7,1,4,7,9,10,5,1,2,1,1,1,5,4,21,5,4,5,1,4,3,1,5,3,1,4,6,1,2,0,2,7,3,7,7,1,0,2,2,3,4,2,8,3,5,2,2,2,2,1,2,20.6,15.1,7.6,15.3,0.36500001,571,16.05,21.15,72.4,12.7,155.1,0.22395494
GCA_946413935.1,IP-Sln-22.PacbioHiFiAssembly,IP-Sln-22,Spain,40.356889,-3.994843,IP-Sln-22,11.3718085,-3.040265608,99.3,15,140.705873,30,30,17,32,16,14,21,10,22,11,14,7,0,11,5,10,12,13,14,107,1,13,11,3,14,14,1,21,2,12,6,9,13,8,4,11,8,6,2,7,3,5,12,5,2,3,7,15,0,10,7,4,9,0,2,2,1,14,7,3,14,9,4,9,10,5,2,10,13,1,6,11,4,1,8,1,8,3,1,4,1,8,4,2,18,3,2,1,9,10,2,2,9,5,4,5,1,7,0,2,3,19,3,1,2,9,8,1,4,7,9,10,5,1,2,1,1,1,5,4,21,5,4,6,0,4,2,1,5,3,1,4,6,1,2,0,2,6,3,5,7,1,0,3,3,3,5,2,3,4,4,1,2,2,2,0,2,19.7,17.8,7.2,11,0.351999998,716.5,10.15,24.55,71.3,48.5,49.5,0.244129739
GCA_946414125.1,Cvi-0.6911.PacbioHiFiAssembly,Cvi-0.6911,Cape Verde,15.1111,-23.6167,Cvi-0 (6911),4.274031859,-2.402674592,99.4,22,140.383792,31,27,16,31,15,12,21,10,22,11,14,9,0,11,4,10,14,13,8,90,1,14,19,2,14,14,1,20,2,13,7,9,12,8,4,12,8,8,2,7,1,5,13,3,3,3,7,15,1,9,7,4,8,1,4,1,1,15,6,1,15,9,4,9,8,5,2,10,16,1,5,10,4,1,8,1,8,3,1,4,1,8,4,2,20,3,2,1,9,14,2,2,9,6,4,4,2,7,1,2,3,13,3,2,2,9,7,1,4,7,7,9,5,1,2,1,1,1,5,4,17,5,4,4,1,4,1,1,5,2,0,4,6,1,2,0,2,8,3,7,7,1,0,2,2,3,5,2,3,3,4,2,2,2,2,1,1,6.6,6.2,7.4,8,0.457000017,159.3,25.35,25.35,98.2,156.9,225.2,0.24477013
GCA_946414305.1,IP-Cat-0.9832.PacbioHiFiAssembly,IP-Cat-0.9832,Spain,40.542081,-3.68695,IP-Cat-0 (9832),13.61726641,-3.188172071,99.4,19,138.014403,31,30,17,30,16,14,20,10,22,11,15,6,0,11,5,10,13,13,13,116,1,11,14,3,13,14,1,21,2,12,7,9,11,8,4,11,8,8,2,7,3,5,13,4,2,3,7,15,1,10,7,4,9,1,2,2,0,14,6,2,13,9,3,9,10,5,2,10,14,1,5,10,4,1,7,0,8,3,1,4,1,8,4,2,17,2,2,1,9,12,2,1,9,4,4,5,2,7,1,2,3,9,3,2,2,10,8,1,4,7,7,11,5,1,2,1,1,1,5,4,20,5,4,8,0,4,2,1,5,3,1,4,6,1,2,0,2,5,3,6,7,1,0,2,2,3,5,2,3,4,5,1,2,2,2,0,2,20.2,21.3,7.3,11.7,0.366000009,704.6,9.75,23.95,69.9,46.7,51.8,0.243891647
GCA_946415005.1,ANGE-B-2.PacbioHiFiAssembly,ANGE-B-2,France,43.91214,1.656855,ANGE-B-2,-3.66178131,-3.06619144,99.4,18,136.497488,31,33,17,32,16,14,23,10,22,11,15,9,1,11,5,10,15,13,11,97,1,13,17,2,16,17,2,23,2,13,9,8,13,8,4,10,8,8,2,7,3,5,11,5,2,3,7,15,1,10,7,4,9,0,3,2,0,15,6,3,15,9,8,9,8,5,2,9,13,1,5,10,4,1,8,1,8,3,1,4,1,8,3,2,16,2,2,1,9,14,2,2,9,8,4,5,2,7,1,2,3,12,3,3,2,10,7,1,5,6,8,12,5,0,2,1,1,1,5,4,19,5,4,8,1,4,1,1,5,3,1,4,6,1,2,0,2,7,3,7,7,1,0,2,3,3,5,2,3,2,5,1,2,2,2,1,2,21,17.1,7.4,11.5,0.355999994,578.6,15.75,20.95,79.2,15.7,166.2,0.233407951
GCA_946415165.1,IP-Evs-0.9845.PacbioHiFiAssembly,IP-Evs-0.9845,Spain,40.479175,-3.959696,IP-Evs-0 (9845),-3.05144517,-3.817077181,99.4,18,138.694372,30,27,16,29,16,17,21,10,21,11,15,10,1,11,5,10,16,13,12,92,1,11,15,5,12,14,2,22,2,7,7,8,16,8,4,11,8,8,2,7,3,5,10,4,3,3,7,15,1,10,7,4,9,0,4,2,0,16,6,4,16,9,7,9,10,5,2,8,16,1,5,12,4,1,7,0,8,3,1,4,1,8,4,2,18,2,2,1,9,13,2,2,9,8,4,3,1,7,1,2,3,29,3,2,1,10,6,1,5,6,11,10,5,0,2,1,1,1,5,4,19,5,4,8,1,4,3,1,5,3,1,4,6,1,2,0,2,8,3,7,7,1,0,3,2,3,4,2,9,2,5,2,2,2,2,1,2,20,19,7.2,8.2,0.342000008,714.4,10.35,24.75,83.5,48.6,57.6,0.227820477
GCA_946415445.1,IP-Cas-6.PacbioHiFiAssembly,IP-Cas-6,Spain,38.534077,-3.39072,IP-Cas-6,10.27771833,-2.896167274,99.4,14,138.714818,30,31,16,31,16,15,23,10,22,11,15,10,0,11,5,9,14,13,14,86,1,12,14,3,13,14,1,22,2,13,7,9,13,8,4,11,8,6,2,7,2,5,10,3,3,3,7,15,1,10,7,4,9,1,3,2,0,15,8,4,15,9,7,9,10,5,2,10,14,1,5,10,3,1,7,0,8,2,1,4,1,8,4,2,9,2,1,1,9,15,2,2,9,7,4,5,2,7,0,2,3,28,3,1,2,9,8,1,4,7,8,12,5,1,2,1,1,1,5,4,19,5,4,6,0,3,2,1,5,3,1,4,6,1,2,0,2,7,3,4,7,1,0,2,3,3,4,2,3,3,5,1,2,2,2,0,2,18.8,17.5,7.7,10.8,0.350999999,704.3,10.75,24.75,72.5,48.6,41.7,0.242291281
GCA_946415625.1,MONTM-B-7.PacbioHiFiAssembly,MONTM-B-7,France,42.861218,0.596869,MONTM-B-7,-5.090427251,-2.011996304,99.4,23,136.598926,31,30,18,35,16,17,21,8,21,11,15,9,1,11,5,10,14,13,10,109,1,12,14,5,15,54,1,23,2,14,7,9,13,8,4,11,9,8,2,7,2,4,14,4,3,3,7,13,1,9,7,4,9,1,3,2,1,15,6,4,15,9,10,9,10,5,2,9,12,1,4,13,4,1,8,1,8,3,1,4,1,8,3,2,16,3,2,1,9,16,2,2,9,8,4,5,2,7,0,2,3,12,3,2,2,9,7,1,5,6,7,10,5,1,2,1,1,1,5,4,18,5,4,7,0,4,2,1,5,3,1,4,6,1,2,0,2,7,3,7,7,1,1,2,3,3,4,2,2,3,5,2,2,2,2,0,2,21.5,14.4,6,39.8,0.35999999,565.1,9.05,17.85,120.2,15.4,249.4,0.231353481
GCA_946415655.1,LACR-C-14.PacbioHiFiAssembly,LACR-C-14,France,43.000155,1.075624,LACR-C-14,-5.072934976,-3.599036253,99.4,14,134.758332,31,28,18,32,16,15,21,10,22,11,16,10,1,11,4,10,14,13,12,97,1,12,19,1,15,18,1,22,2,11,7,8,14,8,3,11,8,8,2,7,3,5,15,4,2,3,7,16,1,10,7,4,9,1,3,2,0,14,6,4,12,9,8,9,10,5,2,9,13,1,6,12,4,1,8,1,8,3,1,4,1,8,4,2,18,2,2,1,9,13,2,2,9,8,4,5,2,7,1,2,3,20,3,3,2,10,7,1,4,6,11,11,5,1,2,1,1,0,5,4,20,5,4,7,1,4,2,1,5,3,1,4,5,1,2,0,2,7,3,6,7,1,1,2,3,3,5,2,9,2,5,1,2,2,2,1,2,21.2,16.4,6.2,29.3,0.369000006,553.1,11.25,19.45,128.2,15.6,263.9,0.226606797
GCA_946499665.1,Ey15-2.9994.PacbioHiFiAssembly,Ey15-2.9994,Germany,48.434522,8.767808,Ey15-2_9994,-3.255350605,-3.543838927,99.4,22,136.135371,31,32,16,30,16,21,22,10,22,12,15,9,1,11,5,10,15,14,9,104,1,11,19,2,16,10,2,22,2,14,9,8,15,8,4,11,8,8,2,7,4,4,14,6,3,3,7,15,1,10,7,4,9,1,3,2,1,13,5,3,15,9,10,10,10,5,2,10,13,1,6,11,4,1,8,1,8,2,1,4,1,8,4,2,17,3,2,1,10,18,2,2,9,8,4,5,2,7,1,1,3,25,3,3,2,9,8,1,4,6,9,12,5,1,2,1,1,1,5,4,19,5,4,8,1,4,3,1,5,3,1,4,6,1,2,0,2,7,3,8,7,1,0,1,3,3,5,2,8,3,4,1,2,2,2,1,2,22.6,15.7,6.3,24.5,0.308999991,665.6,16.25,17.85,94.5,13.3,239.4,0.229776184
GCA_946499705.1,Col-0.6909.PacbioHiFiAssembly,Col-0.6909,USA,38.3,-92.3,Col-0_6909,-0.636558665,3.842949962,99.4,12,134.556983,31,33,20,34,16,25,25,10,22,12,16,10,1,11,6,10,14,15,12,118,1,16,25,5,16,54,2,25,2,14,8,9,17,8,4,11,8,8,2,7,4,5,15,5,3,3,7,15,2,10,7,4,9,1,4,2,1,16,7,4,16,9,7,9,10,5,2,10,16,1,6,11,4,1,8,1,8,3,1,4,1,8,4,2,31,3,2,1,11,18,2,2,9,8,4,5,2,7,1,2,3,23,3,3,2,10,8,1,5,7,11,14,14,1,2,1,1,1,5,4,21,5,4,8,1,4,3,1,5,3,1,4,6,1,2,1,2,7,3,8,7,1,1,3,3,3,5,2,9,4,5,2,2,2,2,1,2,13.7,11.9,6.2,13,0.280999994,910.5,18.75,25.15,141.6,27.2,349.6,0.217640559
GCA_949796375.1,9336,9336,Sweden,62.8794,18.4473,Bön 1,-4.013616431,-0.048693211,99.4,9,138.386651,31,29,17,34,16,22,23,10,22,12,15,9,1,11,4,10,14,14,10,70,1,12,16,2,14,23,2,22,2,13,7,8,13,8,4,11,8,8,2,7,3,4,14,4,3,3,7,15,2,10,7,4,9,0,3,2,1,15,7,4,12,9,9,9,10,5,2,9,14,1,5,10,4,1,8,1,8,3,1,4,1,8,4,2,31,3,2,1,10,10,2,1,8,7,4,3,2,7,1,2,3,16,3,2,2,8,8,1,4,7,10,12,5,0,2,1,1,1,5,4,21,5,4,5,1,4,2,1,4,3,1,4,6,1,2,1,2,7,3,7,7,1,1,2,3,3,4,2,8,3,5,2,2,2,2,1,1,20.8,17.5,6.6,21,0.141999996,684.5,10.75,13.85,87.2,29.2,215.8,0.241419362
GCA_949796385.1,9852,9852,Spain,40.46,-3.75,IP-Ini-0,-3.142000044,-2.673453962,99.4,18,138.592812,31,32,18,31,16,18,22,10,21,11,15,9,1,11,5,10,15,13,13,95,1,13,14,4,12,7,2,21,2,8,7,6,12,8,4,11,8,6,2,7,1,5,13,5,3,3,7,15,1,10,7,4,9,0,3,2,1,15,7,4,16,8,7,9,10,5,2,9,14,1,5,10,4,1,8,1,8,2,1,4,1,8,4,2,5,3,2,1,9,14,2,2,9,6,4,3,2,7,0,2,3,24,3,3,2,10,7,1,4,7,8,10,5,1,2,1,1,1,5,4,19,5,4,8,1,4,3,1,5,3,0,4,6,1,2,0,2,8,3,7,7,1,0,2,2,3,4,2,9,2,5,2,2,2,2,1,2,20.8,17.5,6.6,21,0.363000011,715.3,10.35,24.75,56.7,46.6,42.1,0.243423238
GCA_949796415.1,9762,9762,Italy,37.69,14.98,Etna-2,-0.010367383,-2.596442235,99.4,8,140.096025,31,28,16,33,15,15,22,9,21,11,15,10,1,11,4,10,12,13,10,79,1,13,17,5,15,43,2,22,2,11,7,9,11,8,2,11,8,6,2,7,3,5,10,5,3,3,7,14,0,10,7,4,9,0,4,2,0,16,5,3,14,8,6,9,10,5,2,8,13,1,5,11,4,1,8,1,8,3,1,4,1,8,4,1,17,2,2,1,10,17,2,2,9,8,4,4,2,7,1,2,3,23,3,3,2,9,8,1,5,6,8,11,5,1,2,1,1,1,5,4,20,5,4,8,0,4,2,1,5,3,1,4,6,1,2,0,2,7,3,6,7,1,0,1,3,3,5,0,2,3,5,2,2,1,2,1,2,16.4,15,6.4,32,0.342000008,595.2,2.85,16.15,145.9,49.4,90.1,0.243777345
GCA_949796455.1,7143,7143,Netherlands,51.0167,5.86667,Gel-1,-4.337579802,1.104474365,99.4,15,133.038965,31,29,16,35,16,17,23,10,22,11,15,10,1,11,4,10,14,14,9,59,1,13,13,5,16,17,1,24,2,14,9,9,15,8,4,11,8,8,2,7,2,5,13,4,3,3,7,15,1,11,7,4,9,1,3,2,1,14,7,3,15,9,8,9,10,5,2,10,14,1,5,11,4,1,8,1,8,3,1,4,1,6,4,2,18,3,2,1,10,12,2,2,9,8,4,5,2,7,1,2,2,10,3,3,2,9,8,1,5,7,7,11,5,1,2,1,1,1,5,4,20,5,4,8,1,4,2,1,5,3,1,4,6,1,2,0,2,7,3,8,7,0,0,1,3,3,5,2,9,3,5,2,2,2,2,1,2,20.8,17.5,6.6,21,0.31400001,564.1,17.85,17.85,76,11.7,224.8,0.220964084
GCA_949796475.1,9883,9883,Spain,42.1,-2.56,IP-Piq-0,-4.162617325,-1.056826163,99.4,11,136.471597,30,28,16,34,16,18,22,10,21,11,16,8,1,11,5,10,15,13,10,114,1,13,18,2,15,14,1,22,2,12,7,9,15,8,4,11,8,8,2,7,2,5,14,5,3,3,7,15,1,10,7,4,9,1,3,2,0,15,6,3,16,9,8,9,10,5,2,9,12,1,4,12,4,1,8,0,8,3,1,4,1,7,4,2,16,2,2,1,10,16,2,2,9,7,4,5,1,7,1,2,3,27,3,3,2,10,8,1,5,6,9,11,5,1,2,1,1,0,5,4,22,5,4,7,0,4,2,1,5,3,1,4,6,1,2,1,2,7,3,6,7,1,0,3,2,3,4,2,9,2,5,2,2,2,2,0,2,20.4,15.5,6.7,15.6,0.374000001,548.6,10.25,16.15,92.8,27.3,146.6,0.2320404
GCA_949796485.1,9900,9900,Spain,37.38,-6.01,IP-Tri-0,-4.543156311,-2.466358765,99.3,10,134.330697,30,28,19,29,16,18,23,10,22,11,14,10,1,11,4,10,13,14,10,94,1,14,17,5,16,14,1,21,2,13,7,8,15,8,4,11,7,8,2,7,3,5,14,4,3,3,7,13,1,10,7,3,9,1,4,2,1,13,7,3,16,9,9,9,10,5,2,10,13,1,5,11,4,1,8,1,8,3,1,4,1,8,4,2,10,3,2,1,9,7,2,2,9,8,4,5,2,7,1,2,3,18,3,2,2,10,8,1,5,7,9,10,5,1,2,1,1,1,5,4,20,5,4,7,1,4,2,1,5,3,1,4,6,1,2,0,2,7,3,6,5,0,0,2,3,3,4,2,3,3,5,2,2,2,2,0,2,20.8,17.5,6.6,21,0.394000006,585.1,15.55,26.65,111.7,69,18.3,0.226651143
GCA_949796525.1,6923,6923,United Kingdom,51.4083,-0.6383,HR-10,-3.830458526,0.545147301,99.4,8,134.098598,31,28,17,28,16,17,21,10,21,11,16,10,1,11,4,10,15,14,9,70,1,13,19,5,14,18,2,21,2,6,10,9,14,8,4,12,8,8,2,7,3,4,13,4,3,3,7,15,1,10,7,4,9,1,3,2,1,15,5,4,15,9,10,9,10,5,2,8,14,1,4,10,4,1,8,1,8,2,1,4,1,8,4,2,10,3,2,1,10,18,2,2,9,8,4,5,1,7,1,1,3,24,3,3,2,9,7,1,5,7,9,7,5,1,2,1,1,0,5,4,18,5,4,8,1,4,2,1,5,3,1,4,6,1,2,0,2,6,3,7,7,1,0,2,3,3,4,2,2,3,5,2,2,2,2,1,1,20.8,17.5,6.6,21,0.351999998,458.2,7.85,16.45,78.2,16.9,155.9,0.220585804
GCA_949796605.1,9806,9806,Germany,48.56,9.16,Ru-2,-3.255350605,-3.543838927,99.4,11,136.184452,30,29,17,35,16,16,22,10,22,12,16,9,1,11,5,10,11,13,9,99,1,14,16,4,15,12,2,22,2,8,9,8,14,8,4,12,8,8,2,7,3,4,10,4,2,3,7,15,1,10,7,4,9,1,3,2,0,15,7,4,15,9,7,9,10,5,2,10,13,1,6,11,4,1,8,1,8,3,1,4,1,8,4,2,18,2,2,1,10,14,2,2,9,8,4,5,2,7,1,2,3,26,3,3,2,10,8,1,4,6,8,12,5,0,2,0,1,1,5,4,19,5,4,5,1,4,2,1,5,3,1,4,6,1,2,0,2,7,3,7,7,1,0,2,3,3,4,2,8,2,5,1,2,2,2,1,2,20.7,14.6,6.1,22.3,0.317000008,662.3,16.55,18.15,101,23.2,269.2,0.231747013
GCA_949796635.1,8285,8285,Czech Republic,49.4112,16.2815,DraIII-1,-4.779652722,2.974160445,99.4,9,137.916722,30,31,18,33,16,13,20,10,21,11,15,10,1,11,4,10,13,13,12,65,1,11,17,4,16,14,2,24,2,12,7,8,13,8,4,11,8,7,2,7,4,5,13,4,3,3,7,15,1,10,7,4,9,1,3,2,1,15,7,2,12,9,7,9,10,5,2,9,13,1,5,12,4,1,8,1,8,3,1,4,1,8,4,2,8,3,2,1,9,10,2,2,9,8,4,5,1,7,1,2,3,17,3,3,2,9,8,1,5,7,11,11,5,1,2,1,1,1,5,4,21,5,4,7,1,4,3,1,5,3,1,4,6,1,2,1,2,7,3,7,7,1,0,2,3,3,4,2,2,3,4,2,2,2,2,1,1,22.7,15.3,6.1,16.2,0.266000009,729.7,17.05,17.05,76.3,32.9,210.4,0.243532826
GCA_949796645.1,6137,6137,Sweden,55.9419,13.5603,T850,-4.797566356,1.248872902,99.4,19,136.504882,31,33,16,33,16,18,23,10,21,12,15,9,1,11,5,10,15,13,10,89,1,12,16,3,16,17,1,22,2,8,7,9,12,8,4,11,8,6,2,7,2,5,11,4,3,3,7,15,1,9,7,4,9,0,3,2,1,15,7,3,10,9,8,9,10,5,2,9,13,1,4,10,4,1,7,1,8,3,1,4,1,8,4,2,15,3,2,1,10,18,2,2,9,8,4,5,1,7,1,2,3,18,3,3,2,10,7,1,4,6,10,10,5,1,2,1,1,1,5,4,20,5,4,8,1,4,3,1,5,3,1,4,6,1,2,0,2,7,3,7,7,1,1,2,3,3,4,2,2,2,5,1,2,2,1,1,1,18,13.4,4.5,42.4,0.272000003,613.3,4.15,15.45,85.4,19.3,228.4,0.236402622
GCA_949796655.1,9744,9744,Romania,47.16,27.59,Iasi-1,-3.744700035,4.354563358,99.4,11,135.766151,31,30,17,39,16,13,22,10,21,12,15,9,1,11,5,10,13,13,10,98,1,14,17,2,16,27,1,20,2,6,7,9,14,8,4,11,8,8,2,7,3,5,13,4,3,3,7,15,2,10,7,4,9,1,3,2,1,14,6,4,14,9,6,9,10,5,2,10,13,1,5,11,4,1,8,1,8,3,1,4,1,8,3,2,11,3,2,1,8,12,2,2,9,8,4,5,1,7,1,2,3,15,3,2,2,10,7,1,5,7,7,11,5,0,2,1,1,1,4,4,20,5,4,8,1,4,2,1,5,3,0,4,6,1,2,0,2,7,3,7,7,0,0,2,3,3,4,2,6,3,4,2,2,2,2,1,2,20.8,17.5,6.6,21,0.266000009,876.7,19.95,21.45,82.4,40.6,204.6,0.226612118
GCA_949796665.1,9879,9879,Spain,37.6,-1.12,IP-Per-0,12.12403472,-1.530590689,99.4,5,140.805987,31,30,17,30,15,12,22,10,21,11,15,10,0,11,5,10,14,13,11,82,1,12,16,4,12,18,1,20,2,12,7,9,13,8,3,12,8,6,2,7,4,5,9,3,2,3,7,15,1,11,7,4,9,1,4,2,0,13,7,2,13,9,6,9,10,5,2,9,15,1,5,12,4,1,8,1,8,3,1,4,1,8,4,2,18,2,2,1,9,11,2,2,8,6,4,5,2,6,1,2,3,12,3,2,2,10,8,1,4,7,9,8,5,1,2,1,1,1,5,4,20,5,4,6,0,4,2,1,5,3,1,4,6,1,2,0,2,7,3,5,7,0,0,2,3,3,5,2,3,3,4,3,2,2,2,0,2,17.6,17,7.9,12.2,0.252999997,475.7,18.55,23.55,45.2,48.9,46.2,0.242649015
GCA_949796705.1,9503,9503,United Kingdom,55.8877,-3.21072,11C1,-3.443399199,-0.543059876,99.4,8,135.983243,31,27,18,34,16,20,22,9,21,11,14,10,1,11,4,10,15,14,10,78,1,12,14,4,15,17,2,23,2,12,9,8,12,8,4,11,8,8,2,7,2,5,9,5,3,3,7,13,1,10,7,4,9,1,3,2,1,15,5,4,14,9,9,9,10,5,2,8,13,1,5,11,4,1,8,1,8,3,1,4,1,8,4,2,16,3,2,1,10,11,2,2,9,8,4,5,2,7,0,2,3,12,3,3,2,10,8,1,5,7,8,14,5,1,2,0,1,1,5,4,21,5,4,8,1,4,2,1,5,3,1,4,6,1,2,1,2,7,3,7,7,1,0,2,3,3,5,2,2,3,5,1,2,2,2,1,1,21.1,14.1,5.8,53.6,0.336999989,389.4,6.05,13.35,107.8,16.3,244.2,0.231355241
GCA_949796715.1,9830,9830,Spain,36.97,-3.28,IP-Bus-0,-4.577074562,-4.974621823,99.4,9,132.819722,31,28,16,33,16,11,22,7,21,11,16,9,1,11,6,10,12,14,10,115,1,11,20,4,15,21,1,23,2,7,9,9,12,8,4,11,8,8,2,7,3,5,12,4,2,3,7,15,0,10,7,4,9,1,3,2,1,15,8,3,16,9,9,10,10,5,2,9,16,1,5,11,4,1,8,1,8,2,1,4,1,8,4,2,13,3,2,1,8,15,2,2,9,3,4,5,2,7,1,2,3,6,3,3,2,9,7,1,5,6,8,13,5,1,2,1,1,1,5,4,19,5,4,8,0,4,1,1,5,3,1,4,6,1,2,1,2,7,3,6,7,0,0,2,2,3,4,2,3,2,5,2,2,2,2,1,2,16,14.8,6.6,18.9,0.354999995,630.1,5.45,20.65,111,59,33,0.209729953
GCA_949796755.1,9847,9847,Spain,43.31,-5.7,IP-Fel-2,-5.013220613,-0.436259307,99.5,9,134.776285,31,29,16,30,16,12,23,10,21,11,15,9,1,11,5,9,15,13,10,78,1,13,15,4,12,54,2,23,2,7,7,9,14,8,4,11,8,6,2,7,4,5,14,5,3,3,7,13,1,10,7,4,9,1,3,2,0,16,7,4,15,9,4,9,10,5,2,9,15,1,6,10,4,1,8,0,8,3,1,4,1,8,4,2,21,2,2,1,10,16,2,2,9,7,4,5,2,7,1,2,3,26,3,2,2,10,8,0,3,7,8,10,5,1,2,1,1,0,5,4,23,5,4,5,0,4,2,1,5,3,1,4,6,1,2,0,2,7,3,7,7,1,0,2,3,3,5,2,9,3,4,1,2,2,2,1,2,20.8,17.5,6.6,21,0.434000015,382.4,11.55,18.35,142.4,26.7,200.1,0.227343735