"accession","assembly","sample_name","location","latitude","longitude","pop_name","PC1","PC2","busco_complete_pct","contig_n50_mbp","total_length_mbp","cec_0.5cm_Q0.5_250m","cec_5.15cm_Q0.5_250m","phh2o_0.5cm_Q0.5_250m","soc_5.15cm_Q0.5_250m","bio3","bio4","bio8","bio10","bio13","bio15","bio18","te_int_frac","OG0000009","OG0000012","OG0000015","OG0000016","OG0000022","OG0000024","OG0000027","OG0000029","OG0000030","OG0000039","OG0000040","OG0000042","OG0000045","OG0000046","OG0000047","OG0000049","OG0000054","OG0000060","OG0000065","OG0000074","OG0000075","OG0000077","OG0000083","OG0000087","OG0000090","OG0000093","OG0000095","OG0000096","OG0000100","OG0000103","OG0000106","OG0000107","OG0000118","OG0000126","OG0000141","OG0000142","OG0000147","OG0000150","OG0000159","OG0000164","OG0000170","OG0000182","OG0000184","OG0000185","OG0000186","OG0000192","OG0000196","OG0000199","OG0000205","OG0000206","OG0000210","OG0000217","OG0000220","OG0000224","OG0000228","OG0000242","OG0000255","OG0000261","OG0000264","OG0000266","OG0000269","OG0000271","OG0000276","OG0000297","OG0000298","OG0000299","OG0000319","OG0000325","OG0000329","OG0000338","OG0000343","OG0000348","OG0000361","OG0000367","OG0000372","OG0000375","OG0000382","OG0000384","OG0000385","OG0000386","OG0000388","OG0000402","OG0000434","OG0000440","OG0000442","OG0000445","OG0000448","OG0000452","OG0000473","OG0000500","OG0000501","OG0000503","OG0000504","OG0000510","OG0000513","OG0000534","OG0000535","OG0000546","OG0000589","OG0000594","OG0000598","OG0000601","OG0000618","OG0000620","OG0000639","OG0000679","OG0000692","OG0000725","OG0000728","OG0000731","OG0000736","OG0000739","OG0000761","OG0000817","OG0000822","OG0000862","OG0000887","OG0000893","OG0000907","OG0000913","OG0000949","OG0000962","OG0001019","OG0001038","OG0001079","OG0001115","OG0001127","OG0001135","OG0001136","OG0001139","OG0001196","OG0001202","OG0001349","OG0001363","OG0001395","OG0001398","OG0001408","OG0001688","OG0001769","OG0001820","OG0001885","OG0001893","OG0001918","OG0001927","OG0001929","OG0002370","OG0002742","OG0002829","OG0002883","OG0002891","OG0002892","OG0002893","OG0002919","OG0003687","OG0003730","OG0003808","OG0003820"
"GCA_020911765.2","ASM2091176v2","ASM2091176v2","USA: Columbia",38.3,-92.3,"Col-0",-0.636558665396777,3.84294996183744,99.4,26,133.917131,13.7,11.9,6.2,13,0.280999994277954,910.5,18.7500000000001,25.15,141.6,27.2,349.6,0.216152248661898,31,33,20,34,16,25,25,10,22,12,16,10,1,11,6,10,15,15,12,118,1,16,25,5,16,54,2,25,2,14,8,9,17,8,4,11,8,8,2,7,4,5,15,5,3,3,7,15,2,10,7,4,9,1,4,2,1,16,7,4,16,9,7,9,10,5,2,10,16,1,6,11,4,1,8,1,8,3,1,4,1,8,4,2,31,3,2,1,11,18,2,2,9,8,4,5,2,7,1,2,3,23,3,3,2,10,8,1,5,7,11,14,14,1,2,1,1,1,5,4,21,5,4,8,1,4,3,1,5,3,1,4,6,1,2,1,2,7,3,8,7,1,1,3,3,3,5,2,9,4,5,2,2,2,2,1,2
"GCA_024498495.1","ASM2449849v1","ASM2449849v1","Sweden",55.72,13.19,"Lu-1",-5.62377932322226,-0.175857359150115,99.4,9,122.660426,21,14.6,6.2,18.9,0.273000001907349,616.6,12.55,15.95,79.8,20.8,221.3,0.162986935982107,31,28,15,33,16,16,23,9,21,11,15,10,1,11,5,10,15,14,10,49,1,15,18,3,16,14,1,24,2,12,7,8,16,8,4,11,8,8,2,7,1,5,14,4,3,3,7,15,2,10,7,4,9,1,3,2,1,15,6,2,13,9,7,10,10,5,2,9,13,1,5,11,4,1,8,1,8,3,1,4,1,8,4,1,15,3,2,1,10,16,2,2,9,8,4,5,1,7,1,2,3,24,3,3,2,10,8,1,4,7,11,12,5,1,2,1,1,1,5,4,21,5,4,8,0,4,3,0,5,3,1,4,6,1,2,1,2,7,3,7,7,0,0,3,3,3,4,2,3,3,5,2,2,2,2,0,2
"GCA_025388435.1","AtA1-141.20181003","AtA1-141.20181003","France",43.5235,1.4761,"TOU-A",-4.70462828695977,0.872473100480955,99.1,13,119.744458,20.9,16,6.9,9.9,0.354999995231628,572.5,15.45,20.85,83.4,17.7,162.6,0.145026394457437,30,29,16,30,16,15,22,8,21,11,15,9,1,11,4,10,11,15,12,15,1,11,18,4,16,14,2,22,2,13,10,9,12,8,4,12,8,8,2,7,4,4,11,4,3,3,7,15,1,10,7,4,9,1,3,2,1,14,1,3,13,9,6,10,10,5,2,9,13,1,5,11,4,1,7,1,8,3,1,4,1,8,3,2,21,3,2,1,9,10,2,1,9,8,4,5,1,7,1,2,3,17,3,2,2,9,8,1,4,7,7,10,5,1,2,1,1,1,5,4,23,5,4,5,0,4,3,1,5,3,1,4,5,1,2,0,2,6,3,7,7,1,0,2,3,3,4,2,9,2,5,2,2,2,2,1,2
"GCA_036926925.1","ASM3692692v1","ASM3692692v1","USA",37.75,-119.58,"Yo-0",-3.51770194752822,0.948883491356182,99.5,14,131.797805,11.5,8.1,5.8,21,0.403999996185303,650.1,1.45000000000005,17.65,201.2,77.8,38.8,0.219901264668254,31,29,18,30,16,14,24,10,21,11,16,9,1,11,6,10,13,14,9,28,1,13,20,1,15,26,1,22,2,13,7,8,14,8,4,12,8,8,2,7,3,4,14,4,3,3,7,15,2,10,7,4,9,1,4,2,1,16,6,3,14,9,7,9,10,5,2,9,14,1,4,10,4,1,8,1,8,2,1,4,1,8,4,2,18,3,2,1,10,8,2,2,9,8,4,5,1,7,1,2,3,11,3,3,2,10,7,1,4,7,8,12,5,1,2,0,1,1,5,4,20,5,4,8,1,4,2,1,5,3,1,4,6,1,2,0,2,7,3,7,6,1,0,1,3,3,4,2,2,3,5,2,2,2,2,0,2
"GCA_036926965.1","ASM3692696v1","ASM3692696v1","Canada",49.18,-123.13,"Ri-0",-3.09913347307605,1.44456674265812,99.4,15,128.196233,NA,NA,NA,NA,0.274000000953674,486.5,5.45000000000005,17.15,251.6,50.6,168.4,0.193069939894412,31,28,16,34,16,13,22,10,22,11,15,10,1,11,5,10,13,14,12,82,1,11,21,5,16,17,2,23,2,13,9,9,16,8,4,11,8,7,2,7,2,5,12,5,3,3,7,14,1,10,7,4,9,0,4,2,1,15,7,3,17,9,9,9,10,5,2,9,14,1,5,11,4,1,8,1,8,3,1,4,0,8,3,2,20,3,2,1,10,18,2,2,9,7,4,5,1,7,0,2,3,24,3,3,2,10,7,1,5,7,10,11,5,1,2,1,1,0,5,4,21,5,4,8,1,4,3,1,5,3,1,4,6,1,2,1,2,7,3,7,7,1,0,2,3,3,4,0,7,3,5,1,2,1,2,1,2
"GCA_036926975.1","ASM3692697v1","ASM3692697v1","Japan",34.73,136.5,"Tsu-0",-5.30859769186387,1.90120394279295,99.4,13,129.592295,NA,NA,NA,NA,0.238000011444092,741.5,25.85,25.85,270.6,47.9,639.7,0.206692133972934,30,32,17,31,16,13,23,10,20,11,15,10,1,11,5,10,15,13,9,92,1,13,18,2,16,25,1,24,2,6,7,9,16,8,4,11,8,8,2,7,4,5,10,5,3,3,7,15,2,10,7,4,9,1,3,2,1,14,7,4,14,9,8,9,10,5,2,10,13,1,6,12,4,1,8,1,8,3,1,4,1,8,4,2,11,2,2,1,10,9,2,2,9,5,4,5,2,7,1,1,3,15,3,3,2,9,7,1,5,7,8,12,14,1,2,1,1,1,5,4,20,5,4,8,0,4,3,1,5,3,1,4,6,1,2,0,2,7,3,7,7,1,1,2,3,3,4,2,3,2,5,1,2,2,2,1,2
"GCA_036927025.1","ASM3692702v1","ASM3692702v1","Tajikistan",38.59,68.79,"Shahdara",1.10513443106651,11.9031038943299,99.4,14,133.190498,NA,NA,NA,NA,0.332999992370606,878,8.45000000000005,24.85,148.5,71.6,37.5,0.226318622218831,31,30,17,32,16,17,26,10,21,11,15,10,1,11,6,10,15,15,9,62,1,12,17,3,15,27,2,22,2,12,9,8,14,8,3,11,8,6,2,7,2,5,9,4,3,3,7,15,1,11,7,4,9,0,3,2,0,15,6,2,11,9,7,9,10,4,2,9,15,1,4,10,4,1,8,1,8,3,1,4,1,8,3,2,5,3,2,1,11,16,2,1,8,8,4,5,1,7,0,1,3,14,3,3,2,10,8,1,4,7,7,8,5,0,2,0,1,1,4,4,24,5,4,5,1,4,3,1,5,3,0,4,6,1,2,0,2,6,3,7,7,1,0,2,3,3,4,2,3,3,5,2,2,2,2,0,2
"GCA_036927045.1","ASM3692704v1","ASM3692704v1","Russia",53.33,49.48,"Shigu-2",0.402660750718237,10.1432905900236,99.4,14,130.970342,29.6,31,6.9,25.3,0.189999997615814,1123.8,19.05,19.05,71,18.5,192.7,0.214426881469089,31,29,17,35,16,16,23,10,21,11,15,10,1,11,5,10,12,14,10,70,1,15,17,4,15,21,2,21,2,12,8,9,11,8,4,11,8,8,2,7,2,5,9,5,3,3,7,15,1,10,7,3,9,0,3,2,1,14,7,2,14,9,6,9,10,5,2,8,15,1,4,11,4,1,8,1,8,3,1,4,1,8,4,2,8,2,2,1,10,17,2,1,9,8,4,5,2,7,0,1,3,24,3,3,2,9,8,1,5,6,7,10,5,0,2,0,1,1,5,4,21,5,4,7,1,4,1,1,5,3,0,4,6,1,2,0,2,7,3,7,7,1,0,2,3,2,4,1,3,4,5,2,2,1,2,1,1
"GCA_036927085.1","ASM3692708v1","ASM3692708v1","Norway",60.39,6.19,"Oy-0",-4.35757861675305,0.499063004602086,99.4,14,131.393858,NA,NA,NA,NA,0.250999999046326,665.6,-0.449999999999989,15.7500000000001,300.8,32.3,449.3,0.214851313674038,29,30,18,35,16,16,23,10,22,11,15,9,1,11,4,10,13,13,10,32,1,13,19,5,14,17,2,23,2,7,8,9,14,8,4,11,8,8,2,7,3,5,13,4,3,3,7,15,1,11,7,4,9,1,3,2,1,16,7,3,15,9,7,9,10,5,2,10,13,1,5,11,4,1,7,1,8,3,1,4,1,8,4,2,13,3,2,1,11,15,2,1,9,8,4,5,2,7,1,2,3,17,3,3,2,10,8,1,5,7,7,11,5,0,2,1,1,1,5,4,19,5,4,7,1,4,2,1,5,3,1,4,6,1,2,0,2,7,3,8,7,1,0,1,3,3,4,2,8,3,5,3,1,1,2,1,2
"GCA_036927245.1","ASM3692724v1","ASM3692724v1","France",43.69,7.33,"JEA",-2.24385579396233,-5.52476402985233,99.4,14,129.770716,NA,NA,NA,NA,0.251999998092651,529.8,13.2500000000001,22.7500000000001,121.8,49.9,78.9,0.207794730823555,31,27,18,30,14,17,24,10,22,11,15,10,1,11,4,10,14,13,12,98,1,13,19,5,15,14,1,22,2,7,7,6,13,8,4,11,7,8,2,7,3,5,12,4,2,3,7,13,1,10,7,4,9,1,3,2,1,16,5,2,16,9,7,9,10,5,2,10,15,1,6,10,4,1,8,0,8,3,1,4,0,8,4,2,15,3,2,1,9,16,2,2,9,8,4,5,1,7,1,2,3,14,3,2,1,8,7,1,5,7,6,11,5,1,2,1,1,1,5,4,18,5,4,8,1,4,1,1,5,3,1,4,6,1,2,0,2,7,3,6,7,1,1,1,3,3,4,2,1,3,5,1,2,2,2,1,1
"GCA_036927255.1","ASM3692725v1","ASM3692725v1","Netherlands",52.24,4.45,"Nok-1",-4.44036030812509,-1.36095921655929,99.4,13,132.638367,NA,NA,NA,NA,0.236999988555908,486.2,11.7500000000001,16.65,108,23.8,274.5,0.221450389237678,31,28,17,34,16,14,22,9,21,11,16,10,1,11,6,10,15,13,9,89,1,12,16,4,15,14,1,22,2,7,8,9,13,8,4,11,8,6,2,7,3,5,9,4,3,3,7,15,1,10,7,4,9,0,3,2,1,16,7,3,10,9,5,9,10,5,2,10,14,1,5,10,4,1,8,1,8,3,1,4,1,8,4,2,17,3,2,1,10,11,2,2,9,8,4,5,2,7,1,2,3,28,3,3,2,10,7,1,5,7,8,11,8,1,2,1,1,1,5,4,23,5,4,8,0,4,2,1,4,3,1,4,6,1,2,0,2,6,3,8,7,1,0,3,3,3,4,2,7,3,5,2,2,2,2,1,2
"GCA_036927265.1","ASM3692726v1","ASM3692726v1","Switzerland",46.21,6.14,"Ge-0",-3.32994672734298,0.0614331676769409,99.4,14,132.491861,NA,NA,NA,NA,0.330999994277954,660.7,6.95000000000005,19.7500000000001,114.2,12.7,260.5,0.223794614825434,31,29,15,33,15,14,24,8,23,11,15,10,1,11,5,10,13,14,10,86,1,12,18,5,16,18,1,23,2,7,9,9,15,8,4,11,8,8,2,7,2,4,15,4,3,3,7,13,1,10,7,4,8,1,3,2,1,16,7,3,15,9,10,9,10,5,2,10,15,1,6,10,4,1,7,1,8,3,1,4,1,8,3,2,17,3,2,1,10,16,2,2,9,8,4,5,1,7,0,2,3,17,3,3,2,10,7,1,5,7,8,11,5,1,2,0,1,1,5,4,18,5,4,8,0,4,2,0,5,3,1,4,6,1,2,1,2,7,3,7,7,1,0,2,3,3,4,2,3,3,5,1,2,2,2,1,2
"GCA_036927275.1","ASM3692727v1","ASM3692727v1","Italy",37.51,15.09,"Ct-1",-3.85577599125949,1.32881135113628,99.4,13,131.229381,NA,NA,NA,NA,0.304999995231628,571.9,13.45,26.15,100.4,65,31.8,0.214532932987012,31,30,15,34,16,15,21,10,21,11,15,10,1,11,4,10,13,14,10,90,1,12,19,4,16,21,1,22,2,9,9,8,14,8,4,12,8,7,2,7,2,5,15,4,3,3,7,15,2,10,7,3,9,1,4,2,1,16,6,3,14,9,7,9,10,5,2,10,13,1,5,11,4,1,8,1,8,3,1,4,1,8,4,2,18,3,2,1,9,18,2,2,9,8,4,5,2,7,1,1,3,14,3,2,2,9,8,1,3,7,10,12,8,1,2,1,1,1,5,4,22,5,4,7,1,4,2,1,5,3,1,4,6,1,2,0,2,7,3,7,7,1,0,2,3,4,4,2,8,2,5,2,2,2,2,1,2
"GCA_036927285.1","ASM3692728v1","ASM3692728v1","Spain",29.21,-13.48,"Can-0",5.14786099528269,-2.04713787808544,99.4,12,129.962383,15.2,13.8,7.7,6.6,0.124000000953674,261.5,15.7500000000001,22.15,40.7,87.4,6.1,0.209547311855616,31,30,18,30,16,13,22,10,22,11,16,9,0,11,4,10,14,13,11,91,1,14,16,2,15,7,2,24,2,11,6,9,12,8,3,11,8,6,1,7,2,5,14,3,3,3,7,15,1,10,7,4,9,0,3,2,1,16,6,4,14,9,4,9,10,5,2,9,15,1,6,10,4,1,7,1,8,3,1,4,1,8,2,2,15,3,2,1,7,14,2,1,9,6,4,5,1,7,1,2,3,4,3,1,1,10,6,1,4,7,5,10,5,1,2,0,1,1,5,4,20,5,4,6,1,4,2,1,5,3,1,3,6,1,2,0,2,6,3,7,7,0,0,1,3,3,5,2,3,3,4,2,2,2,2,0,2
"GCA_036927355.1","ASM3692735v1","ASM3692735v1","Spain",41.24,-3,"Cant-1",7.72823084255985,-1.8567291141095,99.4,13,135.625973,19.8,19.4,7.7,12.4,0.370000004768372,649.4,7.25000000000006,20.2500000000001,72.1,34.7,88.5,0.239455034176971,30,29,15,29,15,14,23,10,22,11,15,9,0,11,5,10,12,13,10,68,1,12,14,3,14,12,2,22,2,13,8,8,12,8,4,12,7,6,2,7,4,5,11,4,2,3,7,15,1,10,7,4,9,0,2,2,0,11,6,4,13,9,8,9,10,5,2,10,13,1,5,10,4,1,8,0,8,3,1,4,1,8,4,2,13,2,2,1,10,7,2,2,9,5,4,4,1,7,0,2,3,18,3,1,2,9,8,1,4,7,6,11,5,1,2,1,1,1,5,4,20,5,4,6,0,4,2,1,5,3,0,4,6,1,2,0,2,7,3,5,7,0,0,2,3,3,5,2,3,3,5,2,2,2,2,1,2
"GCA_036927365.1","ASM3692736v1","ASM3692736v1","Czech Republic",48.3,19.85,"Blh-1",-3.8211663331837,2.00262388652121,99.4,14,129.606757,19.6,19.4,6.7,16.2,0.301999998092651,764.7,17.15,18.55,83.5,32.5,218.6,0.206703682895175,30,29,17,33,16,14,22,10,22,11,15,10,1,11,4,10,11,12,12,100,1,13,19,5,15,18,1,23,2,7,7,8,12,8,4,11,8,8,2,7,3,5,14,6,3,3,7,15,0,10,7,4,9,1,4,2,1,14,6,3,11,9,8,9,10,5,2,10,14,1,5,12,4,1,8,1,8,3,1,4,1,8,3,2,16,3,2,1,10,15,2,2,9,8,4,5,1,7,1,2,3,14,2,3,2,9,8,1,4,6,8,12,8,1,2,0,1,1,5,4,21,5,4,6,1,4,2,1,5,3,1,4,6,1,2,0,2,7,3,7,7,1,1,2,3,3,4,2,9,2,4,2,2,2,2,0,1
"GCA_036927375.1","ASM3692737v1","ASM3692737v1","Ireland",53.87,-9.39,"Bur-0",-3.97094156479121,0.283635142314144,99.4,14,131.802682,25,18.6,5.4,68,0.360999989509583,345.1,5.95000000000005,13.95,179.5,26.3,285.6,0.220773656184022,31,30,15,33,16,15,22,10,20,11,16,10,1,11,5,10,13,12,9,74,1,13,15,2,15,10,2,24,2,8,8,9,11,8,4,11,8,8,2,7,2,5,11,4,3,3,7,15,1,10,7,4,9,0,3,2,1,17,6,3,14,9,8,9,10,5,2,9,13,1,4,11,4,1,7,1,8,3,0,4,1,8,4,2,18,3,2,1,11,17,2,2,8,8,4,5,2,7,0,1,3,10,3,3,2,9,7,1,5,7,8,11,5,0,2,1,1,1,5,4,21,5,4,8,1,4,2,1,5,3,0,4,6,0,2,0,2,6,3,7,7,1,0,2,3,3,4,2,9,2,5,3,2,2,1,0,2
"GCA_036927385.1","ASM3692738v1","ASM3692738v1","Germany",49.95,11.57,"Bay-0",-5.07428585277585,2.40459422340719,99.4,14,130.22903,NA,NA,NA,NA,0.28199999332428,694.7,0.850000000000023,17.55,87.3,13.5,230,0.208390164619978,30,28,16,34,16,15,22,10,21,11,15,6,1,11,6,10,15,13,11,103,1,15,16,3,16,18,2,23,2,14,7,9,13,8,4,11,8,7,2,7,4,5,14,4,3,3,7,15,1,11,7,4,9,0,4,2,1,12,6,3,14,9,9,9,10,5,2,10,13,1,6,11,4,1,8,1,8,3,1,4,1,7,3,2,16,3,2,1,11,16,2,2,9,8,4,5,1,7,1,1,3,13,3,2,2,10,8,1,4,7,11,9,5,1,2,1,1,1,5,4,21,5,4,7,0,4,3,1,5,3,1,4,6,1,2,0,2,7,3,6,7,1,0,1,3,3,5,2,8,2,4,2,2,2,2,1,2
"GCA_036927435.1","ASM3692743v1","ASM3692743v1","Portugal",32.74,-16.93,"Are-10",15.6317746849261,-1.06964377500556,99.3,14,135.806046,19.8,19.1,5.4,45.8,0.225,413.3,8.65000000000003,17.85,429.1,60.7,190.9,0.23948265160448,31,29,17,30,16,16,20,10,22,11,16,9,0,11,5,10,13,13,13,74,1,12,13,2,14,14,2,20,2,12,6,9,12,8,3,11,7,8,2,7,3,5,6,2,2,3,8,15,1,10,7,4,9,0,2,2,0,13,6,2,13,9,6,9,10,4,2,10,15,1,4,10,4,1,8,0,8,3,1,4,1,8,4,2,16,2,2,1,8,16,2,2,7,5,3,5,2,7,0,2,3,9,3,2,2,9,8,1,5,7,7,10,5,1,2,1,1,1,5,4,21,5,4,5,0,4,2,1,5,3,1,4,6,1,2,0,2,7,3,7,7,1,1,2,3,3,4,2,3,3,4,1,2,2,2,1,2
"GCA_036927455.1","ASM3692745v1","ASM3692745v1","Portugal",32.74,-16.93,"Are-6",16.4477746718715,-1.17811791891704,99.3,14,134.784271,19.8,19.1,5.4,45.8,0.225,413.3,8.65000000000003,17.85,429.1,60.7,190.9,0.233720980692176,31,29,17,29,16,17,19,10,22,11,16,9,0,11,5,10,12,13,14,82,1,11,15,2,14,14,2,21,2,12,6,9,12,8,4,11,7,8,2,7,4,5,6,3,2,3,8,13,1,10,7,4,9,0,2,2,0,14,5,2,13,9,5,9,10,4,2,9,15,1,5,10,4,1,8,1,8,3,1,4,1,8,4,2,13,2,2,1,8,16,2,2,8,6,3,5,2,7,0,2,3,11,3,2,2,9,8,1,5,7,7,10,5,1,2,1,1,1,5,4,21,5,4,5,0,4,2,1,5,3,1,4,6,1,2,0,2,7,3,7,7,1,1,2,3,3,4,2,3,3,4,1,2,2,2,1,2
"GCA_036927475.1","ASM3692747v1","ASM3692747v1","Portugal",32.74,-16.93,"Are-2",15.7320547538524,-1.1961048884362,99.3,14,137.599959,19.8,19.1,5.4,45.8,0.225,413.3,8.65000000000003,17.85,429.1,60.7,190.9,0.249662254623201,31,29,17,30,16,16,20,10,22,11,16,9,0,11,5,10,12,13,15,70,1,11,14,2,14,14,2,21,2,12,6,9,12,8,4,11,7,6,2,7,4,5,6,2,2,3,8,15,1,10,7,4,9,0,2,2,0,14,5,2,13,9,3,9,10,4,2,9,15,1,5,10,4,1,8,1,8,3,1,4,1,8,4,2,16,2,2,1,8,16,2,2,8,6,3,5,2,7,0,2,3,11,3,2,2,9,8,1,5,7,7,9,5,1,2,1,1,1,5,4,20,5,4,5,0,4,2,1,5,3,1,4,6,1,2,0,2,7,3,7,7,1,1,2,3,3,4,2,3,3,4,1,2,2,2,0,2
"GCA_036927485.1","ASM3692748v1","ASM3692748v1","Iran",37.5,49.37,"Anz-0",-2.69446521825913,-1.50152297873486,99.4,12,137.297184,23,20.5,7.1,18.4,0.144000005722046,651.1,19.15,25.05,211.6,52.7,157.4,0.22994460687555,31,29,18,32,16,15,22,10,20,12,15,9,1,11,5,10,15,14,10,62,1,12,16,5,15,48,2,22,2,8,10,9,12,8,4,11,8,7,2,7,2,4,9,5,3,3,7,15,2,10,7,4,9,1,3,2,1,16,6,4,14,8,6,9,8,5,2,9,12,1,5,11,4,1,8,1,8,3,1,4,0,8,4,2,17,3,2,1,9,17,2,2,9,7,4,5,2,7,1,2,3,19,3,3,2,9,7,1,4,7,7,12,5,1,2,1,1,1,5,4,20,4,4,8,1,4,3,1,5,2,1,4,6,1,2,0,2,7,3,7,7,1,1,2,3,3,4,2,3,3,5,1,2,2,2,1,2
"GCA_036927505.1","ASM3692750v1","ASM3692750v1","Armenia",40.14,44.82,"Geg-14",0.761503404715594,8.10233096585962,99.4,11,131.282113,28.8,26.4,6.8,21.8,0.28199999332428,918.2,5.35000000000002,17.95,102.4,37.4,142.9,0.209337984985053,31,32,18,33,16,11,24,10,21,12,15,9,1,11,5,10,11,14,10,99,1,14,18,3,15,20,1,23,2,14,10,9,13,8,4,11,8,8,2,7,2,5,12,4,3,3,7,15,1,10,7,4,9,1,3,2,1,13,7,2,12,9,8,9,10,5,2,9,15,1,5,11,4,1,8,1,8,3,1,4,1,8,4,2,16,2,2,1,11,16,2,1,9,8,4,5,2,7,0,2,3,14,3,3,2,9,8,1,5,7,5,12,5,0,2,0,1,1,5,4,21,5,4,8,1,4,2,1,4,3,0,4,6,1,2,0,2,5,2,7,7,1,0,2,3,3,4,2,2,3,5,2,2,2,2,0,2
"GCA_036936705.1","ASM3693670v1","ASM3693670v1","Germany",50.28,8.36,"Db-1",-5.02635264325222,-0.70763262892106,99.4,19,137.524412,29.6,20,6,22.9,0.315000009536743,598.6,14.45,15.95,80,9.9,224.2,0.23430153622471,31,32,18,33,16,17,23,8,22,11,15,9,1,11,5,10,15,13,10,62,1,16,19,5,15,54,1,23,2,7,10,8,13,8,4,11,8,8,2,7,4,5,10,5,3,2,7,15,1,11,7,4,9,0,3,2,0,15,7,4,16,9,9,9,10,5,2,10,14,1,6,10,3,1,8,1,8,3,1,4,1,8,4,2,8,2,2,1,10,14,2,2,9,8,4,5,1,7,1,2,2,14,3,3,2,10,8,1,4,7,7,12,5,1,2,1,1,0,4,4,20,5,4,5,0,4,3,1,5,3,1,4,6,1,2,0,2,7,3,8,7,1,1,2,3,3,4,2,6,4,5,2,2,2,2,1,2
"GCA_036936715.1","ASM3693671v1","ASM3693671v1","Estonia",59.45,24.76,"Est-0",-2.07282945293811,-1.15662624445383,99.4,13,135.155182,NA,NA,NA,NA,0.187999999523163,767.8,11.7500000000001,16.2500000000001,81.7,31.8,215.7,0.228662930585969,31,28,16,35,16,26,23,10,22,12,15,9,1,11,5,10,12,14,9,57,1,14,17,3,16,14,2,23,2,13,9,8,15,8,4,11,8,7,2,7,1,5,15,4,3,3,7,15,2,10,7,4,9,1,4,2,1,14,8,3,15,9,7,9,10,5,2,10,13,1,5,11,4,1,8,1,8,3,1,4,1,8,3,2,11,3,2,1,10,14,1,2,9,6,4,5,2,7,1,2,3,18,3,3,2,10,7,1,4,6,7,11,14,0,2,1,1,1,5,4,22,5,4,8,0,4,2,0,5,3,0,4,6,1,2,0,2,6,3,7,7,1,1,3,3,3,4,2,9,2,4,2,2,2,2,1,2
"GCA_036936845.1","ASM3693684v1","ASM3693684v1","India",34.2,76.83,"Kas-1",-1.30623059936381,9.09141205261604,99.4,9,136.722755,16.2,15.8,7.9,8.2,0.290000009536743,962.1,-11.55,8.55000000000001,63.9,30.5,133.4,0.228835573127531,31,29,17,33,16,16,21,10,21,11,16,9,1,11,5,10,11,13,9,111,1,13,19,5,16,20,1,24,2,8,7,8,13,8,4,11,6,8,2,7,3,5,14,4,3,3,7,15,1,10,7,4,9,1,3,2,1,15,7,3,12,9,5,9,10,5,2,10,15,1,5,12,4,1,8,1,8,3,1,4,1,8,4,2,5,3,2,1,11,17,2,2,9,8,4,5,2,7,0,1,3,19,3,3,2,10,7,1,5,6,7,12,5,0,2,1,1,1,5,4,20,5,4,7,1,4,2,1,4,3,0,4,6,1,2,0,2,7,3,7,7,1,1,2,3,2,4,2,8,3,5,2,2,2,2,1,2
"GCA_036936885.1","ASM3693688v1","ASM3693688v1","Poland",52.24,21.01,"Mh-0",-4.5338068439576,-2.41471072608963,99.4,21,135.76787,NA,NA,NA,NA,0.263000011444092,741.1,17.95,17.95,78.5,34.4,221.5,0.220507178907646,31,30,18,31,16,16,23,10,22,11,15,10,1,11,6,10,13,13,12,66,1,14,24,4,16,48,2,22,2,13,7,9,15,8,4,11,8,8,2,7,2,5,13,5,2,3,7,15,1,11,7,4,9,1,3,2,1,16,7,3,15,9,8,9,10,5,2,9,16,1,5,10,4,1,8,1,8,3,1,4,1,8,3,2,11,3,2,1,10,12,2,2,9,7,4,5,2,7,0,1,3,19,3,3,2,9,8,1,5,6,7,12,5,1,2,1,1,1,5,4,20,5,4,5,1,4,2,1,5,3,1,4,6,1,2,0,2,7,3,8,7,1,0,2,3,3,4,2,9,4,5,2,2,2,2,1,2
"GCA_036936895.1","ASM3693689v1","ASM3693689v1","Italy",44.5,9.5,"Mr-0",-0.263698445175959,-0.58589922859276,99.4,14,139.368761,20.9,17,5.8,60.6,0.292000007629395,584.3,8.65000000000003,15.65,217,35.9,248.2,0.239660026826241,31,28,17,32,16,18,22,9,21,11,14,9,1,11,5,10,14,13,11,89,1,14,17,5,15,54,1,22,2,9,10,9,12,8,4,11,8,8,2,7,4,5,10,4,3,3,7,15,0,10,7,4,9,0,4,2,1,15,8,3,13,8,9,7,10,5,2,9,14,1,5,10,4,1,8,1,8,3,1,4,1,8,3,2,9,3,2,1,10,18,2,2,9,7,4,5,2,7,1,2,3,13,3,2,2,7,7,1,5,7,8,10,5,1,2,1,1,1,5,4,19,5,5,8,1,4,3,1,5,3,1,4,6,1,2,0,2,7,3,6,7,1,1,1,3,3,4,2,3,3,5,3,2,2,2,1,1
"GCA_036936905.1","ASM3693690v1","ASM3693690v1","Russia",55.78,37.62,"Ms-0",-1.36324996647638,9.1417926678831,99.4,13,136.611995,NA,NA,NA,NA,0.203999996185303,958,17.45,17.45,86.2,29.5,251.2,0.229549096329352,31,29,17,33,16,17,21,10,21,11,16,9,1,11,5,10,11,13,9,111,1,13,19,5,16,17,1,24,2,8,7,8,13,8,4,11,6,8,2,7,3,5,14,4,3,3,7,15,1,10,7,4,9,1,3,2,1,15,7,3,12,9,5,9,10,5,2,10,15,1,5,12,4,1,8,1,8,3,1,4,1,8,4,2,5,3,2,1,11,17,2,2,9,8,4,5,2,7,0,1,3,19,3,3,2,10,7,1,5,6,7,12,5,0,2,1,1,1,5,4,20,5,4,7,1,4,2,1,4,3,0,4,6,1,2,0,2,7,3,7,7,1,1,2,3,2,4,2,8,3,5,2,2,2,2,1,2
"GCA_036936915.1","ASM3693691v1","ASM3693691v1","Portugal",40.23,-8.43,"Co-4",-0.457973832810031,-3.28840551741982,99.4,15,134.924136,19.5,17.5,7,15,0.428000020980835,435.3,13.05,21.05,149.4,52.8,84.4,0.221423615415999,31,29,18,32,16,15,22,10,21,11,16,10,1,11,4,10,10,13,9,96,1,12,17,4,13,40,1,21,2,11,6,9,14,8,4,12,8,8,2,7,1,5,13,4,3,3,7,15,1,11,7,4,9,1,3,2,0,14,8,3,14,9,7,9,10,5,2,9,15,1,6,11,3,1,8,1,8,3,1,4,1,8,4,2,14,2,2,1,10,16,2,2,9,7,4,5,2,7,0,1,3,16,3,3,1,10,8,1,5,6,9,10,5,1,2,1,1,1,5,4,24,5,4,8,1,4,2,1,5,3,1,4,6,1,2,0,2,7,3,7,6,0,0,2,2,3,4,2,3,2,5,2,2,2,2,0,2
"GCA_036936945.1","ASM3693694v1","ASM3693694v1","Estonia",58.3,25.3,"Est-1",-3.08804058434921,5.04233628514386,99.4,12,136.582209,24.3,12.1,6.3,19.5,0.225,784.6,16.15,16.15,95,28.4,272.9,0.230376944628271,30,30,17,35,16,15,23,8,21,12,16,10,1,11,5,10,15,15,9,92,1,13,20,5,16,16,1,23,2,14,9,9,15,8,4,11,8,8,2,7,4,5,13,4,3,3,7,15,2,11,7,4,9,0,3,2,1,15,6,4,14,9,6,9,10,5,2,10,13,1,6,12,4,1,8,1,8,2,1,4,1,8,4,2,17,3,2,1,11,16,2,2,9,8,4,5,1,7,1,2,3,19,3,3,2,10,8,1,5,7,10,9,5,1,2,0,1,1,5,4,21,5,4,5,1,4,2,1,5,3,1,4,5,1,2,0,2,7,3,8,7,1,1,2,3,3,4,2,9,3,4,2,2,2,2,1,2
"GCA_036936955.1","ASM3693695v1","ASM3693695v1","Lebanon",33.92,35.7,"Had-6b",2.54072196868947,-1.3716247277443,99.4,12,134.6256,26.6,26,6.4,14.5,0.35699999332428,620.2,6.15000000000003,21.85,277,96.7,9.6,0.215435608086426,30,28,15,30,14,16,21,8,18,11,15,10,1,11,5,10,11,13,10,66,1,13,19,3,15,38,2,22,1,14,7,9,12,8,4,11,7,6,2,7,1,5,11,2,3,3,6,15,1,10,7,4,9,0,3,2,1,15,7,3,15,8,8,8,10,5,2,9,14,1,5,9,4,1,8,0,8,3,1,4,1,8,4,2,11,2,2,1,9,15,2,2,9,7,4,5,1,7,1,2,3,8,3,2,2,9,8,1,4,6,8,12,5,1,2,1,1,1,5,4,20,5,4,4,0,4,2,1,5,3,1,4,6,1,2,1,2,7,3,6,7,1,1,3,3,2,5,2,3,3,4,1,2,2,2,1,2
"GCA_036937005.1","ASM3693700v1","ASM3693700v1","Japan",34.51,133.36,"Hiroshima",2.69411837224151,7.76613927746461,99.4,22,140.38768,12.4,9.9,5.7,15.5,0.246000003814697,770.2,23.55,27.05,205.1,51.3,457,0.245409248161947,31,30,14,30,16,15,21,10,21,11,15,9,1,11,5,10,13,13,9,73,1,13,14,2,15,46,1,22,2,12,10,9,14,8,4,11,8,8,2,7,2,5,15,4,3,2,7,15,1,10,7,4,9,1,3,2,1,15,6,2,10,9,6,9,10,4,2,10,16,1,4,11,4,1,8,1,8,3,1,4,1,8,4,2,16,3,2,1,10,16,2,2,9,8,4,5,1,7,1,2,3,20,3,3,2,10,8,1,4,7,7,11,5,1,2,0,1,1,5,4,24,5,4,8,1,4,2,1,5,3,0,4,6,1,2,0,2,7,3,7,7,1,1,2,2,2,4,2,3,4,5,2,2,2,2,0,2
"GCA_036937185.1","ASM3693718v1","ASM3693718v1","Japan",36.66,136.65,"Ishikawa",3.74094650320298,4.53670509861069,99.3,10,140.867131,22,15.8,5.2,27.1,0.214000010490418,802.2,7.55000000000001,25.45,291.9,24.8,636,0.249337973668251,31,30,14,30,16,15,21,9,21,11,15,9,1,11,5,10,13,13,9,73,1,13,14,2,15,53,1,22,2,12,10,7,14,8,4,11,8,7,1,7,3,5,14,4,3,2,7,15,1,10,7,4,9,1,3,2,1,15,6,2,10,9,6,9,10,4,2,10,15,1,4,11,4,1,8,1,8,3,1,4,1,8,4,2,16,3,2,1,10,16,2,2,9,6,4,5,1,7,1,2,3,20,3,3,2,10,7,1,4,7,7,11,5,1,2,0,1,1,5,4,24,5,4,5,1,4,3,1,5,3,0,4,6,1,2,0,2,7,3,7,7,1,1,2,2,2,4,2,3,4,5,2,2,2,2,0,2
"GCA_036937335.1","ASM3693733v1","ASM3693733v1","Kyrgyzstan",40.05,72.6,"Kyr-1",2.19091239475002,11.5885382750436,99.3,11,136.70868,20.8,17.4,6.8,27.7,0.251999998092651,769.9,7.25000000000006,12.55,84.6,41.1,148.1,0.228878159016677,31,28,17,33,16,16,26,10,21,11,15,10,1,11,6,10,14,15,10,69,1,13,17,4,15,54,2,23,2,9,7,8,13,8,4,11,8,8,2,7,1,5,9,4,3,3,7,15,1,11,7,4,9,1,3,2,0,14,7,2,14,9,7,9,10,4,2,10,16,1,5,10,4,1,8,1,8,3,1,4,1,8,4,2,16,3,1,1,11,17,2,2,9,8,4,5,2,7,0,1,3,14,3,3,2,10,8,1,5,7,7,11,5,0,2,0,1,1,5,4,21,5,4,5,1,4,3,1,4,3,0,4,6,1,2,0,2,6,3,7,7,1,0,1,3,4,4,2,3,3,5,3,2,2,2,0,2
"GCA_036937385.1","ASM3693738v1","ASM3693738v1","Russia",51.75,80.83,"Nov-02",0.757729268512412,10.994646477146,99.4,10,139.499752,23.1,23.1,7.2,18.3,0.217000007629395,1286.5,19.65,19.65,55.5,39.8,127.9,0.244881804521058,31,32,15,36,16,14,23,10,21,11,15,10,1,11,5,10,11,14,9,98,1,13,14,4,16,53,2,24,2,9,8,7,13,8,4,12,8,8,2,7,2,5,9,4,3,3,7,15,1,11,7,4,9,0,3,2,0,15,6,2,11,8,7,9,9,5,2,9,14,1,4,10,4,1,8,1,8,3,1,4,1,8,3,2,5,2,2,1,11,15,2,1,9,8,4,5,2,7,0,1,3,26,3,3,2,9,8,1,4,7,7,10,5,0,2,0,1,1,5,4,21,5,4,5,1,4,3,1,4,3,0,4,5,1,2,0,2,7,3,7,7,1,0,2,3,3,4,2,8,3,5,2,2,2,2,1,2
"GCA_036937455.1","ASM3693745v1","ASM3693745v1","United Kingdom",57.15,-2.22,"Abd-0",-3.85758407076398,0.0239131778386809,99.4,18,134.127428,21.2,13.8,5.6,42.3,0.297000002861023,346.5,6.85000000000002,12.95,119,18.8,239.3,0.21758568277325,31,28,18,28,16,17,21,10,21,11,16,10,1,11,5,10,15,13,9,70,1,14,16,5,16,18,2,21,2,7,10,9,14,8,4,12,8,8,2,7,3,5,10,4,3,3,7,13,0,10,7,4,9,1,3,2,0,15,6,4,15,9,9,9,10,5,2,8,13,1,4,10,4,1,7,1,8,2,1,4,1,8,4,2,10,2,2,1,11,14,2,2,9,8,4,5,1,7,1,1,3,24,3,2,2,9,7,1,5,7,9,7,5,1,2,1,1,0,5,4,22,5,4,8,1,4,2,1,5,3,1,4,6,1,2,0,2,6,3,7,7,1,0,2,3,3,4,2,2,2,5,2,2,2,2,1,1
"GCA_036937465.1","ASM3693746v1","ASM3693746v1","Russia",56.27,34.33,"Rld-2",-2.36998223018039,7.4875450136711,99.4,15,138.707443,NA,NA,NA,NA,0.202999997138977,908,16.7500000000001,16.7500000000001,84.9,35.8,252.2,0.238497381860035,30,28,17,33,16,13,23,8,20,11,15,10,1,11,5,10,14,15,8,61,1,14,19,5,16,16,2,22,2,14,9,8,15,8,4,11,8,8,2,7,2,5,13,4,3,3,7,15,2,11,7,4,9,0,3,2,1,14,6,3,11,9,9,9,10,5,2,9,13,1,5,12,4,1,8,1,8,3,1,4,1,8,4,2,17,3,2,1,11,17,2,2,9,8,4,5,1,7,1,2,3,19,3,3,2,10,8,1,5,7,10,11,5,1,2,0,1,1,5,4,22,5,4,5,1,4,3,1,5,3,1,4,5,1,2,0,2,7,3,8,7,1,0,2,3,3,4,2,2,3,5,2,2,2,2,1,2
"GCA_036937475.1","ASM3693747v1","ASM3693747v1","China",47.76,88.4,"Altai-5",1.53963636849023,10.6531671850289,99.4,15,137.014786,20.8,21,8.2,14.8,0.26800000667572,1311.2,19.15,19.15,64.7,37.9,151.9,0.230579712761804,31,33,17,33,16,14,22,10,22,11,15,9,1,11,6,10,11,14,9,113,1,13,15,4,15,54,2,22,2,12,9,6,11,8,3,12,8,6,2,7,1,5,9,4,3,3,7,15,1,11,7,4,9,0,3,2,0,15,6,3,14,9,7,9,10,4,2,9,15,2,5,10,4,1,8,1,8,3,1,4,1,8,4,2,5,2,2,1,10,16,2,1,8,7,4,5,1,7,0,1,3,25,3,3,2,10,7,1,4,7,7,12,5,0,2,0,1,1,5,4,21,5,4,6,1,4,3,1,4,3,1,4,6,1,2,0,2,6,3,7,7,1,1,1,3,3,4,2,3,4,5,2,2,2,2,0,1
"GCA_036937505.1","ASM3693750v1","ASM3693750v1","Kyrgyzstan",42.3,74.37,"Kar-1",1.90397553749569,10.2651108874556,99.4,10,134.343331,24.9,22.8,6.7,29.6,0.269000005722046,916.3,9.65000000000003,11.55,68.8,38.1,159.6,0.219704683368317,31,28,18,31,16,17,25,10,21,11,15,10,1,11,6,10,13,14,10,70,1,12,16,3,16,53,1,21,2,14,9,8,13,8,4,11,8,8,2,7,1,5,9,4,3,3,7,15,1,10,7,4,9,1,3,2,1,15,5,3,14,9,7,9,10,4,2,9,14,1,5,10,4,1,8,1,8,3,1,4,1,8,3,2,8,4,2,1,11,16,2,1,9,8,4,5,2,7,0,1,3,25,3,3,2,10,8,1,4,7,7,12,5,0,2,0,1,1,4,4,21,5,4,7,1,4,3,1,4,3,0,4,6,1,2,0,2,6,3,7,7,1,0,3,3,3,4,2,3,3,5,3,2,2,2,0,2
"GCA_036937515.1","ASM3693751v1","ASM3693751v1","USA",41.56,-86.43,"RRS10",-2.94515428728635,0.125456216889047,99.4,12,137.553993,15.5,10.1,6,11.6,0.254999995231628,942.5,20.05,22.15,119,21.9,338.2,0.237533126355699,31,29,18,32,16,14,23,10,19,11,16,9,1,11,6,10,13,13,9,63,1,13,23,2,15,17,1,22,2,13,7,9,14,8,4,12,8,8,2,7,3,5,14,3,3,3,7,15,1,10,7,4,9,1,4,2,1,16,7,3,15,9,7,9,10,5,2,9,14,1,4,10,4,1,8,1,7,2,1,4,1,8,4,2,18,3,2,1,10,10,2,1,9,8,4,5,1,7,1,2,3,22,3,3,2,10,8,1,5,7,8,11,5,1,2,1,1,1,5,4,18,5,4,5,1,4,2,1,5,3,0,4,6,1,2,0,2,7,3,7,7,1,0,1,3,2,5,2,2,3,5,2,2,2,2,0,2
"GCA_036937805.1","ASM3693780v1","ASM3693780v1","Ukraine",50.47,30.52,"Rubezhnoe-1",0.146312823755473,8.42202608620127,99.4,7,137.009881,NA,NA,NA,NA,0.229999995231628,886.6,19.45,19.45,83.4,30,222.9,0.239653058307525,31,29,17,34,16,14,20,10,22,11,15,9,1,11,5,10,12,13,10,79,1,12,18,0,15,14,2,23,2,9,9,8,14,8,4,11,8,8,2,7,1,5,14,4,3,3,7,15,1,10,7,4,9,0,3,2,1,15,6,2,10,9,7,9,10,5,2,10,13,1,3,11,4,1,8,1,8,3,1,4,1,8,3,2,23,3,2,1,10,11,2,1,9,8,4,5,1,7,0,2,3,17,3,3,2,10,7,1,5,6,7,12,5,0,2,1,1,1,5,4,23,5,4,7,1,4,2,1,4,3,1,4,6,1,2,0,1,7,3,7,7,1,0,2,3,2,4,0,3,3,5,2,2,2,2,1,2
"GCA_036937815.1","ASM3693781v1","ASM3693781v1","Kyrgyzstan",42.19,73.41,"Sus-1",2.05365819771755,10.6128429535498,99.4,6,136.024298,23.3,21.8,6.4,27.2,0.270000004768372,815.2,6.15000000000003,11.35,90.4,33,196.9,0.224810805493001,31,29,17,31,16,15,23,10,21,11,15,9,0,11,6,10,15,14,10,88,0,13,16,3,16,52,1,22,2,12,9,8,13,8,3,11,8,8,2,7,1,5,9,4,3,3,7,15,1,11,7,4,9,0,3,2,0,15,6,3,14,9,7,9,10,4,2,9,16,1,5,10,4,1,8,1,8,3,1,4,1,8,4,2,11,2,2,1,11,16,2,2,9,7,4,5,1,7,0,2,3,17,3,3,2,10,7,1,5,7,7,12,5,0,2,0,1,1,5,4,21,4,4,5,1,4,3,1,4,3,0,4,6,1,2,0,2,6,3,7,7,1,0,3,3,3,4,2,3,3,5,3,2,2,2,0,1
"GCA_036937985.1","ASM3693798v1","ASM3693798v1","Spain",40.44,-3.7,"Sah-0",12.9584538615094,-2.31159129344091,99.4,9,141.634957,NA,NA,NA,NA,0.364000010490418,711.4,9.95000000000005,24.2500000000001,57.5,46.2,42.9,0.250696415292448,31,30,17,31,16,15,22,9,22,11,16,9,0,11,5,10,14,14,12,85,1,12,14,4,13,27,2,21,2,12,6,9,11,8,4,11,8,6,2,7,3,5,14,3,2,3,7,15,1,9,7,4,9,0,2,2,1,15,6,3,15,9,5,9,10,5,1,10,13,1,4,11,4,1,7,1,8,3,1,4,1,8,4,2,24,3,2,1,9,12,2,2,9,5,4,5,2,7,0,2,3,8,3,1,2,8,8,1,4,7,8,12,5,1,2,1,1,1,5,4,19,5,4,6,0,4,2,1,5,3,1,4,6,1,2,0,2,7,3,4,7,1,0,2,3,3,5,2,3,4,5,1,2,2,2,0,2
"GCA_036938785.1","ASM3693878v1","ASM3693878v1","Kyrgyzstan",42.8,76.35,"Zal-1",0.0915346184063913,9.60341371315382,99.4,8,132.046556,20.6,20.2,6.7,38.8,0.274000000953674,799.8,9.35000000000002,11.45,147.4,60.6,343.7,0.220057848384929,31,32,16,34,16,20,25,10,21,11,15,10,1,11,6,10,15,15,10,70,1,13,15,4,15,18,2,23,2,13,9,7,13,8,4,11,8,8,2,7,2,5,9,4,2,3,7,15,1,10,7,4,9,0,3,2,0,15,6,2,12,9,9,9,10,4,2,10,16,1,5,10,4,1,8,1,8,3,1,4,1,8,3,2,5,3,2,1,11,16,2,1,9,8,4,5,2,7,0,1,3,15,3,3,2,10,8,1,4,7,7,11,5,0,2,0,1,1,4,4,21,5,4,6,1,4,1,1,5,3,0,4,6,1,2,0,2,6,3,7,7,1,0,1,3,3,4,2,3,3,5,2,2,2,2,0,2
"GCA_036939995.1","ASM3693999v1","ASM3693999v1","Morocco",31.47,-7.41,"Elh-2",3.09312593354477,-1.41157219577339,99.4,12,136.542177,16.2,17.5,6.4,22.1,0.434999990463257,559.7,8.95000000000005,20.35,78.2,24.8,111.2,0.237583373231262,31,29,17,32,15,13,21,10,22,11,14,10,1,11,4,10,14,13,10,95,1,15,20,2,13,14,2,22,2,13,7,9,11,8,4,11,7,8,2,7,2,5,11,4,3,3,7,15,1,10,7,4,9,1,3,2,0,15,6,2,14,9,2,9,10,5,2,9,14,1,4,10,4,1,8,1,8,3,1,4,1,8,4,2,15,3,2,1,10,21,2,2,8,5,4,5,2,7,1,2,3,5,3,2,2,9,7,1,4,7,8,12,5,1,2,1,1,0,5,4,20,5,4,5,0,4,3,1,5,3,1,4,6,1,2,0,2,7,3,8,7,1,0,3,2,2,4,2,3,3,5,2,2,2,2,1,1
"GCA_036940305.1","ASM3694030v1","ASM3694030v1","United Kingdom",55.96,-3.19,"Edi-0",-5.10255201087809,-1.24422146481968,99.4,16,135.069682,NA,NA,NA,NA,0.327999997138977,388.3,10.05,14.65,90.5,16.1,206.9,0.224485484462753,31,27,16,34,16,14,21,10,22,11,13,9,1,11,5,10,15,13,11,82,1,13,19,4,15,14,1,21,2,7,7,8,13,8,4,11,8,7,2,7,3,4,14,5,3,3,7,15,1,10,7,4,9,0,3,2,0,16,7,3,14,9,10,10,8,5,2,9,16,1,5,11,4,1,8,1,8,3,1,4,1,8,4,2,15,2,2,1,10,13,2,1,9,8,4,5,1,7,1,2,3,27,3,3,2,9,6,1,4,7,8,12,5,1,2,1,1,0,5,4,24,5,4,5,0,4,2,1,5,3,1,4,6,1,2,0,2,7,3,7,7,0,1,2,3,3,4,2,2,3,5,3,2,2,2,1,1
"GCA_036940335.1","ASM3694033v1","ASM3694033v1","Italy",37.7,14.98,"Etna-2",-0.0694063115449799,-2.55583938349957,99.3,10,140.694555,16.4,16.6,6.6,29,0.342000007629395,592.3,0.950000000000045,14.2500000000001,152.3,48.6,97.2,0.240771698663107,31,28,16,33,15,15,22,9,21,11,15,10,1,11,4,10,12,13,10,79,1,13,17,5,15,43,2,22,2,11,7,9,11,8,2,11,8,6,2,7,3,5,10,5,3,3,7,14,0,10,7,4,9,0,4,2,0,16,5,3,14,8,4,9,10,5,2,8,13,1,5,11,4,1,8,1,8,3,1,4,1,8,4,1,17,2,2,1,10,17,2,2,9,8,4,4,2,7,1,2,3,23,3,3,2,9,8,1,5,6,8,11,5,1,2,1,1,1,5,4,20,5,4,8,0,4,2,1,5,3,1,4,6,1,2,0,2,7,3,6,7,1,0,1,3,3,5,0,2,3,5,2,2,1,2,1,2
"GCA_036940405.1","ASM3694040v1","ASM3694040v1","Russia",62.13,34.02,"N13",1.34845805563293,7.60937394239918,99.4,10,135.306961,74.9,18.4,4.6,51.7,0.169000005722046,944,15.45,15.45,87.7,35,249.2,0.229708130093913,30,31,18,36,15,15,23,10,22,11,16,9,1,11,5,10,13,14,10,116,1,15,15,1,13,15,2,23,2,8,9,8,15,8,4,11,8,8,2,7,3,5,12,5,3,3,7,16,1,11,7,4,9,1,3,2,1,15,5,3,15,9,5,9,10,5,2,8,13,1,5,10,4,1,8,1,8,3,1,4,1,8,3,2,16,3,2,1,10,12,2,1,9,7,4,5,2,7,0,2,3,17,3,3,2,9,7,1,5,6,7,11,5,0,2,1,1,1,5,4,21,5,4,6,1,4,2,1,5,3,1,4,6,1,2,0,2,7,3,7,7,1,0,2,3,3,4,2,2,3,5,1,2,2,2,1,2
"GCA_036940415.1","ASM3694041v1","ASM3694041v1","Germany",51.07,13.3,"No-0",-5.22090699477938,2.66428565460878,99.3,20,136.157527,29,15.1,6.4,17.3,0.28199999332428,651.5,17.2500000000001,17.2500000000001,88.8,21.6,238.5,0.228532984445289,31,30,15,31,16,18,21,10,21,11,15,9,1,11,4,10,11,15,12,110,1,15,19,4,15,39,2,23,2,13,9,8,13,8,4,11,8,7,2,7,2,4,13,5,3,3,7,15,2,10,7,4,9,1,3,2,1,12,6,3,13,9,4,9,10,5,2,10,12,1,5,11,4,1,8,1,8,2,1,4,1,8,4,2,23,3,2,1,9,16,2,2,8,8,4,5,2,7,1,1,3,16,3,3,2,9,8,1,5,6,11,11,14,1,2,0,1,1,5,4,21,5,4,7,1,4,2,1,5,3,1,4,6,1,2,0,2,7,3,7,7,1,1,1,3,3,5,2,6,2,5,2,2,2,2,1,2
"GCA_036940605.1","ASM3694060v1","ASM3694060v1","Lebanon",34.1,35.84,"Qar-8a",1.14817563934193,-2.61537736818666,99.5,13,135.870149,25.2,24.8,6.4,21.3,0.336999988555908,635.6,3.95000000000005,19.95,292.9,93.5,12.3,0.218819558371133,31,28,16,31,15,14,25,10,22,12,15,10,1,11,4,10,14,14,9,60,1,13,14,4,13,32,2,21,2,13,7,9,14,8,4,11,7,6,2,7,2,4,11,4,2,2,7,14,1,10,7,4,9,0,3,2,1,13,6,3,14,8,4,9,10,5,2,10,15,1,5,9,4,1,8,0,8,3,1,4,1,8,4,2,8,3,2,1,9,16,2,1,9,7,2,5,1,7,1,2,3,19,3,1,2,9,8,1,4,6,11,9,5,1,2,1,1,1,5,4,18,5,4,5,1,4,2,1,5,3,1,4,5,1,2,0,2,7,3,7,7,1,0,2,3,2,5,0,3,3,5,3,2,1,2,0,2
"GCA_036940615.1","ASM3694061v1","ASM3694061v1","Spain",41.78,3.03,"Sf-2",-1.55772173224576,-3.25833499000663,99.4,14,139.781231,NA,NA,NA,NA,0.295000004768372,519.2,17.2500000000001,23.05,102.4,35.3,128,0.242877851032804,31,31,15,33,16,14,22,9,21,11,15,9,1,11,5,10,14,13,10,99,1,12,13,3,16,14,2,22,2,13,7,8,15,8,4,12,8,8,2,7,1,4,10,4,3,3,7,15,1,10,7,4,9,1,3,2,0,16,6,4,16,9,7,10,10,5,2,9,13,1,5,10,4,1,7,1,8,3,1,4,0,8,3,2,16,2,1,1,10,10,2,2,9,7,4,5,2,7,1,2,3,13,3,3,2,10,8,1,4,6,10,11,5,1,2,1,1,1,4,4,21,5,4,7,1,4,2,1,5,3,1,4,6,1,2,0,2,7,3,7,7,1,0,0,3,3,4,2,8,2,4,1,2,2,2,1,2
"GCA_036940625.1","ASM3694062v1","ASM3694062v1","USA",43.27,-85.26,"Tul-0",-2.95509856027238,0.119223495257158,99.4,19,136.927174,11.5,3.7,5.2,11.2,0.247000002861023,943.2,15.55,20.65,99.3,23.4,252.4,0.237047585601964,31,29,18,32,16,14,23,10,19,11,16,9,1,11,6,10,13,13,9,63,1,13,23,2,15,17,1,22,2,13,7,9,14,8,4,12,8,8,2,7,3,5,14,3,3,3,7,15,1,10,7,4,9,1,4,2,1,16,7,3,15,9,7,9,10,5,2,9,14,1,4,10,4,1,8,1,8,2,1,4,1,8,4,2,18,3,2,1,10,9,2,1,9,8,4,5,1,7,1,2,3,22,3,3,2,10,8,1,5,7,8,11,5,1,2,1,1,1,5,4,18,5,4,5,1,4,2,1,5,3,0,4,6,1,2,0,2,7,3,7,7,1,0,1,3,2,5,2,2,3,5,2,2,2,2,0,2
"GCA_036940635.1","ASM3694063v1","ASM3694063v1","Iceland",64.92,-18.48,"Ice-1",-2.65938989199522,0.144254272476867,99.4,12,134.4408,25.3,18.6,5.7,78.5,0.255999994277954,459.9,2.75000000000006,6.15000000000003,117.7,20.3,247.9,0.217332647529619,31,27,16,30,15,16,23,8,22,12,15,9,1,11,5,10,13,14,10,64,0,11,20,3,16,17,1,23,1,14,9,9,16,8,4,12,8,8,2,7,2,5,10,5,3,3,7,14,2,10,7,4,9,1,3,2,1,15,7,3,12,9,7,10,10,5,2,9,14,1,5,11,4,1,8,1,8,3,1,4,1,8,4,2,31,3,2,1,10,11,2,2,9,8,4,5,2,7,1,1,3,17,3,2,1,10,8,1,4,7,5,11,5,1,2,1,1,1,5,4,18,5,4,6,0,4,1,1,5,3,1,4,6,1,2,0,2,7,3,7,7,1,0,2,3,3,5,2,8,2,5,2,2,2,2,1,2
"GCA_036940645.1","ASM3694064v1","ASM3694064v1","Portugal",32.75,-17.13,"Rab-R1",15.0932511524659,-1.24002443581438,99.3,8,147.576663,21.1,15.8,5.3,49.6,0.215000009536743,359.4,10.55,18.45,542.9,63.2,207.7,0.270337058644564,30,30,17,30,16,15,22,10,22,11,15,9,0,11,5,10,13,13,9,86,1,11,14,2,14,14,2,21,2,12,6,9,12,8,3,11,7,8,2,7,3,5,8,3,2,3,8,15,1,10,7,4,9,0,2,2,0,15,6,3,13,8,6,9,10,4,2,9,15,1,4,10,4,1,8,1,8,3,1,4,1,8,4,2,16,2,2,1,8,16,2,1,8,5,3,5,2,7,0,2,3,4,3,2,2,9,8,1,5,7,7,10,5,1,2,1,1,1,5,4,21,5,4,5,0,4,2,1,5,2,1,4,6,1,1,0,2,7,3,8,7,1,0,2,2,2,5,2,3,2,4,1,2,2,2,0,2
"GCA_036940715.1","ASM3694071v1","ASM3694071v1","Sweden",59.34,18.06,"St-0",-4.27265193865977,1.93120899415599,99.4,9,134.536582,NA,NA,NA,NA,0.208999991416931,691.9,15.85,15.85,69.3,26.7,193.5,0.224929558564228,31,30,17,32,16,13,22,10,21,11,16,10,1,11,5,10,14,14,11,61,1,16,19,4,16,29,2,22,2,7,8,9,12,8,4,11,8,8,2,7,4,5,14,5,3,3,7,15,0,10,7,4,9,1,4,2,1,16,7,3,13,8,5,10,10,5,2,9,14,1,6,11,4,1,7,1,8,3,1,4,1,7,4,2,19,3,2,1,10,14,2,2,9,8,4,5,2,7,1,2,3,8,3,3,2,10,7,1,4,7,8,11,5,1,2,1,1,1,5,4,18,5,4,7,0,4,2,1,5,3,1,4,6,1,2,0,2,7,3,7,7,1,0,3,3,3,4,2,9,3,5,1,2,2,2,1,2
"GCA_036940825.1","ASM3694082v1","ASM3694082v1","Russia",52.84,36.92,"Stw-0",-4.39218938153418,1.30273087364603,99.4,12,134.702517,32.5,28.3,6.1,28.6,0.214000010490418,962.5,18.05,18.05,85.4,26.8,233.2,0.221707683457763,30,29,13,35,16,14,23,10,21,11,16,10,1,11,6,10,13,14,10,88,1,14,17,4,15,22,1,23,2,9,9,8,15,8,4,12,8,7,2,7,3,5,11,6,3,3,7,15,1,11,7,3,9,1,4,2,1,15,6,2,13,9,4,9,10,5,2,10,14,1,6,11,4,1,8,1,8,3,1,4,1,8,4,2,18,3,2,1,9,14,2,2,9,8,4,5,2,7,1,1,3,17,3,3,2,9,8,1,3,7,7,13,5,1,2,1,1,1,5,4,18,5,4,7,0,4,2,1,5,3,1,4,6,1,2,0,2,7,3,7,7,1,1,2,3,3,4,2,8,2,5,2,2,2,2,1,2
"GCA_036940995.1","ASM3694099v1","ASM3694099v1","Tanzania",-2.87,36.12,"Tanz-1",6.06327207670337,-1.12678009878571,99.3,14,143.441239,22.5,22.5,7.5,10.1,0.684000015258789,154.7,24.7500000000001,25.85,140.6,88.9,171.1,0.262677555371646,29,29,13,33,16,15,21,10,19,11,14,10,1,11,6,9,13,13,12,99,1,14,14,1,15,13,1,20,2,10,7,9,12,7,4,11,7,6,1,7,3,5,12,4,2,3,7,15,1,10,6,4,9,1,4,2,1,14,7,3,11,9,4,9,10,5,1,8,12,1,5,10,4,1,8,0,8,3,1,4,1,7,4,2,25,3,2,1,10,16,2,1,8,5,4,5,2,7,1,2,3,3,3,2,2,8,7,1,4,7,9,9,5,1,1,1,1,1,5,4,21,3,4,3,1,4,2,1,5,2,1,4,5,1,2,1,2,7,3,7,7,1,0,2,2,2,5,2,7,3,4,2,2,2,2,0,2
"GCA_036941165.1","ASM3694116v1","ASM3694116v1","Morocco",34.09,-4.1,"Taz-0",3.30433986460121,-3.31952024559747,99.3,6,140.182658,14.3,13.2,7.1,11.2,0.388000011444092,605.3,7.25000000000006,21.65,152.1,71.1,20.7,0.236164811484742,30,28,18,27,16,15,21,10,22,11,16,9,1,11,4,10,14,13,10,116,1,12,16,5,12,14,2,23,2,8,9,9,9,8,4,10,7,6,2,7,3,5,13,5,3,3,7,15,1,9,7,4,9,0,3,2,0,13,6,3,15,9,4,9,10,5,2,8,13,1,5,10,4,0,8,0,8,3,1,4,1,8,4,2,19,2,2,1,10,15,2,2,9,4,4,4,2,7,1,1,3,10,3,3,2,9,8,1,5,7,10,11,5,1,2,1,1,1,5,4,17,5,4,5,1,4,1,1,5,3,1,4,6,1,2,1,2,7,3,7,7,1,0,1,4,4,4,2,3,3,4,2,2,2,2,1,0
"GCA_036941295.1","ASM3694129v1","ASM3694129v1","Belarus",53.92,27.57,"ws-4",-4.70570778219811,3.59820303204752,99.4,22,138.894149,NA,NA,NA,NA,0.226999998092651,846.4,16.95,16.95,89.9,30.5,248.2,0.240943943578214,30,31,18,35,16,15,24,10,22,12,16,9,1,11,5,10,13,14,10,62,1,16,16,4,15,9,1,23,2,14,7,9,15,8,4,11,8,8,2,7,3,5,10,4,3,3,7,15,2,11,7,4,8,0,3,2,1,15,7,2,14,9,8,9,10,5,2,10,14,1,6,10,4,1,8,1,8,3,1,4,1,8,4,2,16,3,2,1,10,14,2,1,9,8,4,5,1,7,1,2,3,10,3,3,2,10,8,1,4,7,10,11,5,0,2,0,1,1,5,4,21,5,4,8,0,4,2,1,5,3,1,4,6,1,2,0,2,6,3,8,7,1,0,2,3,3,4,2,8,2,5,2,2,2,2,1,1
"GCA_036941465.1","ASM3694146v1","ASM3694146v1","Morocco",35.45,-5.43,"Zin9",11.6060033203762,-2.1880290299829,99.3,13,138.431362,21.1,19.3,6.2,21.1,0.390000009536743,443.1,13.05,23.45,130.7,70.3,30.1,0.233106360681476,30,31,17,29,16,14,21,10,21,11,16,10,0,11,4,10,13,13,12,86,1,15,18,2,14,14,2,20,2,13,6,9,10,8,3,12,7,6,2,6,3,5,14,4,2,3,7,15,1,10,7,4,9,0,3,2,1,13,7,3,16,9,7,9,10,5,2,10,13,1,6,10,4,1,8,1,8,3,1,4,1,8,4,2,15,3,2,1,9,13,2,1,9,6,4,5,1,7,0,2,3,13,3,2,2,10,8,1,4,7,6,9,5,1,2,1,1,1,5,4,20,5,4,5,1,4,2,1,5,3,1,4,5,1,2,0,2,7,3,5,7,0,0,1,2,2,5,2,3,3,3,1,2,2,2,0,2
"GCA_036941635.1","ASM3694163v1","ASM3694163v1","France",44.59,-1.24,"PYL-1",-0.676529126076863,1.41086702973355,99.4,11,142.799389,NA,NA,NA,NA,0.261999988555908,461.7,12.15,20.35,118.9,29.3,176.8,0.245018527355184,31,29,15,32,16,13,21,10,21,11,15,10,1,11,4,10,14,13,8,98,1,15,22,5,14,14,2,23,2,13,9,9,13,8,4,11,8,6,2,7,3,5,11,4,3,3,6,14,1,10,7,4,9,1,3,2,1,15,7,4,15,8,8,9,10,5,2,9,14,1,5,10,4,1,8,1,8,3,1,4,1,8,4,2,11,3,2,1,10,16,2,2,9,8,4,5,2,7,1,2,3,19,3,3,2,10,7,1,5,7,7,13,5,1,2,1,1,1,5,4,20,5,4,8,1,4,3,1,5,3,0,4,6,1,2,0,2,7,3,7,7,1,0,2,2,3,4,2,9,4,5,2,2,2,2,1,1
"GCA_036941785.1","ASM3694178v1","ASM3694178v1","Italy",40.18,16.45,"Valsi-1",-4.92625533354357,-1.49908369248879,99.4,18,135.622609,21.4,18.8,7.4,18.2,0.325999999046326,638.1,13.55,25.15,86.1,32.1,97,0.226886890223443,31,28,18,30,16,16,22,10,21,11,14,10,1,11,4,10,12,13,10,81,1,13,17,4,15,7,2,22,2,13,10,9,15,8,4,11,7,8,2,7,1,5,10,4,3,3,7,15,1,10,7,4,9,0,3,2,1,14,7,4,16,9,7,10,10,5,2,10,16,1,5,11,4,1,8,1,8,3,1,4,1,8,4,1,16,3,2,1,11,15,2,2,9,7,4,5,2,7,1,2,3,15,3,3,2,10,8,1,4,6,9,11,5,1,2,1,1,1,5,4,23,5,4,7,1,4,2,1,5,3,1,4,6,1,2,0,2,7,3,7,7,1,1,2,3,3,5,2,9,3,5,3,2,2,2,1,2
"GCA_036941915.1","ASM3694191v1","ASM3694191v1","Turkey",38.3,42.22,"Dog-4",-1.25547840218602,2.88609094813136,99.4,13,137.696377,22.2,19.2,6.7,25.4,0.280999994277954,978.7,2.85000000000002,22.7500000000001,173.6,64.3,45.4,0.232823569497402,31,29,17,34,16,14,22,10,22,11,16,9,1,11,5,10,14,14,10,66,1,15,14,2,15,18,1,23,1,8,9,6,12,8,4,11,8,8,2,7,4,5,13,4,3,3,7,15,1,10,7,4,9,0,3,2,1,14,6,3,12,9,6,9,10,5,2,9,17,1,5,11,4,1,8,1,8,3,1,4,1,8,3,2,15,3,2,1,11,17,2,2,9,6,4,4,1,7,1,1,3,19,3,3,2,8,8,1,4,6,7,9,5,1,1,1,1,1,5,4,20,5,4,8,1,4,2,1,5,3,1,4,6,1,2,0,2,7,3,7,7,1,0,2,3,4,4,2,3,3,5,2,2,1,2,0,2
"GCA_036941985.1","ASM3694198v1","ASM3694198v1","Turkey",38.64,42.24,"Nemrut-1",-0.511154239564513,4.24380032459339,99.4,14,136.602798,19.2,18.6,7,24.9,0.252999997138977,912.3,-1.44999999999999,17.35,214.1,60.2,71.1,0.227366543399792,31,29,16,36,16,14,23,10,21,11,15,9,1,11,5,10,11,13,11,94,1,13,15,2,16,24,2,21,2,11,7,8,13,8,4,6,6,7,2,7,2,5,9,4,3,3,7,15,1,10,7,4,9,0,3,2,1,12,7,3,12,9,8,9,10,5,2,10,16,1,5,10,4,1,8,1,8,3,1,4,1,8,4,2,15,3,2,1,10,16,2,2,9,8,4,5,2,7,0,1,3,26,3,3,2,9,8,1,4,7,7,12,5,0,2,1,1,1,5,4,22,4,4,7,1,4,2,1,5,3,0,4,6,1,2,0,2,7,3,7,7,1,0,2,3,3,4,2,3,4,5,1,2,2,2,1,2
"GCA_036942075.1","ASM3694207v1","ASM3694207v1","Morocco",31.47,-7.42,"Toufl-1",3.13593947278899,-0.264157641032779,99.4,19,137.130331,17.8,17.8,6.8,15.2,0.43600001335144,559.7,8.45000000000005,19.85,81.2,24.8,115.7,0.226294006393086,31,28,17,35,16,12,21,10,22,11,13,9,1,11,5,10,13,13,14,89,1,15,18,1,13,14,2,21,2,14,7,9,11,8,3,11,7,8,2,6,3,5,11,4,3,3,7,15,1,10,7,4,9,0,3,2,0,16,6,2,16,9,7,8,10,5,2,9,14,1,6,10,4,1,8,1,8,3,1,4,1,8,4,2,15,3,2,1,10,17,2,2,8,8,4,5,2,7,1,2,3,15,3,2,2,9,7,1,4,7,7,11,5,0,2,1,1,1,5,4,21,5,4,6,0,4,3,1,5,3,1,4,6,1,2,0,2,7,3,8,7,1,0,3,3,2,4,2,3,2,5,2,2,2,2,1,1
"GCA_036942405.1","ASM3694240v1","ASM3694240v1","Portugal",32.74,-16.93,"Are-1",16.062763960794,-1.33537747017044,99.3,14,132.833845,19.8,19.1,5.4,45.8,0.225,413.3,8.65000000000003,17.85,429.1,60.7,190.9,0.22503255100385,30,29,17,30,16,16,20,10,22,11,16,9,0,11,5,10,13,13,16,70,1,12,13,2,14,14,2,21,2,12,6,9,12,8,3,11,7,6,2,7,3,5,6,3,2,3,8,15,1,10,7,4,9,0,2,2,0,12,7,2,13,9,5,9,10,4,2,10,14,1,4,9,4,1,8,1,8,2,1,4,1,8,4,2,16,2,2,1,8,16,2,2,7,5,3,5,2,7,0,2,3,10,3,2,2,9,8,1,5,7,6,9,5,1,2,1,1,1,5,4,21,5,4,3,0,4,2,1,5,3,1,4,6,1,2,0,2,7,3,7,7,1,1,2,3,3,5,2,3,3,4,1,2,2,2,1,2
"GCA_036942435.1","ASM3694243v1","ASM3694243v1","Poland",52.74,15.24,"Col-0",-0.63655866539678,3.84294996183744,99.4,14,129.256504,24.2,16,6.5,13.9,0.276999998092651,693.1,18.15,18.15,75.5,24,203,0.205230461749143,31,33,20,34,16,20,25,10,22,12,16,10,1,11,6,10,15,15,12,87,1,16,25,5,16,54,2,25,2,14,8,9,17,8,4,11,8,8,2,7,4,5,15,5,3,3,7,15,2,10,7,4,9,1,4,2,1,16,7,4,16,9,7,9,10,5,2,10,16,1,6,11,4,1,8,1,8,3,1,4,1,8,4,2,31,3,2,1,11,18,2,2,9,8,4,5,2,7,1,2,3,23,3,3,2,10,8,1,5,7,11,14,14,1,2,1,1,1,5,4,21,5,4,8,1,4,3,1,5,3,1,4,6,1,2,1,2,7,3,8,7,1,1,3,3,3,5,2,9,4,5,2,2,2,2,1,2
"GCA_036942445.1","ASM3694244v1","ASM3694244v1","Spain",41.68,2.79,"Bla-1",-4.37409529493973,-1.58331446691591,99.4,14,127.968228,NA,NA,NA,NA,0.319000005722046,539.2,17.15,23.15,89.2,28.8,143,0.197013277389447,30,28,15,33,16,15,22,10,22,11,14,10,1,11,6,10,14,13,9,86,1,14,16,4,15,14,1,22,2,12,7,9,13,8,4,12,8,8,2,7,2,5,11,5,2,3,7,15,0,11,7,4,9,0,3,2,1,13,8,3,13,9,9,9,10,5,2,10,16,1,5,12,4,1,8,1,8,3,1,4,1,8,4,2,18,2,2,1,9,15,2,2,9,8,4,3,2,7,1,1,3,22,3,3,2,9,8,1,4,6,9,11,5,1,2,1,1,1,5,4,21,5,4,8,1,4,2,1,5,3,1,4,6,1,2,1,2,7,3,7,7,1,0,2,3,2,4,2,9,3,5,1,2,2,2,1,1
"GCA_036942575.1","ASM3694257v1","ASM3694257v1","Portugal",15.06,-23.73,"Cvi-0",4.2740318588623,-2.40267459158347,99.4,14,134.207035,10.6,8.7,7.7,9.8,0.526000022888184,152.3,25.2500000000001,25.2500000000001,104.8,161.9,236.6,0.229281646822762,31,27,16,31,15,12,21,10,22,11,14,9,0,11,4,10,14,13,8,90,1,14,19,2,14,14,1,20,2,13,7,9,12,8,4,12,8,8,2,7,1,5,13,3,3,3,7,15,1,9,7,4,8,1,4,1,1,15,6,1,15,9,4,9,8,5,2,10,16,1,5,10,4,1,7,1,8,3,1,4,1,8,4,2,20,3,2,1,9,14,2,2,9,6,4,4,2,7,1,2,3,13,3,2,2,9,7,1,4,7,7,9,5,1,2,1,1,1,5,4,17,5,4,4,1,4,1,1,5,2,0,4,6,1,2,0,2,8,3,7,7,1,0,2,2,2,5,2,3,3,4,2,2,2,2,1,1
"GCA_036942965.1","ASM3694296v1","ASM3694296v1","Morocco",34.09,-4.2,"Ita-0",3.30433986460121,-3.31952024559747,99.4,13,134.967485,16,14.6,6.4,18.9,0.389000010490417,600.7,5.85000000000002,20.15,231.3,73.5,46.9,0.232753355372963,31,29,16,30,16,14,23,10,21,11,14,9,1,11,5,10,15,13,10,82,1,11,16,2,14,14,2,23,2,9,7,9,11,8,4,12,7,6,2,7,2,4,13,5,3,3,7,15,1,9,7,4,9,0,3,2,1,16,6,3,13,8,4,10,10,5,2,8,12,1,4,10,4,1,8,1,8,3,1,4,1,8,4,2,25,3,2,1,10,18,2,2,9,4,4,5,2,7,1,1,3,19,3,2,2,8,8,1,5,7,8,12,5,1,2,1,1,1,5,4,21,5,4,5,1,4,1,1,5,3,1,4,6,1,2,1,2,7,3,7,7,1,0,1,4,3,5,0,3,4,4,2,2,2,2,1,2
"GCA_036942975.1","ASM3694297v1","ASM3694297v1","Kazakhstan",49.5,73.1,"KZ9",0.408910586769654,9.84313825746828,99.4,14,128.168578,23.3,23.7,7.2,20.6,0.241000008583069,1230.5,17.15,18.85,49.2,28.4,117.3,0.198134514685807,31,31,17,34,16,16,23,10,21,11,16,10,1,11,6,10,12,14,10,69,1,13,16,4,16,18,2,23,2,7,7,9,13,8,4,11,8,8,2,7,2,5,10,4,3,3,7,15,1,11,7,4,9,0,3,2,1,12,7,3,13,9,9,9,10,5,2,10,15,1,5,11,4,1,8,1,8,3,1,4,1,8,3,2,16,4,2,1,10,15,2,1,9,8,4,5,2,7,0,1,3,23,3,3,2,10,8,1,5,7,7,10,5,0,2,1,1,1,5,4,22,5,4,6,1,4,2,1,4,3,1,4,6,1,2,0,2,7,3,7,7,1,1,3,3,3,4,2,3,2,5,2,2,2,2,1,1
"GCA_946402385.1","AUZE-A-5.PacbioHiFiAssembly","AUZE-A-5","France",43.527792,1.491628,"AUZE-A-5",-4.10314660012646,-1.19758107072465,99.4,11,134.825843,NA,NA,NA,NA,0.352999997138977,576.8,15.95,21.35,79.8,17.7,156.4,0.222146894932675,31,29,17,29,16,14,22,10,22,11,15,10,1,11,5,10,14,14,11,107,1,13,20,1,16,17,1,23,2,6,7,8,13,8,3,11,8,8,2,7,2,5,14,3,3,3,7,15,1,11,7,4,9,1,3,2,1,16,6,3,15,9,8,9,10,5,2,10,13,1,5,12,4,1,8,1,8,3,1,4,1,8,4,2,18,3,1,1,9,16,2,2,9,8,4,5,2,7,0,2,3,12,3,3,2,10,7,1,4,6,10,11,5,1,2,1,1,1,5,4,19,5,4,6,0,4,3,1,5,3,1,4,6,1,2,0,2,7,3,6,7,1,0,2,3,3,4,2,9,2,4,2,2,2,2,1,2
"GCA_946403025.1","FERR-A-8.PacbioHiFiAssembly","FERR-A-8","France",43.6577,2.4437,"FERR-A-8",-5.06266228240221,-4.85411229872116,99.4,16,138.179928,20.5,17.9,6.7,22.8,0.325999999046326,557.8,5.35000000000002,18.65,185.9,25.4,275.6,0.241187743273394,31,30,16,33,16,17,23,8,22,11,14,9,1,11,5,10,14,13,11,108,1,13,16,5,16,53,2,23,2,8,7,9,13,8,4,11,8,8,2,7,2,5,12,4,2,3,7,15,1,10,6,4,9,1,3,2,1,15,6,3,15,9,10,9,10,5,2,10,13,1,5,11,4,1,8,1,8,3,1,4,1,8,3,2,17,3,2,1,11,12,2,2,9,8,4,5,2,7,0,2,3,24,3,2,2,8,8,1,4,7,9,12,5,1,2,1,1,1,5,4,21,5,4,7,0,4,2,1,5,3,1,4,6,1,2,0,2,7,3,6,7,1,0,2,3,3,4,2,2,3,5,1,2,2,2,1,2
"GCA_946403525.1","BELC-C-10.PacbioHiFiAssembly","BELC-C-10","France",44.389212,2.336636,"BELC-C-10",-5.45391960179959,-3.61521133934721,99.4,18,135.212263,22,19,6.3,28.9,0.34300000667572,569,8.05000000000001,19.05,109.6,16.1,217.3,0.230948290540777,31,28,17,31,16,16,22,8,22,11,15,9,1,11,5,10,13,13,12,66,1,14,18,3,14,17,2,23,2,13,9,9,14,8,4,12,8,8,2,7,1,5,10,3,2,3,7,14,1,10,7,4,9,1,3,2,0,16,6,2,16,9,7,9,10,5,2,10,14,1,5,11,4,1,8,1,8,3,1,4,1,8,4,2,18,2,2,1,9,13,2,2,9,8,4,5,2,7,1,2,3,20,3,3,2,9,7,1,5,6,8,11,5,1,2,1,1,0,5,4,22,5,4,7,1,4,1,1,5,3,1,4,6,1,1,0,2,7,3,7,7,1,0,1,3,3,4,2,3,2,5,1,2,2,2,1,2
"GCA_946404075.1","ANGE-B-10.PacbioHiFiAssembly","ANGE-B-10","France",43.9121,1.6569,"ANGE-B-10",-4.23046067212837,-5.43408360081764,99.4,14,136.875108,21,17.1,7.4,11.5,0.355999994277954,578.6,15.7500000000001,20.95,79.2,15.7,166.2,0.235258744051548,31,28,17,31,16,16,21,8,22,11,16,10,1,11,4,10,13,12,10,73,1,12,19,4,16,14,2,24,2,8,7,8,14,8,4,11,8,8,2,7,3,5,10,4,2,3,7,15,1,10,7,4,9,1,3,2,0,15,6,3,16,9,7,9,10,5,2,8,13,1,5,11,4,1,8,1,8,3,1,4,1,8,3,2,19,2,2,1,10,12,2,2,9,8,4,5,2,7,1,2,3,8,3,3,2,10,8,1,5,6,8,11,5,1,2,1,1,1,5,4,20,5,4,8,1,3,1,1,5,3,1,4,6,1,2,0,2,7,3,7,7,1,0,2,3,3,5,2,3,2,5,2,2,2,2,1,2
"GCA_946404385.1","BARA-C-5.PacbioHiFiAssembly","BARA-C-5","France",44.270842,2.427551,"BARA-C-5",-4.95835350539629,-1.17165234590964,99.4,20,137.365156,20.8,17.6,7,21,0.342000007629395,549,6.85000000000002,17.2500000000001,125,16.4,250.2,0.233934790566539,31,28,18,33,16,18,24,10,22,11,16,9,1,11,5,10,14,15,10,75,1,13,15,4,16,17,2,23,2,13,7,9,13,8,4,11,8,8,2,7,3,4,14,4,3,3,7,15,1,10,7,4,9,1,3,2,1,15,7,3,15,8,7,9,10,5,2,10,15,1,5,12,4,1,8,0,8,3,1,4,1,8,4,2,16,3,2,1,11,13,2,2,9,8,4,5,2,7,0,2,3,21,3,2,2,9,6,1,5,7,7,11,5,1,2,1,1,1,5,4,18,5,4,7,0,4,3,1,5,3,1,4,6,1,2,0,2,7,3,7,7,1,0,2,3,4,5,2,9,2,5,3,2,2,2,1,1
"GCA_946404515.1","IP-San-9.PacbioHiFiAssembly","IP-San-9","Spain",38.331366,-3.508882,"IP-San-9",11.2341315869699,-2.18223049394709,99.4,19,139.502319,19.8,17.8,6.8,18.4,0.348000001907349,707.6,11.45,25.45,88.4,52,37.5,0.239962283351003,31,30,15,31,16,15,21,10,22,11,16,8,1,11,4,9,15,13,11,97,1,13,12,4,13,14,2,23,2,6,7,9,15,8,4,12,7,6,2,7,2,5,12,3,3,3,7,15,1,10,7,4,9,0,2,2,0,13,6,3,14,9,6,9,10,5,2,9,13,1,4,11,4,1,7,1,8,2,1,4,1,8,3,2,17,2,1,1,10,13,2,2,9,4,4,5,2,7,0,2,3,7,3,1,2,9,8,1,4,7,6,13,5,0,2,1,1,1,5,4,21,5,4,6,0,4,2,1,5,3,1,4,6,1,2,0,2,7,3,4,7,1,0,3,3,3,5,2,3,3,5,1,2,2,2,0,2
"GCA_946404995.1","BANI-C-1.PacbioHiFiAssembly","BANI-C-1","France",43.043644,0.234303,"BANI-C-1",-5.41927391078683,-4.2034686897954,99.4,13,134.087419,21.3,15.2,5.7,34.4,0.363000011444092,540.5,6.15000000000003,19.15,129.5,17.8,250.3,0.220762426637506,31,29,18,30,16,13,22,10,21,11,15,10,1,11,5,10,12,14,10,93,0,14,22,5,16,21,1,23,2,10,9,8,16,8,4,11,8,8,2,7,3,4,9,4,2,3,7,14,0,11,7,4,9,0,3,2,1,15,6,3,13,9,7,10,10,5,2,9,14,1,6,12,4,1,7,1,8,3,1,4,1,8,4,2,8,3,2,1,11,17,2,2,9,8,4,5,2,7,1,1,3,23,3,2,2,10,8,1,5,7,8,12,5,1,2,1,1,1,5,4,19,5,4,8,1,4,2,1,5,3,1,4,6,1,2,1,2,7,3,7,7,1,0,1,3,3,4,2,3,3,5,1,2,2,2,0,2
"GCA_946405265.1","IP-Met-6.PacbioHiFiAssembly","IP-Met-6","Spain",40.261667,-4.154601,"IP-Met-6",2.99653650004381,-2.02972114408334,99.3,27,139.932771,18.9,18.8,7.3,8.7,0.352999997138977,720.4,10.55,25.05,73.8,50.6,44,0.239777521449925,31,28,16,33,16,23,21,9,21,11,15,10,1,11,5,10,14,13,14,101,1,14,13,1,12,14,1,22,2,13,7,9,14,8,4,11,8,8,2,7,1,5,13,5,3,3,7,14,1,10,7,4,9,1,4,2,1,15,6,4,16,9,8,9,10,5,2,9,14,1,5,11,4,1,8,0,8,3,1,4,0,8,4,2,11,3,1,1,10,16,2,2,9,8,4,5,2,7,1,2,3,17,3,3,1,9,7,1,4,7,10,9,5,1,2,1,1,1,5,4,20,5,4,8,1,4,2,1,5,3,0,4,6,1,2,0,2,8,3,7,7,1,0,2,1,3,5,2,3,2,5,2,2,2,2,1,2
"GCA_946405525.1","FERR-A-12.PacbioHiFiAssembly","FERR-A-12","France",43.657743,2.44371,"FERR-A-12",-5.21286850940704,-4.15202395389208,99.4,21,135.60368,20.5,17.9,6.7,22.8,0.325999999046326,557.8,5.35000000000002,18.65,185.9,25.4,275.6,0.221870615900689,31,28,15,36,16,21,23,10,21,11,15,9,1,11,4,10,14,19,14,107,1,13,19,5,16,17,2,24,2,13,7,9,14,8,4,11,8,8,2,7,2,5,12,5,2,3,7,15,1,10,7,4,9,1,3,2,1,15,7,4,15,9,6,9,10,5,1,9,14,1,6,11,4,1,8,1,8,3,1,4,1,8,4,2,17,3,2,1,9,18,2,2,9,8,4,5,2,7,1,1,3,20,3,3,2,8,8,1,4,6,8,12,5,1,2,1,1,1,5,4,22,5,4,8,0,4,1,1,5,3,1,4,6,1,2,0,2,6,3,6,7,1,0,2,3,3,5,2,3,2,5,3,2,2,2,1,2
"GCA_946405545.1","IP-Evs-12.PacbioHiFiAssembly","IP-Evs-12","Spain",40.479175,-3.959696,"IP-Evs-12",-1.47421803080302,-2.88283787473135,99.4,19,136.08719,20,19,7.2,8.2,0.342000007629395,714.4,10.35,24.7500000000001,83.5,48.6,57.6,0.227696971331394,29,32,19,29,16,17,21,10,21,11,14,10,1,10,5,10,15,13,10,92,1,12,19,5,13,14,2,22,2,7,7,6,13,8,4,11,8,8,2,7,3,5,11,4,3,3,7,15,2,10,7,4,9,0,3,2,1,15,7,4,16,9,8,9,10,5,2,8,14,1,5,11,4,1,7,1,7,2,1,4,1,8,4,2,5,3,2,1,10,17,2,2,9,7,4,5,2,7,1,2,3,21,3,2,1,10,7,1,5,7,9,10,5,1,2,1,1,1,5,4,19,5,4,8,1,4,3,1,5,3,0,4,6,1,2,1,2,8,3,7,7,1,0,2,2,3,5,2,3,3,4,2,2,2,2,0,2
"GCA_946405725.1","IP-Med-0.PacbioHiFiAssembly","IP-Med-0","Spain",42.455239,-6.765742,"IP-Med-0",10.9820280074928,-1.05252274884949,99.4,13,140.003997,25,20.4,6.7,30.3,0.388000011444092,521.6,8.45000000000005,18.55,178.8,46.2,109.8,0.243347281444036,31,30,16,28,16,14,20,9,22,11,16,10,0,11,5,10,14,12,9,78,1,15,18,1,13,14,1,22,2,12,7,9,12,8,4,11,7,6,2,7,3,5,11,5,3,3,7,15,2,10,7,4,9,1,3,2,1,15,7,4,14,9,6,9,10,5,2,9,14,1,4,11,3,1,7,0,8,3,1,4,1,8,4,2,14,3,2,1,9,17,2,1,9,3,4,5,1,7,0,2,3,18,2,2,2,9,8,1,4,7,9,10,5,0,2,1,1,1,5,4,19,5,4,7,1,4,2,1,5,3,1,4,6,1,2,0,2,7,3,5,7,0,0,2,3,3,4,2,3,3,5,2,2,2,2,0,2
"GCA_946405905.1","MONTM-B-16.PacbioHiFiAssembly","MONTM-B-16","France",42.861218,0.596869,"MONTM-B-16",-4.01917390628698,-1.69984077441792,99.4,12,138.389716,21.5,14.4,6,39.8,0.359999990463257,565.1,9.05000000000001,17.85,120.2,15.4,249.4,0.23431197734375,30,28,16,29,15,15,22,8,21,11,16,9,1,11,5,10,12,14,12,104,1,14,18,4,15,14,1,22,2,6,7,9,17,8,3,12,8,8,2,7,2,5,15,4,3,3,7,15,2,10,7,4,9,1,3,2,1,13,7,4,16,9,9,9,10,5,2,9,13,1,5,10,4,1,8,1,8,3,1,4,1,8,3,2,16,4,2,1,11,18,2,2,9,8,4,5,2,7,1,2,3,22,3,3,2,9,8,1,5,6,7,10,5,1,2,1,1,1,5,4,19,5,4,8,0,4,3,1,5,3,1,4,6,1,2,1,2,7,3,7,7,1,0,2,3,3,4,2,3,2,5,1,2,2,2,1,2
"GCA_946406325.1","IP-Alo-0.9506.PacbioHiFiAssembly","IP-Alo-0.9506","Spain",40.109691,-7.476146,"IP-Alo-0 (9506)",-1.98616044430525,-2.32527795353947,99.4,16,136.903266,18.8,14.8,5.2,40,0.36800000667572,561.6,9.65000000000003,20.65,214.3,61,64.5,0.232832860247468,31,29,16,30,16,13,21,8,22,12,15,10,0,11,5,10,12,13,11,89,1,12,18,4,13,14,1,22,2,7,7,9,13,8,4,11,8,8,2,6,2,5,14,5,3,3,7,15,1,10,7,4,9,0,3,2,0,14,7,3,15,9,7,10,10,5,2,10,14,1,5,10,4,1,7,1,8,3,1,4,1,8,4,2,11,2,1,1,8,17,2,2,9,8,4,4,2,7,1,2,3,19,3,3,1,7,8,1,4,7,8,10,5,1,2,0,1,0,5,4,19,5,4,6,1,4,3,1,5,3,1,4,6,1,2,0,2,7,3,7,7,1,1,2,2,4,4,2,3,2,5,2,2,2,2,0,2
"GCA_946406525.1","Ler-0.7213.PacbioHiFiAssembly","Ler-0.7213","Poland",52.7325,15.2369,"Ler-0 (7213)",-4.30485347420155,3.3061448012948,99.4,19,134.502208,NA,NA,NA,NA,0.276999998092651,693.6,18.2500000000001,18.2500000000001,75.1,24.1,201.6,0.221335430712011,30,29,18,35,16,25,23,10,22,11,16,10,1,11,5,10,14,13,10,118,1,11,17,4,15,23,1,23,2,8,9,8,12,8,4,11,8,8,2,7,2,5,13,4,3,3,7,15,1,10,7,4,9,1,3,2,1,15,7,3,13,9,9,9,10,5,2,10,13,1,5,10,4,1,8,1,8,3,1,4,1,8,4,2,9,3,2,1,9,12,2,2,9,8,4,5,2,7,0,2,3,19,3,3,2,9,8,1,4,7,8,13,14,1,2,1,1,1,5,4,21,5,4,7,0,4,2,1,5,3,1,4,6,1,2,0,2,7,3,7,7,1,0,3,3,3,4,2,1,3,4,2,2,2,2,1,2
"GCA_946406595.1","BANI-C-12.PacbioHiFiAssembly","BANI-C-12","France",43.043644,0.234303,"BANI-C-12",0.634380043663509,-1.98264404301012,99.4,25,138.894758,21.3,15.2,5.7,34.4,0.363000011444092,540.5,6.15000000000003,19.15,129.5,17.8,250.3,0.23502701952222,31,28,17,27,16,17,21,10,19,11,15,10,1,11,5,10,13,13,9,85,0,13,16,3,15,17,2,22,2,14,7,9,14,8,4,11,8,8,2,7,4,5,9,4,3,2,7,15,1,11,6,4,9,1,3,2,0,16,5,3,14,9,4,9,10,5,2,9,13,1,4,11,4,1,8,1,8,3,1,4,1,8,3,2,18,2,2,1,10,16,2,2,8,8,4,5,1,7,1,1,3,23,3,2,2,10,8,1,5,7,8,14,5,0,2,1,1,1,5,4,17,5,4,6,0,4,3,1,5,3,1,4,6,1,2,0,2,7,3,7,7,1,0,2,3,3,5,0,3,3,5,2,2,2,2,0,2
"GCA_946406625.1","IP-Hom-4.9546.PacbioHiFiAssembly","IP-Hom-4.9546","Spain",40.816799,-1.68601,"IP-Hom-4 (9546)",-0.0906394525659773,-1.79847428862417,99.4,19,137.760008,21.8,20.6,7.2,14.2,0.378999996185303,634.7,12.45,19.2500000000001,75.8,33.3,106.3,0.23352111739134,31,27,19,32,16,15,22,10,19,11,16,9,1,11,5,10,13,13,10,94,1,15,16,5,15,14,2,23,2,13,7,8,13,8,4,12,8,8,2,7,3,5,12,4,3,3,7,15,1,10,7,4,9,0,4,2,0,16,7,3,13,9,8,9,10,5,2,10,13,1,5,10,4,1,8,1,8,3,1,4,1,8,4,2,15,2,2,1,9,14,2,2,9,8,4,5,2,7,1,2,3,13,3,3,2,9,7,1,4,7,9,12,5,1,2,1,1,1,5,4,20,5,4,3,0,4,3,1,5,3,1,4,6,1,2,1,2,7,3,7,7,1,0,2,3,3,4,2,3,4,5,2,2,1,2,1,2
"GCA_946406735.1","BARA-C-3.PacbioHiFiAssembly","BARA-C-3","France",44.270842,2.427551,"BARA-C-3",-5.43777702949953,-4.52255631684867,99.4,14,135.922974,20.8,17.6,7,21,0.342000007629395,549,6.85000000000002,17.2500000000001,125,16.4,250.2,0.217765717810147,31,28,15,34,16,18,22,10,21,11,14,10,1,11,5,10,15,14,12,70,1,15,20,5,16,14,2,23,2,12,9,9,16,8,4,11,8,8,2,7,3,5,13,4,2,3,7,14,2,10,7,4,9,1,3,2,1,15,6,2,15,9,7,9,10,5,2,10,14,1,5,11,4,1,8,1,8,2,1,4,1,8,4,2,16,3,2,1,9,18,2,2,9,8,4,5,1,7,1,2,3,15,3,3,2,9,7,1,4,6,8,11,5,1,2,1,1,1,5,4,22,5,4,8,0,4,2,1,5,3,1,4,6,1,2,1,2,7,3,7,7,1,0,2,2,3,4,2,7,2,5,1,2,2,2,1,2
"GCA_946406895.1","Rabacal-1.22005.PacbioHiFiAssembly","Rabacal-1.22005","Portugal",32.7536,-17.1297,"Rabacal-1 (22005)",14.7770517150577,-1.13517744027819,99.3,25,148.251191,20.6,14.6,5.6,41.8,0.215000009536743,359.4,10.55,18.45,542.9,63.2,207.7,0.27325294135411,30,30,17,30,16,15,22,10,22,11,15,9,0,11,5,10,13,13,9,86,1,11,14,2,14,14,2,21,2,12,6,9,12,8,3,11,7,8,2,7,3,5,8,3,2,3,8,15,1,10,7,4,9,0,2,2,0,15,6,3,13,8,6,9,10,4,2,9,15,1,4,10,4,1,8,1,8,3,1,4,1,8,4,2,16,2,2,1,8,16,2,1,8,5,3,5,2,7,0,2,3,4,3,2,2,9,8,1,6,7,7,10,5,1,2,1,1,1,5,4,21,5,4,5,0,4,2,1,5,2,1,4,6,1,1,0,2,7,3,8,7,1,0,2,2,2,5,2,3,2,4,1,2,2,2,0,2
"GCA_946406975.1","CAMA-C-2.PacbioHiFiAssembly","CAMA-C-2","France",43.824878,2.881661,"CAMA-C-2",-4.42171610692891,-4.28183863026632,99.5,21,135.703562,20.5,21.1,7.3,18,0.322000002861023,586.4,8.35000000000002,19.7500000000001,141.5,28.9,181.8,0.220701789684784,31,34,18,28,16,12,21,10,22,11,16,9,1,11,4,10,12,13,10,78,1,11,16,4,16,17,2,22,2,7,9,8,14,8,4,11,8,8,2,7,3,5,11,4,2,3,7,15,1,10,7,4,9,1,3,2,1,16,7,3,14,9,4,10,10,5,2,9,13,1,5,12,4,1,8,1,8,2,1,4,0,8,4,2,15,3,2,1,9,12,2,2,9,8,4,5,2,7,1,2,3,19,3,3,2,10,8,1,5,7,9,13,5,1,2,1,1,1,5,4,20,5,4,8,1,4,1,1,5,3,1,4,6,1,2,0,2,6,3,7,7,1,0,3,3,3,4,2,3,3,5,1,2,1,2,0,2
"GCA_946407145.1","BARC-A-17.PacbioHiFiAssembly","BARC-A-17","France",43.362044,0.387723,"BARC-A-17",-4.83406328485168,-4.91990680090701,99.4,11,136.636245,21,14.6,6,10.2,0.372000002861023,539,12.55,20.35,97.2,18.5,177.8,0.230423845444523,31,25,14,31,16,16,22,9,21,11,15,9,1,11,5,10,15,14,11,94,1,12,20,5,14,14,2,22,2,12,7,8,14,8,4,11,8,8,2,7,1,5,10,4,2,3,7,13,1,10,7,4,9,1,3,2,1,16,7,2,15,9,4,9,10,5,2,9,14,1,5,10,4,1,7,1,8,3,1,4,1,8,4,2,8,3,2,1,9,11,2,2,9,8,4,5,1,7,1,2,3,22,3,3,2,10,8,1,5,7,8,11,5,1,2,1,1,1,5,4,18,5,4,7,1,4,2,1,5,3,1,4,6,1,2,0,2,7,3,7,7,1,0,2,3,3,5,2,9,3,5,1,2,2,2,1,1
"GCA_946407795.1","IP-Lor-16.PacbioHiFiAssembly","IP-Lor-16","Spain",38.860067,-0.263499,"IP-Lor-16",12.9233305384678,-3.25158032273104,99.4,23,139.083024,18.1,16.6,7.4,22.1,0.332999992370606,571.4,14.45,21.2500000000001,119,48.5,56.5,0.235267217083229,30,30,17,33,16,14,19,9,21,11,15,10,0,11,5,10,13,13,11,86,1,11,15,4,14,14,2,23,2,9,6,9,10,8,4,12,8,6,2,7,3,5,10,5,2,3,7,15,1,10,7,4,9,0,3,2,0,16,6,4,14,9,3,8,10,4,2,10,14,1,4,11,4,1,7,1,8,3,1,3,1,8,3,2,11,2,2,1,9,15,2,1,9,7,4,5,2,7,0,2,3,5,3,2,2,10,8,1,4,7,8,11,5,1,2,1,1,1,5,4,19,5,4,6,1,4,2,1,5,3,0,4,6,1,2,0,2,6,3,7,7,1,0,2,3,4,5,2,3,3,5,1,2,2,2,1,2
"GCA_946408365.1","SALE-A-10.PacbioHiFiAssembly","SALE-A-10","France",43.024966,0.965965,"SALE-A-10",-5.37013935726668,-4.83508070134896,99.4,21,136.065586,22.5,15.8,5.8,25.5,0.370000004768372,552.5,14.7500000000001,19.7500000000001,122.2,15.5,250.2,0.222724385282844,30,29,20,29,16,16,22,8,21,11,16,9,1,11,4,10,12,14,11,95,1,13,19,5,15,44,2,22,2,8,7,9,13,8,4,11,8,8,2,7,2,4,11,5,2,3,7,15,1,10,7,4,9,0,3,2,1,15,6,3,14,9,10,10,10,5,2,10,14,1,5,11,4,1,8,1,8,3,1,4,1,8,3,2,19,3,2,1,11,16,2,2,9,8,4,5,2,7,1,1,3,22,3,3,2,9,7,1,5,7,9,12,5,1,2,1,1,1,4,4,20,5,4,8,1,4,2,1,5,3,1,4,6,1,2,1,2,7,3,7,7,1,0,2,3,3,4,2,8,2,5,1,2,2,2,1,2
"GCA_946408575.1","CAMA-C-9.PacbioHiFiAssembly","CAMA-C-9","France",43.824878,2.881661,"CAMA-C-9",-4.48304755905094,-4.31164504552441,99.5,11,135.007634,20.5,21.1,7.3,18,0.322000002861023,586.4,8.35000000000002,19.7500000000001,141.5,28.9,181.8,0.218848609701582,31,34,18,28,16,12,21,10,22,11,16,9,1,11,4,10,12,13,10,78,1,11,16,4,16,17,2,22,2,7,9,8,14,8,4,11,8,8,2,7,3,5,11,4,2,3,7,15,1,10,7,4,9,1,3,2,1,16,7,3,14,9,4,10,10,5,2,9,13,1,5,12,4,1,8,1,8,2,1,4,0,8,4,2,15,3,2,1,9,12,2,2,9,8,4,5,2,7,1,2,3,19,3,3,2,10,8,1,5,7,9,13,5,1,2,1,1,1,5,4,20,5,4,8,1,4,1,1,5,3,1,4,6,1,2,0,2,6,3,7,7,1,0,3,3,3,4,2,3,3,5,1,2,1,2,0,2
"GCA_946408975.1","BELC-C-12.PacbioHiFiAssembly","BELC-C-12","France",44.389212,2.336636,"BELC-C-12",-5.54883419504985,-3.82120765501589,99.4,18,135.578048,22,19,6.3,28.9,0.34300000667572,569,8.05000000000001,19.05,109.6,16.1,217.3,0.231761619698198,31,28,17,31,16,16,22,8,22,11,15,9,1,11,5,10,13,13,12,66,1,14,18,3,14,17,2,23,2,13,9,9,14,8,4,12,8,8,2,7,1,5,10,3,2,3,7,14,1,10,7,4,9,1,3,2,0,16,6,2,16,9,7,9,10,5,2,10,14,1,5,11,4,1,8,1,8,3,1,4,1,8,4,2,18,2,2,1,9,13,2,2,9,8,4,5,2,7,1,2,3,20,3,3,2,9,7,1,5,6,8,11,5,1,2,1,1,0,5,4,22,5,4,7,1,4,1,1,5,3,1,4,6,1,1,0,2,7,3,7,7,1,0,1,3,3,4,2,3,2,5,1,2,2,2,1,2
"GCA_946409395.1","BROU-A-10.PacbioHiFiAssembly","BROU-A-10","France",43.999349,2.621684,"BROU-A-10",-4.63189862351291,-5.20843288843066,99.4,26,133.375868,21,20.5,6.8,21.5,0.33199999332428,588.2,8.65000000000003,20.05,119.9,21.6,194.1,0.212196917061488,30,27,18,35,16,15,22,10,22,11,16,10,1,11,4,10,13,13,9,108,1,14,18,3,14,14,1,24,2,14,7,9,15,8,4,11,8,8,2,7,3,5,11,4,2,2,7,14,1,10,7,4,9,1,3,2,1,16,6,4,16,9,4,9,10,5,2,9,14,1,5,11,4,1,8,1,8,3,1,4,1,8,3,2,8,3,2,1,11,11,2,1,9,8,4,5,1,7,1,2,3,22,3,2,2,9,8,1,3,6,8,14,5,1,2,1,1,1,5,4,19,5,4,7,1,4,3,1,5,3,1,4,6,1,2,0,2,6,3,7,7,1,1,2,2,3,4,2,9,2,4,1,2,2,2,1,2
"GCA_946409815.1","SALE-A-17.PacbioHiFiAssembly","SALE-A-17","France",43.024966,0.965965,"SALE-A-17",-5.36990766665518,-4.86287129921411,99.4,15,134.914634,22.5,15.8,5.8,25.5,0.370000004768372,552.5,14.7500000000001,19.7500000000001,122.2,15.5,250.2,0.225325089641499,30,28,20,29,16,16,22,10,21,11,16,9,1,11,4,10,12,14,11,95,1,13,19,5,15,44,2,22,2,8,7,9,13,8,4,12,8,8,2,7,2,4,11,5,2,3,7,15,1,10,7,4,9,0,3,2,1,15,6,4,14,9,10,10,10,5,2,10,14,1,5,11,4,1,8,1,8,3,1,4,1,8,3,2,19,3,2,1,11,14,2,2,9,8,4,5,2,7,1,1,3,22,3,3,2,9,7,1,5,7,9,12,5,1,2,1,1,1,4,4,20,5,4,8,1,4,1,1,5,3,1,4,6,1,2,1,2,7,3,7,7,1,0,2,3,3,4,2,8,2,5,1,2,2,2,1,2
"GCA_946410165.1","BARC-A-12.PacbioHiFiAssembly","BARC-A-12","France",43.362044,0.387723,"BARC-A-12",-4.8298016650326,-4.89015555264133,99.4,11,136.411919,21,14.6,6,10.2,0.372000002861023,539,12.55,20.35,97.2,18.5,177.8,0.229803680131499,31,25,14,31,16,16,22,9,21,11,15,9,1,11,5,10,15,14,11,94,1,12,20,5,14,14,2,22,2,12,7,8,14,8,4,11,8,8,2,7,1,5,10,4,2,3,7,13,1,10,7,4,9,1,3,2,1,16,7,2,15,9,4,9,10,5,2,9,14,1,5,10,4,1,7,1,8,3,1,4,1,8,4,2,8,3,2,1,9,11,2,2,9,8,4,5,1,7,1,2,3,22,3,3,2,10,8,1,5,7,8,11,5,1,2,1,1,1,5,4,18,5,4,7,1,4,2,1,5,3,1,4,6,1,2,0,2,7,3,7,7,1,0,2,3,3,5,2,9,3,5,1,2,2,2,1,1
"GCA_946410485.1","IP-Alo-19.PacbioHiFiAssembly","IP-Alo-19","Spain",40.109691,-7.476146,"IP-Alo-19",11.6369157169812,-1.66273965608401,99.3,20,137.8511,18.8,14.8,5.2,40,0.36800000667572,561.6,9.65000000000003,20.65,214.3,61,64.5,0.235132958677878,30,29,16,27,16,17,21,10,21,11,15,10,1,11,5,10,11,12,10,90,1,12,12,4,12,54,2,21,1,10,6,9,15,8,4,11,8,6,2,7,3,5,14,5,2,3,7,15,1,10,7,4,9,0,3,1,1,15,5,3,15,9,7,9,10,5,2,9,14,1,6,11,4,1,7,1,8,3,1,4,1,8,4,2,52,3,2,1,10,15,2,2,9,4,4,5,2,7,1,2,3,22,3,1,2,9,8,1,4,7,9,10,5,0,2,1,1,1,5,4,20,5,4,6,0,4,1,1,5,3,1,4,6,1,2,0,2,7,3,5,7,1,0,2,3,3,5,2,3,4,5,2,2,2,2,1,2
"GCA_946411375.1","IP-Cas-0.9831.PacbioHiFiAssembly","IP-Cas-0.9831","Spain",38.534077,-3.39072,"IP-Cas-0 (9831)",3.62845446632841,-2.6961271747031,99.4,15,135.495245,18.8,17.5,7.7,10.8,0.350999999046326,704.3,10.7500000000001,24.7500000000001,72.5,48.6,41.7,0.2262961995456,30,29,15,32,16,16,23,10,22,11,14,10,1,11,5,10,13,13,9,95,1,11,19,3,16,14,1,21,2,7,7,9,13,8,4,11,8,8,2,7,2,5,14,4,3,3,7,15,1,10,7,4,9,0,4,2,0,13,6,4,16,9,9,9,10,5,2,10,14,1,5,12,4,1,7,1,8,2,1,4,0,8,4,2,15,2,2,0,10,14,2,2,9,7,3,5,1,7,0,2,3,16,3,2,2,10,7,1,4,7,9,13,5,1,2,1,1,1,5,4,24,5,4,7,1,4,3,1,5,3,1,4,6,1,2,0,2,7,3,7,5,1,0,3,3,3,4,2,2,3,5,1,2,2,2,1,2
"GCA_946411425.1","IP-Hom-0.PacbioHiFiAssembly","IP-Hom-0","Spain",40.816799,-1.68601,"IP-Hom-0",12.3427580916488,-1.1111400942444,99.3,12,141.195012,21.8,20.6,7.2,14.2,0.378999996185303,634.7,12.45,19.2500000000001,75.8,33.3,106.3,0.246475923667898,31,31,17,33,16,17,21,10,21,11,15,8,0,11,5,10,14,13,10,86,1,14,14,4,12,27,2,22,2,12,6,9,15,8,4,12,8,6,2,7,4,5,10,4,2,3,7,15,0,10,7,4,9,0,2,2,1,14,6,3,13,9,8,9,10,5,2,10,14,1,4,10,4,1,7,1,8,2,1,4,1,8,3,1,17,3,1,1,9,14,2,2,8,7,4,5,1,7,1,2,3,17,3,1,2,9,8,1,3,7,6,11,5,1,2,1,0,1,5,4,19,5,4,6,0,4,2,1,5,3,0,4,6,1,2,0,2,7,3,6,7,1,0,2,2,2,5,2,3,4,5,2,2,2,2,0,2
"GCA_946411655.1","MERE-A-13.PacbioHiFiAssembly","MERE-A-13","France",42.656618,1.836221,"MERE-A-13",-3.29823603407988,-2.35531268588238,99.4,24,141.022646,19,15,6.4,43,0.357999992370605,597.8,10.95,16.95,86.1,14.9,186.3,0.242847904016778,30,28,16,31,16,16,23,10,22,11,15,9,1,11,4,10,13,13,12,103,1,12,21,4,15,17,2,22,2,12,8,9,13,8,4,11,8,8,2,7,4,5,10,5,3,3,7,14,1,10,7,4,9,1,3,2,0,16,6,3,16,9,9,9,10,5,2,10,13,1,5,10,4,1,8,1,8,3,1,4,1,8,3,1,17,2,2,1,8,13,2,2,9,8,3,5,2,7,1,2,3,22,3,3,2,10,7,1,5,6,11,13,5,1,2,1,1,1,5,4,22,5,4,7,0,4,2,1,5,3,1,4,6,1,2,1,2,7,3,7,5,1,0,2,3,3,4,2,8,2,5,1,2,2,2,1,2
"GCA_946411805.1","IP-Mos-9.PacbioHiFiAssembly","IP-Mos-9","Spain",40.040579,-7.110302,"IP-Mos-9",11.8625886499808,-1.81903655836963,99.3,11,142.678626,18.8,15.6,5.5,25.8,0.369000005722046,595.9,10.45,22.2500000000001,142,60.2,41.5,0.255508733312304,31,28,17,35,16,12,21,8,22,11,16,10,0,11,5,10,13,12,12,62,1,15,11,2,13,18,1,20,2,12,6,9,11,8,3,11,7,6,2,7,4,5,10,4,2,3,8,15,1,10,7,4,9,1,3,2,1,14,6,3,12,9,6,9,10,5,2,10,14,1,5,10,4,1,7,1,8,3,1,4,1,8,4,2,11,3,2,1,10,13,2,2,9,4,4,5,2,7,1,2,3,17,3,2,2,9,8,1,4,7,6,9,5,0,2,1,1,1,5,4,20,5,4,3,1,4,2,1,5,3,0,4,6,1,2,0,2,7,3,7,7,1,0,2,1,3,5,2,3,4,4,1,2,2,2,1,2
"GCA_946411885.1","IP-Mos-5.PacbioHiFiAssembly","IP-Mos-5","Spain",40.040579,-7.110302,"IP-Mos-5",-1.72541704658141,-1.5879947863713,99.5,20,138.054275,18.8,15.6,5.5,25.8,0.369000005722046,595.9,10.45,22.2500000000001,142,60.2,41.5,0.224592088872293,31,27,16,32,16,13,21,8,22,11,15,10,0,11,3,10,13,13,11,96,1,15,20,4,15,14,2,21,2,12,7,9,15,8,4,11,8,6,2,6,2,5,13,6,3,3,7,15,0,9,7,4,9,0,3,2,1,16,7,3,16,9,7,9,10,5,2,9,16,1,6,10,4,1,8,1,8,3,1,4,1,8,2,2,15,2,2,1,10,17,2,2,9,6,4,5,2,7,1,1,3,16,3,3,2,10,8,1,5,7,8,11,5,0,2,1,1,1,5,4,19,5,4,8,1,3,2,1,5,3,1,4,6,1,2,0,2,7,3,7,7,1,0,2,3,3,4,2,9,4,4,2,2,2,2,0,2
"GCA_946412005.1","IP-Hum-4.PacbioHiFiAssembly","IP-Hum-4","Spain",42.227184,-3.688887,"IP-Hum-4",-5.35751960553447,-0.833176391921851,99.4,17,133.701549,22.8,19.2,7.3,11.8,0.36800000667572,560,8.05000000000001,18.7500000000001,83.3,33.3,102,0.216781205728589,31,32,18,32,16,15,22,6,21,11,15,10,1,11,5,10,14,14,11,92,1,13,14,5,16,10,1,23,2,6,7,9,15,8,4,11,8,7,2,7,2,5,12,4,3,3,7,14,2,10,7,4,9,0,3,2,1,15,6,4,16,9,9,9,10,5,2,10,12,1,5,10,4,1,8,1,8,3,1,4,1,8,4,2,6,3,2,1,10,12,2,1,9,7,4,3,2,7,1,2,3,15,3,2,2,10,8,1,5,7,8,11,5,1,2,1,1,1,5,4,22,5,4,8,1,4,3,1,5,3,1,4,6,1,1,0,2,7,3,7,7,1,1,1,3,2,4,0,9,4,5,3,1,2,2,0,2
"GCA_946412065.1","GAIL-B-11.PacbioHiFiAssembly","GAIL-B-11","France",43.909032,1.901077,"GAIL-B-11",-5.98556723728375,-5.07128519765507,99.4,16,134.186912,NA,NA,NA,NA,0.352999997138977,580.5,15.95,21.15,80,16.5,165.3,0.222472285523643,31,30,16,34,16,28,23,8,22,11,16,9,1,11,4,10,12,13,13,95,1,13,23,5,15,17,2,22,2,9,9,9,13,8,4,11,8,8,2,7,3,5,16,4,2,3,7,15,1,10,7,4,9,1,3,2,0,16,5,4,14,9,9,9,10,5,2,9,13,1,4,11,4,1,8,1,8,3,1,4,1,8,3,2,16,2,2,1,10,16,2,2,9,8,4,5,1,7,1,1,3,14,3,2,2,10,7,1,5,7,8,13,5,1,2,1,1,0,5,4,18,5,4,7,1,4,1,1,5,3,1,4,6,1,2,1,2,7,3,7,7,1,0,2,3,3,4,2,3,3,5,1,2,2,2,1,2
"GCA_946412225.1","IP-Mdc-14.PacbioHiFiAssembly","IP-Mdc-14","Spain",38.874341,-3.52962,"IP-Mdc-14",3.88019289505765,-1.05003490533176,99.3,13,137.508736,19.2,17.8,7.4,10,0.358999991416931,704.4,10.65,24.65,68.5,48.2,43,0.241612103830261,31,33,15,27,16,14,21,10,22,11,13,10,1,11,4,10,12,13,10,89,1,12,14,4,13,14,2,22,2,8,6,9,13,8,4,11,8,6,2,7,1,5,14,4,3,3,7,15,1,10,7,4,9,0,3,2,0,16,7,4,15,9,10,9,10,5,2,9,15,1,6,10,4,1,8,1,8,2,1,4,0,8,3,2,11,2,2,0,10,9,2,2,9,6,4,5,1,7,0,2,3,32,3,3,2,10,8,1,4,6,11,14,5,0,2,1,1,1,5,4,21,5,4,6,1,4,2,1,5,3,1,4,6,1,2,0,2,7,3,7,6,1,0,2,2,3,4,2,3,2,5,1,2,2,2,0,2
"GCA_946413285.1","IP-Hum-2.9549.PacbioHiFiAssembly","IP-Hum-2.9549","Spain",42.227184,-3.688887,"IP-Hum-2 (9549)",6.34380866108489,-3.05137726267991,99.4,25,140.009216,22.8,19.2,7.3,11.8,0.36800000667572,560,8.05000000000001,18.7500000000001,83.3,33.3,102,0.243918686038496,31,29,16,30,15,14,22,9,21,11,15,9,0,11,5,10,12,13,9,64,1,16,15,5,14,7,2,22,2,11,7,8,14,8,4,11,7,6,2,7,2,5,14,5,3,3,7,15,1,10,7,4,9,1,2,2,0,15,7,4,15,9,7,9,10,5,2,9,15,1,5,10,4,1,8,1,8,3,1,4,1,8,4,2,17,2,2,1,9,11,2,2,9,5,4,5,2,7,1,2,3,13,3,2,2,9,7,1,5,7,6,12,5,0,2,0,1,1,5,3,20,5,4,3,1,4,2,1,5,3,0,4,6,1,2,0,2,7,3,5,7,1,1,2,2,3,5,2,3,3,5,1,2,2,2,0,2
"GCA_946413305.1","IP-Med-3.PacbioHiFiAssembly","IP-Med-3","Spain",42.455239,-6.765742,"IP-Med-3",-3.51974829547562,-0.801374617185679,99.4,19,138.709668,25,20.4,6.7,30.3,0.388000011444092,521.6,8.45000000000005,18.55,178.8,46.2,109.8,0.230055031203737,31,29,16,31,16,15,21,8,22,11,16,10,1,11,5,10,15,13,8,90,1,12,16,5,15,14,2,22,2,11,7,9,14,8,4,12,8,6,2,7,3,5,14,5,3,3,7,13,0,9,7,4,9,0,3,2,1,16,7,4,15,9,6,9,10,5,2,9,14,1,5,11,4,1,8,1,8,3,1,4,1,8,2,2,19,2,2,1,10,14,2,2,9,8,4,5,2,7,1,2,3,23,3,3,2,10,8,1,5,6,9,10,5,1,2,1,1,1,5,4,20,5,4,8,1,4,2,1,5,3,1,4,6,1,2,0,2,7,3,7,7,1,0,1,3,3,4,2,3,2,5,2,2,2,2,0,2
"GCA_946413405.1","PREI-A-14.PacbioHiFiAssembly","PREI-A-14","France",43.717856,0.623298,"PREI-A-14",-4.49660651965309,-4.85799469641777,99.5,19,135.797451,20.6,15.1,7.6,15.3,0.365000009536743,571,16.05,21.15,72.4,12.7,155.1,0.223954940067321,31,28,18,30,16,15,21,10,22,11,15,9,1,11,4,10,16,13,14,89,1,14,21,5,16,54,2,23,2,14,7,8,13,8,4,12,8,8,2,7,2,5,11,4,2,2,7,15,1,10,7,4,9,1,3,2,1,16,5,4,15,9,7,9,10,5,2,9,14,1,5,12,4,1,8,1,8,3,1,4,1,8,4,2,17,3,2,1,9,15,2,2,8,8,4,5,2,7,1,2,3,22,3,3,2,10,7,1,4,7,9,10,5,1,2,1,1,1,5,4,21,5,4,5,1,4,3,1,5,3,1,4,6,1,2,0,2,7,3,7,7,1,0,2,2,3,4,2,8,3,5,2,2,2,2,1,2
"GCA_946413935.1","IP-Sln-22.PacbioHiFiAssembly","IP-Sln-22","Spain",40.356889,-3.994843,"IP-Sln-22",11.371808504392,-3.04026560846718,99.3,15,140.705873,19.7,17.8,7.2,11,0.351999998092651,716.5,10.15,24.55,71.3,48.5,49.5,0.244129738635714,30,30,17,32,16,14,21,10,22,11,14,7,0,11,5,10,12,13,14,107,1,13,11,3,14,14,1,21,2,12,6,9,13,8,4,11,8,6,2,7,3,5,12,5,2,3,7,15,0,10,7,4,9,0,2,2,1,14,7,3,14,9,4,9,10,5,2,10,13,1,6,11,4,1,8,1,8,3,1,4,1,8,4,2,18,3,2,1,9,10,2,2,9,5,4,5,1,7,0,2,3,19,3,1,2,9,8,1,4,7,9,10,5,1,2,1,1,1,5,4,21,5,4,6,0,4,2,1,5,3,1,4,6,1,2,0,2,6,3,5,7,1,0,3,3,3,5,2,3,4,4,1,2,2,2,0,2
"GCA_946414125.1","Cvi-0.6911.PacbioHiFiAssembly","Cvi-0.6911","Cape Verde",15.1111,-23.6167,"Cvi-0 (6911)",4.2740318588623,-2.40267459158347,99.4,22,140.383792,6.6,6.2,7.4,8,0.457000017166138,159.3,25.35,25.35,98.2,156.9,225.2,0.244770129873682,31,27,16,31,15,12,21,10,22,11,14,9,0,11,4,10,14,13,8,90,1,14,19,2,14,14,1,20,2,13,7,9,12,8,4,12,8,8,2,7,1,5,13,3,3,3,7,15,1,9,7,4,8,1,4,1,1,15,6,1,15,9,4,9,8,5,2,10,16,1,5,10,4,1,8,1,8,3,1,4,1,8,4,2,20,3,2,1,9,14,2,2,9,6,4,4,2,7,1,2,3,13,3,2,2,9,7,1,4,7,7,9,5,1,2,1,1,1,5,4,17,5,4,4,1,4,1,1,5,2,0,4,6,1,2,0,2,8,3,7,7,1,0,2,2,3,5,2,3,3,4,2,2,2,2,1,1
"GCA_946414305.1","IP-Cat-0.9832.PacbioHiFiAssembly","IP-Cat-0.9832","Spain",40.542081,-3.68695,"IP-Cat-0 (9832)",13.617266406785,-3.18817207109798,99.4,19,138.014403,20.2,21.3,7.3,11.7,0.366000008583069,704.6,9.75000000000006,23.95,69.9,46.7,51.8,0.243891646584161,31,30,17,30,16,14,20,10,22,11,15,6,0,11,5,10,13,13,13,116,1,11,14,3,13,14,1,21,2,12,7,9,11,8,4,11,8,8,2,7,3,5,13,4,2,3,7,15,1,10,7,4,9,1,2,2,0,14,6,2,13,9,3,9,10,5,2,10,14,1,5,10,4,1,7,0,8,3,1,4,1,8,4,2,17,2,2,1,9,12,2,1,9,4,4,5,2,7,1,2,3,9,3,2,2,10,8,1,4,7,7,11,5,1,2,1,1,1,5,4,20,5,4,8,0,4,2,1,5,3,1,4,6,1,2,0,2,5,3,6,7,1,0,2,2,3,5,2,3,4,5,1,2,2,2,0,2
"GCA_946415005.1","ANGE-B-2.PacbioHiFiAssembly","ANGE-B-2","France",43.91214,1.656855,"ANGE-B-2",-3.66178130987078,-3.0661914396868,99.4,18,136.497488,21,17.1,7.4,11.5,0.355999994277954,578.6,15.7500000000001,20.95,79.2,15.7,166.2,0.233407951067935,31,33,17,32,16,14,23,10,22,11,15,9,1,11,5,10,15,13,11,97,1,13,17,2,16,17,2,23,2,13,9,8,13,8,4,10,8,8,2,7,3,5,11,5,2,3,7,15,1,10,7,4,9,0,3,2,0,15,6,3,15,9,8,9,8,5,2,9,13,1,5,10,4,1,8,1,8,3,1,4,1,8,3,2,16,2,2,1,9,14,2,2,9,8,4,5,2,7,1,2,3,12,3,3,2,10,7,1,5,6,8,12,5,0,2,1,1,1,5,4,19,5,4,8,1,4,1,1,5,3,1,4,6,1,2,0,2,7,3,7,7,1,0,2,3,3,5,2,3,2,5,1,2,2,2,1,2
"GCA_946415165.1","IP-Evs-0.9845.PacbioHiFiAssembly","IP-Evs-0.9845","Spain",40.479175,-3.959696,"IP-Evs-0 (9845)",-3.05144517010336,-3.81707718097855,99.4,18,138.694372,20,19,7.2,8.2,0.342000007629395,714.4,10.35,24.7500000000001,83.5,48.6,57.6,0.2278204770991,30,27,16,29,16,17,21,10,21,11,15,10,1,11,5,10,16,13,12,92,1,11,15,5,12,14,2,22,2,7,7,8,16,8,4,11,8,8,2,7,3,5,10,4,3,3,7,15,1,10,7,4,9,0,4,2,0,16,6,4,16,9,7,9,10,5,2,8,16,1,5,12,4,1,7,0,8,3,1,4,1,8,4,2,18,2,2,1,9,13,2,2,9,8,4,3,1,7,1,2,3,29,3,2,1,10,6,1,5,6,11,10,5,0,2,1,1,1,5,4,19,5,4,8,1,4,3,1,5,3,1,4,6,1,2,0,2,8,3,7,7,1,0,3,2,3,4,2,9,2,5,2,2,2,2,1,2
"GCA_946415445.1","IP-Cas-6.PacbioHiFiAssembly","IP-Cas-6","Spain",38.534077,-3.39072,"IP-Cas-6",10.2777183263235,-2.89616727380096,99.4,14,138.714818,18.8,17.5,7.7,10.8,0.350999999046326,704.3,10.7500000000001,24.7500000000001,72.5,48.6,41.7,0.242291281382786,30,31,16,31,16,15,23,10,22,11,15,10,0,11,5,9,14,13,14,86,1,12,14,3,13,14,1,22,2,13,7,9,13,8,4,11,8,6,2,7,2,5,10,3,3,3,7,15,1,10,7,4,9,1,3,2,0,15,8,4,15,9,7,9,10,5,2,10,14,1,5,10,3,1,7,0,8,2,1,4,1,8,4,2,9,2,1,1,9,15,2,2,9,7,4,5,2,7,0,2,3,28,3,1,2,9,8,1,4,7,8,12,5,1,2,1,1,1,5,4,19,5,4,6,0,3,2,1,5,3,1,4,6,1,2,0,2,7,3,4,7,1,0,2,3,3,4,2,3,3,5,1,2,2,2,0,2
"GCA_946415625.1","MONTM-B-7.PacbioHiFiAssembly","MONTM-B-7","France",42.861218,0.596869,"MONTM-B-7",-5.09042725072903,-2.01199630390164,99.4,23,136.598926,21.5,14.4,6,39.8,0.359999990463257,565.1,9.05000000000001,17.85,120.2,15.4,249.4,0.231353480773341,31,30,18,35,16,17,21,8,21,11,15,9,1,11,5,10,14,13,10,109,1,12,14,5,15,54,1,23,2,14,7,9,13,8,4,11,9,8,2,7,2,4,14,4,3,3,7,13,1,9,7,4,9,1,3,2,1,15,6,4,15,9,10,9,10,5,2,9,12,1,4,13,4,1,8,1,8,3,1,4,1,8,3,2,16,3,2,1,9,16,2,2,9,8,4,5,2,7,0,2,3,12,3,2,2,9,7,1,5,6,7,10,5,1,2,1,1,1,5,4,18,5,4,7,0,4,2,1,5,3,1,4,6,1,2,0,2,7,3,7,7,1,1,2,3,3,4,2,2,3,5,2,2,2,2,0,2
"GCA_946415655.1","LACR-C-14.PacbioHiFiAssembly","LACR-C-14","France",43.000155,1.075624,"LACR-C-14",-5.07293497571652,-3.59903625329092,99.4,14,134.758332,21.2,16.4,6.2,29.3,0.369000005722046,553.1,11.2500000000001,19.45,128.2,15.6,263.9,0.226606797121828,31,28,18,32,16,15,21,10,22,11,16,10,1,11,4,10,14,13,12,97,1,12,19,1,15,18,1,22,2,11,7,8,14,8,3,11,8,8,2,7,3,5,15,4,2,3,7,16,1,10,7,4,9,1,3,2,0,14,6,4,12,9,8,9,10,5,2,9,13,1,6,12,4,1,8,1,8,3,1,4,1,8,4,2,18,2,2,1,9,13,2,2,9,8,4,5,2,7,1,2,3,20,3,3,2,10,7,1,4,6,11,11,5,1,2,1,1,0,5,4,20,5,4,7,1,4,2,1,5,3,1,4,5,1,2,0,2,7,3,6,7,1,1,2,3,3,5,2,9,2,5,1,2,2,2,1,2
"GCA_946499665.1","Ey15-2.9994.PacbioHiFiAssembly","Ey15-2.9994","Germany",48.434522,8.767808,"Ey15-2_9994",-3.25535060543962,-3.54383892673565,99.4,22,136.135371,22.6,15.7,6.3,24.5,0.308999991416931,665.6,16.2500000000001,17.85,94.5,13.3,239.4,0.229776183590083,31,32,16,30,16,21,22,10,22,12,15,9,1,11,5,10,15,14,9,104,1,11,19,2,16,10,2,22,2,14,9,8,15,8,4,11,8,8,2,7,4,4,14,6,3,3,7,15,1,10,7,4,9,1,3,2,1,13,5,3,15,9,10,10,10,5,2,10,13,1,6,11,4,1,8,1,8,2,1,4,1,8,4,2,17,3,2,1,10,18,2,2,9,8,4,5,2,7,1,1,3,25,3,3,2,9,8,1,4,6,9,12,5,1,2,1,1,1,5,4,19,5,4,8,1,4,3,1,5,3,1,4,6,1,2,0,2,7,3,8,7,1,0,1,3,3,5,2,8,3,4,1,2,2,2,1,2
"GCA_946499705.1","Col-0.6909.PacbioHiFiAssembly","Col-0.6909","USA",38.3,-92.3,"Col-0_6909",-0.63655866539678,3.84294996183744,99.4,12,134.556983,13.7,11.9,6.2,13,0.280999994277954,910.5,18.7500000000001,25.15,141.6,27.2,349.6,0.217640559018776,31,33,20,34,16,25,25,10,22,12,16,10,1,11,6,10,14,15,12,118,1,16,25,5,16,54,2,25,2,14,8,9,17,8,4,11,8,8,2,7,4,5,15,5,3,3,7,15,2,10,7,4,9,1,4,2,1,16,7,4,16,9,7,9,10,5,2,10,16,1,6,11,4,1,8,1,8,3,1,4,1,8,4,2,31,3,2,1,11,18,2,2,9,8,4,5,2,7,1,2,3,23,3,3,2,10,8,1,5,7,11,14,14,1,2,1,1,1,5,4,21,5,4,8,1,4,3,1,5,3,1,4,6,1,2,1,2,7,3,8,7,1,1,3,3,3,5,2,9,4,5,2,2,2,2,1,2
"GCA_949796375.1","9336","9336","Sweden",62.8794,18.4473,"Bön 1",-4.01361643075041,-0.0486932113220582,99.4,9,138.386651,NA,NA,NA,NA,0.141999995708466,684.5,10.7500000000001,13.85,87.2,29.2,215.8,0.24141936204526,31,29,17,34,16,22,23,10,22,12,15,9,1,11,4,10,14,14,10,70,1,12,16,2,14,23,2,22,2,13,7,8,13,8,4,11,8,8,2,7,3,4,14,4,3,3,7,15,2,10,7,4,9,0,3,2,1,15,7,4,12,9,9,9,10,5,2,9,14,1,5,10,4,1,8,1,8,3,1,4,1,8,4,2,31,3,2,1,10,10,2,1,8,7,4,3,2,7,1,2,3,16,3,2,2,8,8,1,4,7,10,12,5,0,2,1,1,1,5,4,21,5,4,5,1,4,2,1,4,3,1,4,6,1,2,1,2,7,3,7,7,1,1,2,3,3,4,2,8,3,5,2,2,2,2,1,1
"GCA_949796385.1","9852","9852","Spain",40.46,-3.75,"IP-Ini-0",-3.14200004411912,-2.67345396166266,99.4,18,138.592812,NA,NA,NA,NA,0.363000011444092,715.3,10.35,24.7500000000001,56.7,46.6,42.1,0.243423237562999,31,32,18,31,16,18,22,10,21,11,15,9,1,11,5,10,15,13,13,95,1,13,14,4,12,7,2,21,2,8,7,6,12,8,4,11,8,6,2,7,1,5,13,5,3,3,7,15,1,10,7,4,9,0,3,2,1,15,7,4,16,8,7,9,10,5,2,9,14,1,5,10,4,1,8,1,8,2,1,4,1,8,4,2,5,3,2,1,9,14,2,2,9,6,4,3,2,7,0,2,3,24,3,3,2,10,7,1,4,7,8,10,5,1,2,1,1,1,5,4,19,5,4,8,1,4,3,1,5,3,0,4,6,1,2,0,2,8,3,7,7,1,0,2,2,3,4,2,9,2,5,2,2,2,2,1,2
"GCA_949796415.1","9762","9762","Italy",37.69,14.98,"Etna-2",-0.0103673834844751,-2.59644223520842,99.4,8,140.096025,16.4,15,6.4,32,0.342000007629395,595.2,2.85000000000002,16.15,145.9,49.4,90.1,0.243777344860427,31,28,16,33,15,15,22,9,21,11,15,10,1,11,4,10,12,13,10,79,1,13,17,5,15,43,2,22,2,11,7,9,11,8,2,11,8,6,2,7,3,5,10,5,3,3,7,14,0,10,7,4,9,0,4,2,0,16,5,3,14,8,6,9,10,5,2,8,13,1,5,11,4,1,8,1,8,3,1,4,1,8,4,1,17,2,2,1,10,17,2,2,9,8,4,4,2,7,1,2,3,23,3,3,2,9,8,1,5,6,8,11,5,1,2,1,1,1,5,4,20,5,4,8,0,4,2,1,5,3,1,4,6,1,2,0,2,7,3,6,7,1,0,1,3,3,5,0,2,3,5,2,2,1,2,1,2
"GCA_949796455.1","7143","7143","Netherlands",51.0167,5.86667,"Gel-1",-4.33757980165319,1.1044743654686,99.4,15,133.038965,NA,NA,NA,NA,0.314000010490417,564.1,17.85,17.85,76,11.7,224.8,0.220964083717879,31,29,16,35,16,17,23,10,22,11,15,10,1,11,4,10,14,14,9,59,1,13,13,5,16,17,1,24,2,14,9,9,15,8,4,11,8,8,2,7,2,5,13,4,3,3,7,15,1,11,7,4,9,1,3,2,1,14,7,3,15,9,8,9,10,5,2,10,14,1,5,11,4,1,8,1,8,3,1,4,1,6,4,2,18,3,2,1,10,12,2,2,9,8,4,5,2,7,1,2,2,10,3,3,2,9,8,1,5,7,7,11,5,1,2,1,1,1,5,4,20,5,4,8,1,4,2,1,5,3,1,4,6,1,2,0,2,7,3,8,7,0,0,1,3,3,5,2,9,3,5,2,2,2,2,1,2
"GCA_949796475.1","9883","9883","Spain",42.1,-2.56,"IP-Piq-0",-4.1626173252995,-1.05682616296956,99.4,11,136.471597,20.4,15.5,6.7,15.6,0.374000000953674,548.6,10.2500000000001,16.15,92.8,27.3,146.6,0.23204040031861,30,28,16,34,16,18,22,10,21,11,16,8,1,11,5,10,15,13,10,114,1,13,18,2,15,14,1,22,2,12,7,9,15,8,4,11,8,8,2,7,2,5,14,5,3,3,7,15,1,10,7,4,9,1,3,2,0,15,6,3,16,9,8,9,10,5,2,9,12,1,4,12,4,1,8,0,8,3,1,4,1,7,4,2,16,2,2,1,10,16,2,2,9,7,4,5,1,7,1,2,3,27,3,3,2,10,8,1,5,6,9,11,5,1,2,1,1,0,5,4,22,5,4,7,0,4,2,1,5,3,1,4,6,1,2,1,2,7,3,6,7,1,0,3,2,3,4,2,9,2,5,2,2,2,2,0,2
"GCA_949796485.1","9900","9900","Spain",37.38,-6.01,"IP-Tri-0",-4.5431563106605,-2.46635876481465,99.3,10,134.330697,NA,NA,NA,NA,0.394000005722046,585.1,15.55,26.65,111.7,69,18.3,0.226651142888062,30,28,19,29,16,18,23,10,22,11,14,10,1,11,4,10,13,14,10,94,1,14,17,5,16,14,1,21,2,13,7,8,15,8,4,11,7,8,2,7,3,5,14,4,3,3,7,13,1,10,7,3,9,1,4,2,1,13,7,3,16,9,9,9,10,5,2,10,13,1,5,11,4,1,8,1,8,3,1,4,1,8,4,2,10,3,2,1,9,7,2,2,9,8,4,5,2,7,1,2,3,18,3,2,2,10,8,1,5,7,9,10,5,1,2,1,1,1,5,4,20,5,4,7,1,4,2,1,5,3,1,4,6,1,2,0,2,7,3,6,5,0,0,2,3,3,4,2,3,3,5,2,2,2,2,0,2
"GCA_949796525.1","6923","6923","United Kingdom",51.4083,-0.6383,"HR-10",-3.83045852608746,0.545147300658283,99.4,8,134.098598,NA,NA,NA,NA,0.351999998092651,458.2,7.85000000000002,16.45,78.2,16.9,155.9,0.220585803589087,31,28,17,28,16,17,21,10,21,11,16,10,1,11,4,10,15,14,9,70,1,13,19,5,14,18,2,21,2,6,10,9,14,8,4,12,8,8,2,7,3,4,13,4,3,3,7,15,1,10,7,4,9,1,3,2,1,15,5,4,15,9,10,9,10,5,2,8,14,1,4,10,4,1,8,1,8,2,1,4,1,8,4,2,10,3,2,1,10,18,2,2,9,8,4,5,1,7,1,1,3,24,3,3,2,9,7,1,5,7,9,7,5,1,2,1,1,0,5,4,18,5,4,8,1,4,2,1,5,3,1,4,6,1,2,0,2,6,3,7,7,1,0,2,3,3,4,2,2,3,5,2,2,2,2,1,1
"GCA_949796605.1","9806","9806","Germany",48.56,9.16,"Ru-2",-3.25535060543962,-3.54383892673565,99.4,11,136.184452,20.7,14.6,6.1,22.3,0.317000007629395,662.3,16.55,18.15,101,23.2,269.2,0.231747013234668,30,29,17,35,16,16,22,10,22,12,16,9,1,11,5,10,11,13,9,99,1,14,16,4,15,12,2,22,2,8,9,8,14,8,4,12,8,8,2,7,3,4,10,4,2,3,7,15,1,10,7,4,9,1,3,2,0,15,7,4,15,9,7,9,10,5,2,10,13,1,6,11,4,1,8,1,8,3,1,4,1,8,4,2,18,2,2,1,10,14,2,2,9,8,4,5,2,7,1,2,3,26,3,3,2,10,8,1,4,6,8,12,5,0,2,0,1,1,5,4,19,5,4,5,1,4,2,1,5,3,1,4,6,1,2,0,2,7,3,7,7,1,0,2,3,3,4,2,8,2,5,1,2,2,2,1,2
"GCA_949796635.1","8285","8285","Czech Republic",49.4112,16.2815,"DraIII-1",-4.7796527219287,2.97416044474908,99.4,9,137.916722,22.7,15.3,6.1,16.2,0.266000008583069,729.7,17.05,17.05,76.3,32.9,210.4,0.24353282555541,30,31,18,33,16,13,20,10,21,11,15,10,1,11,4,10,13,13,12,65,1,11,17,4,16,14,2,24,2,12,7,8,13,8,4,11,8,7,2,7,4,5,13,4,3,3,7,15,1,10,7,4,9,1,3,2,1,15,7,2,12,9,7,9,10,5,2,9,13,1,5,12,4,1,8,1,8,3,1,4,1,8,4,2,8,3,2,1,9,10,2,2,9,8,4,5,1,7,1,2,3,17,3,3,2,9,8,1,5,7,11,11,5,1,2,1,1,1,5,4,21,5,4,7,1,4,3,1,5,3,1,4,6,1,2,1,2,7,3,7,7,1,0,2,3,3,4,2,2,3,4,2,2,2,2,1,1
"GCA_949796645.1","6137","6137","Sweden",55.9419,13.5603,"T850",-4.79756635619165,1.24887290199179,99.4,19,136.504882,18,13.4,4.5,42.4,0.272000002861023,613.3,4.15000000000003,15.45,85.4,19.3,228.4,0.236402621849085,31,33,16,33,16,18,23,10,21,12,15,9,1,11,5,10,15,13,10,89,1,12,16,3,16,17,1,22,2,8,7,9,12,8,4,11,8,6,2,7,2,5,11,4,3,3,7,15,1,9,7,4,9,0,3,2,1,15,7,3,10,9,8,9,10,5,2,9,13,1,4,10,4,1,7,1,8,3,1,4,1,8,4,2,15,3,2,1,10,18,2,2,9,8,4,5,1,7,1,2,3,18,3,3,2,10,7,1,4,6,10,10,5,1,2,1,1,1,5,4,20,5,4,8,1,4,3,1,5,3,1,4,6,1,2,0,2,7,3,7,7,1,1,2,3,3,4,2,2,2,5,1,2,2,1,1,1
"GCA_949796655.1","9744","9744","Romania",47.16,27.59,"Iasi-1",-3.74470003514799,4.3545633583806,99.4,11,135.766151,NA,NA,NA,NA,0.266000008583069,876.7,19.95,21.45,82.4,40.6,204.6,0.226612117773008,31,30,17,39,16,13,22,10,21,12,15,9,1,11,5,10,13,13,10,98,1,14,17,2,16,27,1,20,2,6,7,9,14,8,4,11,8,8,2,7,3,5,13,4,3,3,7,15,2,10,7,4,9,1,3,2,1,14,6,4,14,9,6,9,10,5,2,10,13,1,5,11,4,1,8,1,8,3,1,4,1,8,3,2,11,3,2,1,8,12,2,2,9,8,4,5,1,7,1,2,3,15,3,2,2,10,7,1,5,7,7,11,5,0,2,1,1,1,4,4,20,5,4,8,1,4,2,1,5,3,0,4,6,1,2,0,2,7,3,7,7,0,0,2,3,3,4,2,6,3,4,2,2,2,2,1,2
"GCA_949796665.1","9879","9879","Spain",37.6,-1.12,"IP-Per-0",12.1240347197981,-1.53059068876308,99.4,5,140.805987,17.6,17,7.9,12.2,0.252999997138977,475.7,18.55,23.55,45.2,48.9,46.2,0.242649014633163,31,30,17,30,15,12,22,10,21,11,15,10,0,11,5,10,14,13,11,82,1,12,16,4,12,18,1,20,2,12,7,9,13,8,3,12,8,6,2,7,4,5,9,3,2,3,7,15,1,11,7,4,9,1,4,2,0,13,7,2,13,9,6,9,10,5,2,9,15,1,5,12,4,1,8,1,8,3,1,4,1,8,4,2,18,2,2,1,9,11,2,2,8,6,4,5,2,6,1,2,3,12,3,2,2,10,8,1,4,7,9,8,5,1,2,1,1,1,5,4,20,5,4,6,0,4,2,1,5,3,1,4,6,1,2,0,2,7,3,5,7,0,0,2,3,3,5,2,3,3,4,3,2,2,2,0,2
"GCA_949796705.1","9503","9503","United Kingdom",55.8877,-3.21072,"11C1",-3.44339919930537,-0.543059875722321,99.4,8,135.983243,21.1,14.1,5.8,53.6,0.336999988555908,389.4,6.05000000000001,13.35,107.8,16.3,244.2,0.231355241321903,31,27,18,34,16,20,22,9,21,11,14,10,1,11,4,10,15,14,10,78,1,12,14,4,15,17,2,23,2,12,9,8,12,8,4,11,8,8,2,7,2,5,9,5,3,3,7,13,1,10,7,4,9,1,3,2,1,15,5,4,14,9,9,9,10,5,2,8,13,1,5,11,4,1,8,1,8,3,1,4,1,8,4,2,16,3,2,1,10,11,2,2,9,8,4,5,2,7,0,2,3,12,3,3,2,10,8,1,5,7,8,14,5,1,2,0,1,1,5,4,21,5,4,8,1,4,2,1,5,3,1,4,6,1,2,1,2,7,3,7,7,1,0,2,3,3,5,2,2,3,5,1,2,2,2,1,1
"GCA_949796715.1","9830","9830","Spain",36.97,-3.28,"IP-Bus-0",-4.57707456180968,-4.97462182302999,99.4,9,132.819722,16,14.8,6.6,18.9,0.354999995231628,630.1,5.45000000000005,20.65,111,59,33,0.209729952604478,31,28,16,33,16,11,22,7,21,11,16,9,1,11,6,10,12,14,10,115,1,11,20,4,15,21,1,23,2,7,9,9,12,8,4,11,8,8,2,7,3,5,12,4,2,3,7,15,0,10,7,4,9,1,3,2,1,15,8,3,16,9,9,10,10,5,2,9,16,1,5,11,4,1,8,1,8,2,1,4,1,8,4,2,13,3,2,1,8,15,2,2,9,3,4,5,2,7,1,2,3,6,3,3,2,9,7,1,5,6,8,13,5,1,2,1,1,1,5,4,19,5,4,8,0,4,1,1,5,3,1,4,6,1,2,1,2,7,3,6,7,0,0,2,2,3,4,2,3,2,5,2,2,2,2,1,2
"GCA_949796755.1","9847","9847","Spain",43.31,-5.7,"IP-Fel-2",-5.01322061251554,-0.436259307425417,99.5,9,134.776285,NA,NA,NA,NA,0.434000015258789,382.4,11.55,18.35,142.4,26.7,200.1,0.227343734841779,31,29,16,30,16,12,23,10,21,11,15,9,1,11,5,9,15,13,10,78,1,13,15,4,12,54,2,23,2,7,7,9,14,8,4,11,8,6,2,7,4,5,14,5,3,3,7,13,1,10,7,4,9,1,3,2,0,16,7,4,15,9,4,9,10,5,2,9,15,1,6,10,4,1,8,0,8,3,1,4,1,8,4,2,21,2,2,1,10,16,2,2,9,7,4,5,2,7,1,2,3,26,3,2,2,10,8,0,3,7,8,10,5,1,2,1,1,0,5,4,23,5,4,5,0,4,2,1,5,3,1,4,6,1,2,0,2,7,3,7,7,1,0,2,3,3,5,2,9,3,4,1,2,2,2,1,2
