"","assembly","gene","scaffold","start","end","length","max_length","copy"
"1","73_3a_fixed_genome_15_1_24","AL4G22470","scaffold_4_RagTag",12147510,12151724,4214,5281.25,1
"2","73_3a_fixed_genome_15_1_24","AL7G49290","scaffold_7_RagTag",24132039,24133804,1765,2215,1
"3","73_3a_fixed_genome_15_1_24","AL5G14830","scaffold_5_RagTag",1976558,1978889,2331,2908.75,1
"4","73_3a_fixed_genome_15_1_24","AL1G38960","scaffold_1_RagTag",10869127,10870428,1301,1721.25,1
"5","73_3a_fixed_genome_15_1_24","AL7G37080","scaffold_7_RagTag",11402387,11404403,2016,2473.75,1
"6","73_3a_fixed_genome_15_1_24","AL7G29360","scaffold_7_RagTag",7761825,7764194,2369,3018.75,1
"7","73_3a_fixed_genome_15_1_24","AL4G35580","scaffold_4_RagTag",18704180,18705209,1029,1287.5,1
"8","73_3a_fixed_genome_15_1_24","AL3G22630","scaffold_3_RagTag",4623569,4624525,956,1207.5,1
"9","73_3a_fixed_genome_15_1_24","AL6G36570","scaffold_6_RagTag",10947827,10948404,577,727.5,1
"10","73_3a_fixed_genome_15_1_24","AL6G40140","scaffold_6_RagTag",13256226,13268124,11898,14951.25,1
"11","73_3a_fixed_genome_15_1_24","AL8G11370","scaffold_8_RagTag",529141,533960,4819,6021.25,1
"12","73_3a_fixed_genome_15_1_24","AL2G37500","scaffold_3_RagTag",24567003,24576610,9607,12023.75,1
"14","73_3a_fixed_genome_15_1_24","AL3G47290","scaffold_3_RagTag",32365275,32367536,2261,2827.5,1
"15","73_3a_fixed_genome_15_1_24","AL5G16540","scaffold_5_RagTag",2915650,2917680,2030,2497.5,1
"16","73_3a_fixed_genome_15_1_24","AL8G17880","scaffold_8_RagTag",4496156,4503287,7131,8911.25,1
"17","73_3a_fixed_genome_15_1_24","AL8G10660","scaffold_8_RagTag",172267,175441,3174,3978.75,1
"18","73_3a_fixed_genome_15_1_24","AL3G16870","scaffold_3_RagTag",2508500,2509690,1190,1616.25,1
"19","73_3a_fixed_genome_15_1_24","AL4G35500","scaffold_4_RagTag",18655028,18656028,1000,1283.75,1
"20","73_3a_fixed_genome_15_1_24","AL4G10190","scaffold_4_RagTag",336241,337071,830,1041.25,1
"21","73_3a_fixed_genome_15_1_24","AL1G40880","scaffold_1_RagTag",11694890,11698187,3297,4146.25,1
"22","73_3a_fixed_genome_15_1_24","AL4G44420","scaffold_4_RagTag",22353907,22355926,2019,2601.25,1
"23","73_3a_fixed_genome_15_1_24","AL1G44510","scaffold_1_RagTag",13416623,13418857,2234,2793.75,1
"24","73_3a_fixed_genome_15_1_24","AL3G25980","scaffold_3_RagTag",5925077,5926897,1820,2281.25,1
"25","73_3a_fixed_genome_15_1_24","AL7G52050","scaffold_7_RagTag",22456478,22458381,1903,2411.25,1
"26","73_3a_fixed_genome_15_1_24","AL4G11740","scaffold_4_RagTag",959846,962311,2465,3343.75,1
"27","73_3a_fixed_genome_15_1_24","AL1G56790","scaffold_1_RagTag",22539203,22540314,1111,1361.25,1
"29","73_3a_fixed_genome_15_1_24","AL2G29950","scaffold_3_RagTag",21385469,21388178,2709,3397.5,1
"31","73_3a_fixed_genome_15_1_24","AL3G22540","scaffold_3_RagTag",4580998,4581890,892,1115,1
"32","73_3a_fixed_genome_15_1_24","AL7G14700","scaffold_7_RagTag",1786589,1789336,2747,3436.25,1
"33","73_3a_fixed_genome_15_1_24","AL7G17000","scaffold_7_RagTag",2851415,2853823,2408,3012.5,1
"34","73_3a_fixed_genome_15_1_24","AL8G23980","scaffold_8_RagTag",13473029,13475589,2560,3198.75,1
"35","73_3a_fixed_genome_15_1_24","AL1G44620","scaffold_1_RagTag",13462983,13467015,4032,5038.75,1
"36","73_3a_fixed_genome_15_1_24","AL1G32880","scaffold_1_RagTag",8489070,8490398,1328,1592.5,1
"37","73_3a_fixed_genome_15_1_24","AL3G41310","scaffold_3_RagTag",12680943,12682710,1767,2193.75,1
"38","73_3a_fixed_genome_15_1_24","AL8G16570","scaffold_8_RagTag",3606130,3607766,1636,2277.5,1
"39","73_3a_fixed_genome_15_1_24","AL2G25840","scaffold_2_RagTag",14144116,14147858,3742,4706.25,1
"40","73_3a_fixed_genome_15_1_24","AL4G44060","scaffold_4_RagTag",22193740,22200144,6404,8181.25,1
"41","73_3a_fixed_genome_15_1_24","AL6G36110","scaffold_6_RagTag",10590793,10592884,2091,2593.75,1
"42","73_3a_fixed_genome_15_1_24","AL8G32740","scaffold_8_RagTag",17589930,17596062,6132,7657.5,1
"43","73_3a_fixed_genome_15_1_24","AL1G40480","scaffold_1_RagTag",11541696,11548577,6881,8606.25,1
"44","73_3a_fixed_genome_15_1_24","AL4G23330","scaffold_4_RagTag",13247268,13250108,2840,3543.75,1
"45","73_3a_fixed_genome_15_1_24","AL6G24590","scaffold_6_RagTag",5739637,5742500,2863,3593.75,1
"46","73_3a_fixed_genome_15_1_24","AL1G31800","scaffold_1_RagTag",8091753,8096536,4783,5962.5,1
"47","73_3a_fixed_genome_15_1_24","AL6G10970","scaffold_6_RagTag",341684,345200,3516,4407.5,1
"48","73_3a_fixed_genome_15_1_24","AL1G11800","scaffold_1_RagTag",661780,664528,2748,3423.75,1
"49","73_3a_fixed_genome_15_1_24","AL1G13710","scaffold_1_RagTag",1327215,1330247,3032,3810,1
"50","73_3a_fixed_genome_15_1_24","AL6G51420","scaffold_6_RagTag",22683655,22685784,2129,2703.75,1
"51","73_3a_fixed_genome_15_1_24","AL4G14860","scaffold_4_RagTag",2791037,2793733,2696,3381.25,1
"52","73_3a_fixed_genome_15_1_24","AL8G19860","scaffold_8_RagTag",9075560,9077348,1788,2268.75,1
"110","AL08_v2_f","AL4G22470","scaffold_4_RagTag",11270978,11275177,4199,5281.25,1
"210","AL08_v2_f","AL7G49290","scaffold_7_RagTag",24383286,24385045,1759,2215,1
"310","AL08_v2_f","AL5G14830","scaffold_5_RagTag",2089207,2091538,2331,2908.75,1
"410","AL08_v2_f","AL1G38960","scaffold_1_RagTag",10893113,10894470,1357,1721.25,1
"53","AL08_v2_f","AL7G37080","scaffold_7_RagTag",11289225,11291203,1978,2473.75,1
"61","AL08_v2_f","AL7G29360","scaffold_7_RagTag",7727789,7730158,2369,3018.75,1
"71","AL08_v2_f","AL4G35580","scaffold_4_RagTag",17729860,17730888,1028,1287.5,1
"81","AL08_v2_f","AL3G22630","scaffold_3_RagTag",4303107,4304072,965,1207.5,1
"91","AL08_v2_f","AL6G36570","scaffold_6_RagTag",10796878,10797454,576,727.5,1
"101","AL08_v2_f","AL6G40140","scaffold_6_RagTag",12959665,12971545,11880,14951.25,1
"111","AL08_v2_f","AL8G11370","scaffold_8_RagTag",462049,466872,4823,6021.25,1
"121","AL08_v2_f","AL2G37500","scaffold_2_RagTag",19896688,19906298,9610,12023.75,1
"13","AL08_v2_f","AL3G47290","scaffold_3_RagTag",19762904,19765162,2258,2827.5,1
"141","AL08_v2_f","AL5G16540","scaffold_5_RagTag",2943214,2945218,2004,2497.5,1
"151","AL08_v2_f","AL8G17880","scaffold_8_RagTag",4476384,4483546,7162,8911.25,1
"161","AL08_v2_f","AL8G10660","scaffold_8_RagTag",182684,185863,3179,3978.75,1
"171","AL08_v2_f","AL3G16870","scaffold_3_RagTag",2344058,2345353,1295,1616.25,1
"181","AL08_v2_f","AL4G35500","scaffold_4_RagTag",17690651,17691676,1025,1283.75,1
"191","AL08_v2_f","AL4G10190","scaffold_4_RagTag",358106,358887,781,1041.25,1
"201","AL08_v2_f","AL1G40880","scaffold_1_RagTag",11733542,11736845,3303,4146.25,1
"211","AL08_v2_f","AL4G44420","scaffold_4_RagTag",21355894,21357942,2048,2601.25,1
"221","AL08_v2_f","AL1G44510","scaffold_1_RagTag",13323739,13325974,2235,2793.75,1
"231","AL08_v2_f","AL3G25980","scaffold_3_RagTag",5569561,5571385,1824,2281.25,1
"241","AL08_v2_f","AL7G52050","scaffold_7_RagTag",22994776,22996693,1917,2411.25,1
"251","AL08_v2_f","AL4G11740","scaffold_4_RagTag",987313,989987,2674,3343.75,1
"261","AL08_v2_f","AL1G56790","scaffold_1_RagTag",24260556,24261676,1120,1361.25,1
"271","AL08_v2_f","AL2G29950","scaffold_2_RagTag",16740296,16743003,2707,3397.5,1
"28","AL08_v2_f","AL3G22540","scaffold_3_RagTag",4265283,4266173,890,1115,1
"291","AL08_v2_f","AL7G14700","scaffold_7_RagTag",1882776,1885609,2833,3436.25,1
"30","AL08_v2_f","AL7G17000","scaffold_7_RagTag",2823000,2825400,2400,3012.5,1
"311","AL08_v2_f","AL8G23980","scaffold_8_RagTag",12080237,12082792,2555,3198.75,1
"321","AL08_v2_f","AL1G44620","scaffold_1_RagTag",13370085,13374119,4034,5038.75,1
"331","AL08_v2_f","AL1G32880","scaffold_1_RagTag",8497592,8498920,1328,1592.5,1
"341","AL08_v2_f","AL3G41310","scaffold_3_RagTag",12573682,12575449,1767,2193.75,1
"351","AL08_v2_f","AL8G16570","scaffold_8_RagTag",3675608,3677396,1788,2277.5,1
"361","AL08_v2_f","AL2G25840","scaffold_2_RagTag",14600699,14604463,3764,4706.25,1
"371","AL08_v2_f","AL4G44060","scaffold_4_RagTag",21185824,21192498,6674,8181.25,1
"381","AL08_v2_f","AL6G36110","scaffold_6_RagTag",10450088,10452176,2088,2593.75,1
"391","AL08_v2_f","AL8G32740","scaffold_8_RagTag",16137786,16143783,5997,7657.5,1
"401","AL08_v2_f","AL1G40480","scaffold_1_RagTag",11584713,11591598,6885,8606.25,1
"411","AL08_v2_f","AL4G23330","scaffold_4_RagTag",12445616,12448497,2881,3543.75,1
"421","AL08_v2_f","AL6G24590","scaffold_6_RagTag",5561296,5564170,2874,3593.75,1
"431","AL08_v2_f","AL1G31800","scaffold_1_RagTag",8108712,8113478,4766,5962.5,1
"441","AL08_v2_f","AL6G10970","scaffold_6_RagTag",358065,361619,3554,4407.5,1
"451","AL08_v2_f","AL1G11800","scaffold_1_RagTag",714366,717076,2710,3423.75,1
"461","AL08_v2_f","AL1G13710","scaffold_1_RagTag",1430212,1433244,3032,3810,1
"471","AL08_v2_f","AL6G51420","scaffold_6_RagTag",23244999,23247096,2097,2703.75,1
"481","AL08_v2_f","AL4G14860","scaffold_4_RagTag",2644510,2647245,2735,3381.25,1
"491","AL08_v2_f","AL8G19860","scaffold_8_RagTag",8780697,8782472,1775,2268.75,1
"112","al1_v2_s","AL4G22470","scaffold_4_RagTag",12025870,12030098,4228,5281.25,1
"212","al1_v2_s","AL7G49290","scaffold_7_RagTag",26981311,26983072,1761,2215,1
"312","al1_v2_s","AL5G14830","scaffold_5_RagTag",2328803,2331134,2331,2908.75,1
"412","al1_v2_s","AL1G38960","scaffold_1_RagTag",12433033,12434388,1355,1721.25,1
"54","al1_v2_s","AL7G37080","scaffold_7_RagTag",12468735,12470751,2016,2473.75,1
"62","al1_v2_s","AL7G29360","scaffold_7_RagTag",8670947,8673358,2411,3018.75,1
"72","al1_v2_s","AL4G35580","scaffold_4_RagTag",19700039,19701071,1032,1287.5,1
"82","al1_v2_s","AL3G22630","scaffold_3_RagTag",4740553,4741518,965,1207.5,1
"92","al1_v2_s","AL6G36570","scaffold_6_RagTag",12199436,12200009,573,727.5,1
"102","al1_v2_s","AL6G40140","scaffold_6_RagTag",14851418,14863293,11875,14951.25,1
"113","al1_v2_s","AL8G11370","scaffold_8_RagTag",615931,620754,4823,6021.25,1
"122","al1_v2_s","AL2G37500","scaffold_2_RagTag",22261182,22270789,9607,12023.75,1
"131","al1_v2_s","AL3G47290","scaffold_3_RagTag",20047270,20049531,2261,2827.5,1
"142","al1_v2_s","AL5G16540","scaffold_5_RagTag",3309403,3311229,1826,2497.5,1
"152","al1_v2_s","AL8G17880","scaffold_8_RagTag",5189364,5196481,7117,8911.25,1
"162","al1_v2_s","AL8G10660","scaffold_8_RagTag",287510,290688,3178,3978.75,1
"172","al1_v2_s","AL3G16870","scaffold_3_RagTag",2489041,2490329,1288,1616.25,1
"182","al1_v2_s","AL4G35500","scaffold_4_RagTag",19662908,19663930,1022,1283.75,1
"192","al1_v2_s","AL4G10190","scaffold_4_RagTag",244578,245412,834,1041.25,1
"202","al1_v2_s","AL1G40880","scaffold_1_RagTag",13370040,13373364,3324,4146.25,1
"213","al1_v2_s","AL4G44420","scaffold_4_RagTag",23859474,23861554,2080,2601.25,1
"222","al1_v2_s","AL1G44510","scaffold_1_RagTag",15330473,15332716,2243,2793.75,1
"232","al1_v2_s","AL3G25980","scaffold_3_RagTag",6154531,6156355,1824,2281.25,1
"242","al1_v2_s","AL7G52050","scaffold_7_RagTag",25175805,25177716,1911,2411.25,1
"252","al1_v2_s","AL4G11740","scaffold_4_RagTag",982232,984751,2519,3343.75,1
"262","al1_v2_s","AL1G56790","scaffold_1_RagTag",27088432,27089468,1036,1361.25,1
"272","al1_v2_s","AL2G29950","scaffold_2_RagTag",18817051,18819796,2745,3397.5,1
"281","al1_v2_s","AL3G22540","scaffold_3_RagTag",4690885,4691771,886,1115,1
"292","al1_v2_s","AL7G14700","scaffold_7_RagTag",1932450,1935198,2748,3436.25,1
"301","al1_v2_s","AL7G17000","scaffold_7_RagTag",2957374,2959771,2397,3012.5,1
"313","al1_v2_s","AL8G23980","scaffold_8_RagTag",12048048,12050608,2560,3198.75,1
"322","al1_v2_s","AL1G44620","scaffold_1_RagTag",15381857,15385891,4034,5038.75,1
"332","al1_v2_s","AL1G32880","scaffold_1_RagTag",9539742,9541070,1328,1592.5,1
"342","al1_v2_s","AL3G41310","scaffold_3_RagTag",13695737,13697518,1781,2193.75,1
"352","al1_v2_s","AL8G16570","scaffold_8_RagTag",4220354,4222008,1654,2277.5,1
"362","al1_v2_s","AL2G25840","scaffold_2_RagTag",16238229,16241986,3757,4706.25,1
"372","al1_v2_s","AL4G44060","scaffold_4_RagTag",23509487,23516005,6518,8181.25,1
"382","al1_v2_s","AL6G36110","scaffold_6_RagTag",11735332,11737423,2091,2593.75,1
"392","al1_v2_s","AL8G32740","scaffold_8_RagTag",16971353,16977481,6128,7657.5,1
"402","al1_v2_s","AL1G40480","scaffold_1_RagTag",13192615,13199475,6860,8606.25,1
"422","al1_v2_s","AL4G23330","scaffold_4_RagTag",13161404,13164222,2818,3543.75,1
"432","al1_v2_s","AL6G24590","scaffold_6_RagTag",6172211,6175072,2861,3593.75,1
"442","al1_v2_s","AL1G31800","scaffold_1_RagTag",9134921,9139702,4781,5962.5,1
"452","al1_v2_s","AL6G10970","scaffold_6_RagTag",388913,392476,3563,4407.5,1
"462","al1_v2_s","AL1G11800","scaffold_1_RagTag",801604,804327,2723,3423.75,1
"472","al1_v2_s","AL1G13710","scaffold_1_RagTag",1769431,1773017,3586,3810,1
"482","al1_v2_s","AL6G51420","scaffold_6_RagTag",26297736,26299888,2152,2703.75,1
"492","al1_v2_s","AL4G14860","scaffold_4_RagTag",3232206,3234931,2725,3381.25,1
"501","al1_v2_s","AL8G19860","scaffold_8_RagTag",8486396,8488184,1788,2268.75,1
"114","AL27_v1","AL4G22470","scaffold_4_RagTag",10999155,11003381,4226,5281.25,1
"214","AL27_v1","AL7G49290","scaffold_7_RagTag",25036786,25038557,1771,2215,1
"314","AL27_v1","AL5G14830","scaffold_5_RagTag",2112572,2114905,2333,2908.75,1
"413","AL27_v1","AL1G38960","scaffold_1_RagTag",10978207,10979507,1300,1721.25,1
"55","AL27_v1","AL7G37080","scaffold_7_RagTag",11299637,11301615,1978,2473.75,1
"63","AL27_v1","AL7G29360","scaffold_7_RagTag",7762277,7764652,2375,3018.75,1
"73","AL27_v1","AL4G35580","scaffold_4_RagTag",17596074,17597106,1032,1287.5,1
"83","AL27_v1","AL3G22630","scaffold_3_RagTag",4395134,4396096,962,1207.5,1
"93","AL27_v1","AL6G36570","scaffold_6_RagTag",10714416,10714991,575,727.5,1
"103","AL27_v1","AL6G40140","scaffold_6_RagTag",13257339,13269225,11886,14951.25,1
"115","AL27_v1","AL8G11370","scaffold_8_RagTag",471982,476801,4819,6021.25,1
"123","AL27_v1","AL2G37500","scaffold_2_RagTag",19475643,19485252,9609,12023.75,1
"132","AL27_v1","AL3G47290","scaffold_3_RagTag",20794603,20796835,2232,2827.5,1
"143","AL27_v1","AL5G16540","scaffold_5_RagTag",2971453,2973458,2005,2497.5,1
"153","AL27_v1","AL8G17880","scaffold_8_RagTag",4328897,4336035,7138,8911.25,1
"163","AL27_v1","AL8G10660","scaffold_8_RagTag",174870,178044,3174,3978.75,1
"173","AL27_v1","AL3G16870","scaffold_3_RagTag",2420877,2422172,1295,1616.25,1
"183","AL27_v1","AL4G35500","scaffold_4_RagTag",17559211,17560236,1025,1283.75,1
"193","AL27_v1","AL4G10190","scaffold_4_RagTag",176852,177643,791,1041.25,1
"203","AL27_v1","AL1G40880","scaffold_1_RagTag",11783424,11786685,3261,4146.25,1
"215","AL27_v1","AL4G44420","scaffold_4_RagTag",21133017,21135066,2049,2601.25,1
"223","AL27_v1","AL1G44510","scaffold_1_RagTag",13424691,13426913,2222,2793.75,1
"233","AL27_v1","AL3G25980","scaffold_3_RagTag",5663155,5664979,1824,2281.25,1
"243","AL27_v1","AL7G52050","scaffold_7_RagTag",23616043,23617944,1901,2411.25,1
"253","AL27_v1","AL4G11740","scaffold_4_RagTag",770406,772615,2209,3343.75,1
"263","AL27_v1","AL1G56790","scaffold_1_RagTag",25083663,25084805,1142,1361.25,1
"273","AL27_v1","AL2G29950","scaffold_2_RagTag",16310231,16312945,2714,3397.5,1
"282","AL27_v1","AL3G22540","scaffold_3_RagTag",4356688,4357574,886,1115,1
"293","AL27_v1","AL7G14700","scaffold_7_RagTag",1769155,1771992,2837,3436.25,1
"302","AL27_v1","AL7G17000","scaffold_7_RagTag",2748374,2750783,2409,3012.5,1
"315","AL27_v1","AL8G23980","scaffold_8_RagTag",11443967,11446523,2556,3198.75,1
"323","AL27_v1","AL1G44620","scaffold_1_RagTag",13478257,13481785,3528,5038.75,1
"333","AL27_v1","AL1G32880","scaffold_1_RagTag",8546421,8547768,1347,1592.5,1
"343","AL27_v1","AL3G41310","scaffold_3_RagTag",12368230,12369997,1767,2193.75,1
"353","AL27_v1","AL8G16570","scaffold_8_RagTag",3530229,3532073,1844,2277.5,1
"363","AL27_v1","AL2G25840","scaffold_2_RagTag",14175910,14179662,3752,4706.25,1
"373","AL27_v1","AL4G44060","scaffold_4_RagTag",20972536,20978977,6441,8181.25,1
"383","AL27_v1","AL6G36110","scaffold_6_RagTag",10350116,10352221,2105,2593.75,1
"393","AL27_v1","AL8G32740","scaffold_8_RagTag",15374489,15380600,6111,7657.5,1
"403","AL27_v1","AL1G40480","scaffold_1_RagTag",11627955,11634817,6862,8606.25,1
"414","AL27_v1","AL4G23330","scaffold_4_RagTag",12181409,12184286,2877,3543.75,1
"423","AL27_v1","AL6G24590","scaffold_6_RagTag",5446571,5449412,2841,3593.75,1
"433","AL27_v1","AL1G31800","scaffold_1_RagTag",8138920,8143694,4774,5962.5,1
"443","AL27_v1","AL6G10970","scaffold_6_RagTag",336279,339833,3554,4407.5,1
"453","AL27_v1","AL1G11800","scaffold_1_RagTag",671950,674682,2732,3423.75,1
"463","AL27_v1","AL1G13710","scaffold_1_RagTag",1344604,1347656,3052,3810,1
"473","AL27_v1","AL6G51420","scaffold_6_RagTag",22973749,22975841,2092,2703.75,1
"483","AL27_v1","AL4G14860","scaffold_4_RagTag",2480451,2483149,2698,3381.25,1
"493","AL27_v1","AL8G19860","scaffold_8_RagTag",8641975,8643759,1784,2268.75,1
"116","ALR.ragtag.scaffold_chr_15_1_24.masked","AL4G22470","scaffold_2",9391486,9395713,4227,5281.25,1
"216","ALR.ragtag.scaffold_chr_15_1_24.masked","AL7G49290","scaffold_5",8512900,8514646,1746,2215,1
"316","ALR.ragtag.scaffold_chr_15_1_24.masked","AL5G14830","scaffold_5",1979596,1981947,2351,2908.75,1
"415","ALR.ragtag.scaffold_chr_15_1_24.masked","AL1G38960","scaffold_1",8422962,8424263,1301,1721.25,1
"56","ALR.ragtag.scaffold_chr_15_1_24.masked","AL7G37080","scaffold_7",11315562,11317574,2012,2473.75,1
"64","ALR.ragtag.scaffold_chr_15_1_24.masked","AL7G29360","scaffold_7",7817005,7819388,2383,3018.75,1
"74","ALR.ragtag.scaffold_chr_15_1_24.masked","AL4G35580","scaffold_4",21119372,21120401,1029,1287.5,1
"84","ALR.ragtag.scaffold_chr_15_1_24.masked","AL3G22630","scaffold_3",4577633,4578599,966,1207.5,1
"94","ALR.ragtag.scaffold_chr_15_1_24.masked","AL6G36570","scaffold_6",12763558,12764133,575,727.5,1
"104","ALR.ragtag.scaffold_chr_15_1_24.masked","AL6G40140","scaffold_6",15037311,15049079,11768,14951.25,1
"117","ALR.ragtag.scaffold_chr_15_1_24.masked","AL8G11370","scaffold_8",533242,538061,4819,6021.25,1
"124","ALR.ragtag.scaffold_chr_15_1_24.masked","AL2G37500","scaffold_2",23148106,23157730,9624,12023.75,1
"133","ALR.ragtag.scaffold_chr_15_1_24.masked","AL3G47290","scaffold_3",18248754,18250990,2236,2827.5,1
"144","ALR.ragtag.scaffold_chr_15_1_24.masked","AL5G16540","scaffold_5",2869503,2871516,2013,2497.5,1
"154","ALR.ragtag.scaffold_chr_15_1_24.masked","AL8G17880","scaffold_8",4405093,4412214,7121,8911.25,1
"164","ALR.ragtag.scaffold_chr_15_1_24.masked","AL8G10660","scaffold_8",217160,220323,3163,3978.75,1
"174","ALR.ragtag.scaffold_chr_15_1_24.masked","AL3G16870","scaffold_3",2370989,2372282,1293,1616.25,1
"184","ALR.ragtag.scaffold_chr_15_1_24.masked","AL4G35500","scaffold_4",21088637,21089663,1026,1283.75,1
"194","ALR.ragtag.scaffold_chr_15_1_24.masked","AL4G10190","scaffold_4",234354,235185,831,1041.25,1
"204","ALR.ragtag.scaffold_chr_15_1_24.masked","AL1G40880","scaffold_1",7584397,7587705,3308,4146.25,1
"217","ALR.ragtag.scaffold_chr_15_1_24.masked","AL4G44420","scaffold_4",24731366,24733407,2041,2601.25,1
"224","ALR.ragtag.scaffold_chr_15_1_24.masked","AL1G44510","scaffold_1",13916251,13918491,2240,2793.75,1
"234","ALR.ragtag.scaffold_chr_15_1_24.masked","AL3G25980","scaffold_4",18583503,18585317,1814,2281.25,1
"244","ALR.ragtag.scaffold_chr_15_1_24.masked","AL7G52050","scaffold_5",9968719,9970637,1918,2411.25,1
"254","ALR.ragtag.scaffold_chr_15_1_24.masked","AL4G11740","scaffold_4",951104,953771,2667,3343.75,1
"264","ALR.ragtag.scaffold_chr_15_1_24.masked","AL1G56790","scaffold_1",23477178,23478320,1142,1361.25,1
"274","ALR.ragtag.scaffold_chr_15_1_24.masked","AL2G29950","scaffold_2",19693119,19695845,2726,3397.5,1
"283","ALR.ragtag.scaffold_chr_15_1_24.masked","AL3G22540","scaffold_3",4535571,4536458,887,1115,1
"294","ALR.ragtag.scaffold_chr_15_1_24.masked","AL7G14700","scaffold_7",1803020,1805857,2837,3436.25,1
"303","ALR.ragtag.scaffold_chr_15_1_24.masked","AL7G17000","scaffold_7",2773876,2776286,2410,3012.5,1
"317","ALR.ragtag.scaffold_chr_15_1_24.masked","AL8G23980","scaffold_8",12055271,12057828,2557,3198.75,1
"324","ALR.ragtag.scaffold_chr_15_1_24.masked","AL1G44620","scaffold_1",13965235,13969269,4034,5038.75,1
"334","ALR.ragtag.scaffold_chr_15_1_24.masked","AL1G32880","scaffold_1",10979872,10981203,1331,1592.5,1
"344","ALR.ragtag.scaffold_chr_15_1_24.masked","AL3G41310","scaffold_3",7252980,7254738,1758,2193.75,1
"354","ALR.ragtag.scaffold_chr_15_1_24.masked","AL8G16570","scaffold_8",3526306,3527925,1619,2277.5,1
"364","ALR.ragtag.scaffold_chr_15_1_24.masked","AL2G25840","scaffold_2",17566276,17570021,3745,4706.25,1
"374","ALR.ragtag.scaffold_chr_15_1_24.masked","AL4G44060","scaffold_4",24546509,24552907,6398,8181.25,1
"384","ALR.ragtag.scaffold_chr_15_1_24.masked","AL6G36110","scaffold_6",12254648,12256741,2093,2593.75,1
"394","ALR.ragtag.scaffold_chr_15_1_24.masked","AL8G32740","scaffold_8",16192440,16198573,6133,7657.5,1
"404","ALR.ragtag.scaffold_chr_15_1_24.masked","AL1G40480","scaffold_1",7743369,7750255,6886,8606.25,1
"424","ALR.ragtag.scaffold_chr_15_1_24.masked","AL4G23330","scaffold_2",8258112,8260975,2863,3543.75,1
"434","ALR.ragtag.scaffold_chr_15_1_24.masked","AL6G24590","scaffold_6",7188484,7191326,2842,3593.75,1
"444","ALR.ragtag.scaffold_chr_15_1_24.masked","AL1G31800","scaffold_1",11373566,11378347,4781,5962.5,1
"454","ALR.ragtag.scaffold_chr_15_1_24.masked","AL1G11800","scaffold_1",698933,701663,2730,3423.75,1
"464","ALR.ragtag.scaffold_chr_15_1_24.masked","AL1G13710","scaffold_1",1526012,1529065,3053,3810,1
"474","ALR.ragtag.scaffold_chr_15_1_24.masked","AL6G51420","scaffold_6",27714822,27716956,2134,2703.75,1
"484","ALR.ragtag.scaffold_chr_15_1_24.masked","AL4G14860","scaffold_4",2766168,2768871,2703,3381.25,1
"494","ALR.ragtag.scaffold_chr_15_1_24.masked","AL8G19860","scaffold_8",8924404,8926198,1794,2268.75,1
"118","BAM12_v2","AL4G22470","scaffold_4_RagTag",11271699,11275940,4241,5281.25,1
"218","BAM12_v2","AL7G49290","scaffold_7_RagTag",27395795,27397558,1763,2215,1
"318","BAM12_v2","AL5G14830","scaffold_5_RagTag",2521908,2524233,2325,2908.75,1
"416","BAM12_v2","AL1G38960","scaffold_1_RagTag",12063570,12064871,1301,1721.25,1
"57","BAM12_v2","AL7G37080","scaffold_7_RagTag",12309348,12311335,1987,2473.75,1
"65","BAM12_v2","AL7G29360","scaffold_7_RagTag",8418263,8420671,2408,3018.75,1
"75","BAM12_v2","AL4G35580","scaffold_4_RagTag",18511951,18512980,1029,1287.5,1
"85","BAM12_v2","AL3G22630","scaffold_3_RagTag",4781939,4782904,965,1207.5,1
"95","BAM12_v2","AL6G36570","scaffold_6_RagTag",11708692,11709272,580,727.5,1
"105","BAM12_v2","AL6G40140","scaffold_6_RagTag",14215771,14228232,12461,14951.25,1
"119","BAM12_v2","AL8G11370","scaffold_8_RagTag",553045,557866,4821,6021.25,1
"125","BAM12_v2","AL2G37500","scaffold_2_RagTag",22162319,22171932,9613,12023.75,1
"134","BAM12_v2","AL3G47290","scaffold_3_RagTag",23061795,23064056,2261,2827.5,1
"145","BAM12_v2","AL5G16540","scaffold_5_RagTag",3575137,3577096,1959,2497.5,1
"155","BAM12_v2","AL8G17880","scaffold_8_RagTag",5485025,5492177,7152,8911.25,1
"165","BAM12_v2","AL8G10660","scaffold_8_RagTag",208169,211350,3181,3978.75,1
"175","BAM12_v2","AL3G16870","scaffold_3_RagTag",2628450,2629738,1288,1616.25,1
"185","BAM12_v2","AL4G35500","scaffold_4_RagTag",18483251,18484277,1026,1283.75,1
"195","BAM12_v2","AL4G10190","scaffold_4_RagTag",213223,214055,832,1041.25,1
"205","BAM12_v2","AL1G40880","scaffold_1_RagTag",13028677,13031987,3310,4146.25,1
"219","BAM12_v2","AL4G44420","scaffold_4_RagTag",22424081,22426230,2149,2601.25,1
"225","BAM12_v2","AL1G44510","scaffold_1_RagTag",14923605,14925838,2233,2793.75,1
"235","BAM12_v2","AL3G25980","scaffold_3_RagTag",6196961,6198785,1824,2281.25,1
"245","BAM12_v2","AL7G52050","scaffold_7_RagTag",25598094,25600011,1917,2411.25,1
"255","BAM12_v2","AL4G11740","scaffold_4_RagTag",935028,937632,2604,3343.75,1
"265","BAM12_v2","AL1G56790","scaffold_1_RagTag",27411193,27412335,1142,1361.25,1
"275","BAM12_v2","AL2G29950","scaffold_2_RagTag",18805261,18807983,2722,3397.5,1
"284","BAM12_v2","AL3G22540","scaffold_3_RagTag",4725751,4726639,888,1115,1
"295","BAM12_v2","AL7G14700","scaffold_7_RagTag",1944167,1946914,2747,3436.25,1
"304","BAM12_v2","AL7G17000","scaffold_7_RagTag",2984523,2986923,2400,3012.5,1
"319","BAM12_v2","AL8G23980","scaffold_8_RagTag",11444583,11447139,2556,3198.75,1
"325","BAM12_v2","AL1G32880","scaffold_1_RagTag",9154960,9156292,1332,1592.5,1
"335","BAM12_v2","AL3G41310","scaffold_3_RagTag",13636537,13638335,1798,2193.75,1
"345","BAM12_v2","AL8G16570","scaffold_8_RagTag",4407511,4409229,1718,2277.5,1
"355","BAM12_v2","AL2G25840","scaffold_2_RagTag",16235106,16238857,3751,4706.25,1
"365","BAM12_v2","AL4G44060","scaffold_4_RagTag",22164479,22170999,6520,8181.25,1
"375","BAM12_v2","AL6G36110","scaffold_6_RagTag",11257291,11259382,2091,2593.75,1
"385","BAM12_v2","AL8G32740","scaffold_8_RagTag",16166692,16172816,6124,7657.5,1
"395","BAM12_v2","AL1G40480","scaffold_1_RagTag",12810995,12817858,6863,8606.25,1
"405","BAM12_v2","AL4G23330","scaffold_4_RagTag",12457365,12460206,2841,3543.75,1
"417","BAM12_v2","AL6G24590","scaffold_6_RagTag",5891604,5894468,2864,3593.75,1
"425","BAM12_v2","AL1G31800","scaffold_1_RagTag",8740934,8745715,4781,5962.5,1
"435","BAM12_v2","AL6G10970","scaffold_6_RagTag",387681,391232,3551,4407.5,1
"445","BAM12_v2","AL1G11800","scaffold_1_RagTag",700317,703038,2721,3423.75,1
"455","BAM12_v2","AL1G13710","scaffold_1_RagTag",1398982,1402029,3047,3810,1
"465","BAM12_v2","AL6G51420","scaffold_6_RagTag",25090319,25092460,2141,2703.75,1
"475","BAM12_v2","AL4G14860","scaffold_4_RagTag",3013031,3015736,2705,3381.25,1
"485","BAM12_v2","AL8G19860","scaffold_8_RagTag",9509641,9511411,1770,2268.75,1
"120","BOR_v1","AL4G22470","scaffold_4_RagTag:18000-22695972",11526857,11531093,4236,5281.25,1
"220","BOR_v1","AL7G49290","scaffold_7_RagTag:0-26551907",25233585,25235349,1764,2215,1
"320","BOR_v1","AL5G14830","scaffold_5_RagTag:0-21731985",2025039,2027370,2331,2908.75,1
"418","BOR_v1","AL1G38960","scaffold_1_RagTag:0-28294041",11041092,11042438,1346,1721.25,1
"58","BOR_v1","AL7G37080","scaffold_7_RagTag:0-26551907",11556372,11558358,1986,2473.75,1
"66","BOR_v1","AL7G29360","scaffold_7_RagTag:0-26551907",7901041,7903407,2366,3018.75,1
"76","BOR_v1","AL4G35580","scaffold_4_RagTag:18000-22695972",17870330,17871358,1028,1287.5,1
"86","BOR_v1","AL3G22630","scaffold_3_RagTag:0-24937921",4528776,4529742,966,1207.5,1
"96","BOR_v1","AL6G36570","scaffold_6_RagTag:0-24760478",10881146,10881722,576,727.5,1
"106","BOR_v1","AL6G40140","scaffold_6_RagTag:0-24760478",13021136,13033012,11876,14951.25,1
"1110","BOR_v1","AL8G11370","scaffold_8_RagTag:0-21093757",580380,585204,4824,6021.25,1
"126","BOR_v1","AL2G37500","scaffold_2_RagTag:0-21425966",19671199,19680818,9619,12023.75,1
"135","BOR_v1","AL3G47290","scaffold_3_RagTag:0-24937921",20526921,20529158,2237,2827.5,1
"146","BOR_v1","AL5G16540","scaffold_5_RagTag:0-21731985",2942994,2944996,2002,2497.5,1
"156","BOR_v1","AL8G17880","scaffold_8_RagTag:0-21093757",4438515,4445645,7130,8911.25,1
"166","BOR_v1","AL8G10660","scaffold_8_RagTag:0-21093757",225432,228601,3169,3978.75,1
"176","BOR_v1","AL3G16870","scaffold_3_RagTag:0-24937921",2457381,2458677,1296,1616.25,1
"186","BOR_v1","AL4G35500","scaffold_4_RagTag:18000-22695972",17837725,17838747,1022,1283.75,1
"196","BOR_v1","AL4G10190","scaffold_4_RagTag:18000-22695972",294273,295084,811,1041.25,1
"206","BOR_v1","AL1G40880","scaffold_1_RagTag:0-28294041",11835317,11838626,3309,4146.25,1
"2110","BOR_v1","AL4G44420","scaffold_4_RagTag:18000-22695972",21360793,21362865,2072,2601.25,1
"226","BOR_v1","AL1G44510","scaffold_1_RagTag:0-28294041",13601956,13604179,2223,2793.75,1
"236","BOR_v1","AL3G25980","scaffold_3_RagTag:0-24937921",5800917,5802737,1820,2281.25,1
"246","BOR_v1","AL7G52050","scaffold_7_RagTag:0-26551907",23824421,23826181,1760,2411.25,1
"256","BOR_v1","AL4G11740","scaffold_4_RagTag:18000-22695972",956713,959370,2657,3343.75,1
"266","BOR_v1","AL1G56790","scaffold_1_RagTag:0-28294041",24485808,24486922,1114,1361.25,1
"285","BOR_v1","AL2G29950","scaffold_2_RagTag:0-21425966",16625126,16627843,2717,3397.5,1
"296","BOR_v1","AL3G22540","scaffold_3_RagTag:0-24937921",4486397,4487289,892,1115,1
"305","BOR_v1","AL7G14700","scaffold_7_RagTag:0-26551907",1814607,1817444,2837,3436.25,1
"3110","BOR_v1","AL7G17000","scaffold_7_RagTag:0-26551907",2786849,2789257,2408,3012.5,1
"326","BOR_v1","AL8G23980","scaffold_8_RagTag:0-21093757",11889925,11892483,2558,3198.75,1
"336","BOR_v1","AL1G44620","scaffold_1_RagTag:0-28294041",13661252,13665257,4005,5038.75,1
"346","BOR_v1","AL1G32880","scaffold_1_RagTag:0-28294041",8606284,8607611,1327,1592.5,1
"356","BOR_v1","AL3G41310","scaffold_3_RagTag:0-24937921",12332189,12333955,1766,2193.75,1
"366","BOR_v1","AL8G16570","scaffold_8_RagTag:0-21093757",3615422,3617063,1641,2277.5,1
"376","BOR_v1","AL2G25840","scaffold_2_RagTag:0-21425966",14571098,14574872,3774,4706.25,1
"386","BOR_v1","AL4G44060","scaffold_4_RagTag:18000-22695972",21188327,21194782,6455,8181.25,1
"396","BOR_v1","AL6G36110","scaffold_6_RagTag:0-24760478",10503906,10505997,2091,2593.75,1
"406","BOR_v1","AL8G32740","scaffold_8_RagTag:0-21093757",16076466,16082621,6155,7657.5,1
"419","BOR_v1","AL1G40480","scaffold_1_RagTag:0-28294041",11673788,11680671,6883,8606.25,1
"426","BOR_v1","AL4G23330","scaffold_4_RagTag:18000-22695972",12572114,12574934,2820,3543.75,1
"436","BOR_v1","AL6G24590","scaffold_6_RagTag:0-24760478",5663734,5666596,2862,3593.75,1
"446","BOR_v1","AL1G31800","scaffold_1_RagTag:0-28294041",8210853,8215623,4770,5962.5,1
"456","BOR_v1","AL6G10970","scaffold_6_RagTag:0-24760478",348356,351907,3551,4407.5,1
"466","BOR_v1","AL1G11800","scaffold_1_RagTag:0-28294041",693192,695924,2732,3423.75,1
"476","BOR_v1","AL1G13710","scaffold_1_RagTag:0-28294041",1399522,1402568,3046,3810,1
"486","BOR_v1","AL6G51420","scaffold_6_RagTag:0-24760478",23803155,23805284,2129,2703.75,1
"495","BOR_v1","AL4G14860","scaffold_4_RagTag:18000-22695972",2678839,2681541,2702,3381.25,1
"502","BOR_v1","AL8G19860","scaffold_8_RagTag:0-21093757",9123771,9125563,1792,2268.75,1
"127","F1-14.ragtag.scaffold_chr","AL4G22470","scaffold_4_RagTag",11772295,11776509,4214,5281.25,1
"227","F1-14.ragtag.scaffold_chr","AL7G49290","scaffold_7_RagTag",26956844,26958607,1763,2215,1
"327","F1-14.ragtag.scaffold_chr","AL5G14830","scaffold_5_RagTag",2608867,2611211,2344,2908.75,1
"420","F1-14.ragtag.scaffold_chr","AL1G38960","scaffold_1_RagTag",12327909,12329257,1348,1721.25,1
"67","F1-14.ragtag.scaffold_chr","AL7G37080","scaffold_7_RagTag",12285188,12287200,2012,2473.75,1
"77","F1-14.ragtag.scaffold_chr","AL7G29360","scaffold_7_RagTag",8597931,8600321,2390,3018.75,1
"87","F1-14.ragtag.scaffold_chr","AL4G35580","scaffold_4_RagTag",17229614,17230645,1031,1287.5,1
"97","F1-14.ragtag.scaffold_chr","AL3G22630","scaffold_3_RagTag",5225353,5226309,956,1207.5,1
"107","F1-14.ragtag.scaffold_chr","AL6G36570","scaffold_6_RagTag",9450839,9451418,579,727.5,1
"1111","F1-14.ragtag.scaffold_chr","AL6G40140","scaffold_6_RagTag",11615239,11626909,11670,14951.25,1
"128","F1-14.ragtag.scaffold_chr","AL8G11370","scaffold_8_RagTag",480818,485646,4828,6021.25,1
"136","F1-14.ragtag.scaffold_chr","AL2G37500","scaffold_2_RagTag",22199164,22208776,9612,12023.75,1
"147","F1-14.ragtag.scaffold_chr","AL3G47290","scaffold_3_RagTag",21733846,21736077,2231,2827.5,1
"157","F1-14.ragtag.scaffold_chr","AL5G16540","scaffold_5_RagTag",3735904,3737918,2014,2497.5,1
"167","F1-14.ragtag.scaffold_chr","AL8G17880","scaffold_8_RagTag",5161560,5168691,7131,8911.25,1
"177","F1-14.ragtag.scaffold_chr","AL8G10660","scaffold_8_RagTag",154912,158092,3180,3978.75,1
"187","F1-14.ragtag.scaffold_chr","AL3G16870","scaffold_3_RagTag",2835255,2836547,1292,1616.25,1
"197","F1-14.ragtag.scaffold_chr","AL4G35500","scaffold_4_RagTag",17264981,17266007,1026,1283.75,1
"207","F1-14.ragtag.scaffold_chr","AL4G10190","scaffold_2_RagTag",3698074,3698839,765,1041.25,1
"2111","F1-14.ragtag.scaffold_chr","AL1G40880","scaffold_1_RagTag",13271525,13274830,3305,4146.25,1
"228","F1-14.ragtag.scaffold_chr","AL4G44420","scaffold_4_RagTag",23044775,23046835,2060,2601.25,1
"237","F1-14.ragtag.scaffold_chr","AL1G44510","scaffold_1_RagTag",15052454,15054661,2207,2793.75,1
"247","F1-14.ragtag.scaffold_chr","AL3G25980","scaffold_3_RagTag",6495391,6497211,1820,2281.25,1
"257","F1-14.ragtag.scaffold_chr","AL7G52050","scaffold_7_RagTag",25590989,25592909,1920,2411.25,1
"276","F1-14.ragtag.scaffold_chr","AL4G11740","scaffold_4_RagTag",218592,221046,2454,3343.75,1
"286","F1-14.ragtag.scaffold_chr","AL1G56790","scaffold_1_RagTag",25274647,25275767,1120,1361.25,1
"306","F1-14.ragtag.scaffold_chr","AL2G29950","scaffold_2_RagTag",18952486,18955196,2710,3397.5,1
"3111","F1-14.ragtag.scaffold_chr","AL3G22540","scaffold_3_RagTag",5119200,5119870,670,1115,1
"337","F1-14.ragtag.scaffold_chr","AL7G14700","scaffold_7_RagTag",1987068,1989814,2746,3436.25,1
"347","F1-14.ragtag.scaffold_chr","AL7G17000","scaffold_7_RagTag",3048568,3050977,2409,3012.5,1
"357","F1-14.ragtag.scaffold_chr","AL8G23980","scaffold_8_RagTag",13102474,13105034,2560,3198.75,1
"367","F1-14.ragtag.scaffold_chr","AL1G44620","scaffold_1_RagTag",15106132,15110163,4031,5038.75,1
"377","F1-14.ragtag.scaffold_chr","AL1G32880","scaffold_1_RagTag",9893359,9894690,1331,1592.5,1
"387","F1-14.ragtag.scaffold_chr","AL3G41310","scaffold_3_RagTag",13483546,13485303,1757,2193.75,1
"397","F1-14.ragtag.scaffold_chr","AL8G16570","scaffold_8_RagTag",4151552,4153378,1826,2277.5,1
"4110","F1-14.ragtag.scaffold_chr","AL2G25840","scaffold_2_RagTag",16807521,16811277,3756,4706.25,1
"427","F1-14.ragtag.scaffold_chr","AL4G44060","scaffold_4_RagTag",22888610,22895037,6427,8181.25,1
"437","F1-14.ragtag.scaffold_chr","AL6G36110","scaffold_6_RagTag",9061618,9063710,2092,2593.75,1
"447","F1-14.ragtag.scaffold_chr","AL8G32740","scaffold_8_RagTag",17345814,17351933,6119,7657.5,1
"457","F1-14.ragtag.scaffold_chr","AL1G40480","scaffold_1_RagTag",13110795,13117610,6815,8606.25,1
"477","F1-14.ragtag.scaffold_chr","AL4G23330","scaffold_4_RagTag",12878253,12881038,2785,3543.75,1
"487","F1-14.ragtag.scaffold_chr","AL6G24590","scaffold_6_RagTag",3948772,3951614,2842,3593.75,1
"496","F1-14.ragtag.scaffold_chr","AL1G31800","scaffold_1_RagTag",9449396,9454171,4775,5962.5,1
"503","F1-14.ragtag.scaffold_chr","AL6G10970","scaffold_6_RagTag",357034,360594,3560,4407.5,1
"511","F1-14.ragtag.scaffold_chr","AL1G11800","scaffold_1_RagTag",652679,655316,2637,3423.75,1
"521","F1-14.ragtag.scaffold_chr","AL1G13710","scaffold_1_RagTag",2237130,2240183,3053,3810,1
"531","F1-14.ragtag.scaffold_chr","AL6G51420","scaffold_4_RagTag",14830524,14832653,2129,2703.75,1
"551","F1-14.ragtag.scaffold_chr","AL4G14860","scaffold_4_RagTag",2673470,2676178,2708,3381.25,1
"561","F1-14.ragtag.scaffold_chr","AL8G19860","scaffold_8_RagTag",10386803,10388589,1786,2268.75,1
"129","KN003hexa_v0","AL4G22470","scaffold_4_RagTag",13160727,13164968,4241,5281.25,1
"229","KN003hexa_v0","AL7G49290","scaffold_7_RagTag",25321173,25322944,1771,2215,1
"328","KN003hexa_v0","AL5G14830","scaffold_5_RagTag",2560539,2562648,2109,2908.75,1
"428","KN003hexa_v0","AL1G38960","scaffold_1_RagTag",11432262,11433619,1357,1721.25,1
"59","KN003hexa_v0","AL7G37080","scaffold_7_RagTag",11337471,11339443,1972,2473.75,1
"68","KN003hexa_v0","AL7G29360","scaffold_7_RagTag",7780770,7783184,2414,3018.75,1
"78","KN003hexa_v0","AL4G35580","scaffold_4_RagTag",19725283,19726314,1031,1287.5,1
"88","KN003hexa_v0","AL3G22630","scaffold_3_RagTag",4761549,4762514,965,1207.5,1
"98","KN003hexa_v0","AL6G36570","scaffold_6_RagTag",10820667,10821243,576,727.5,1
"108","KN003hexa_v0","AL6G40140","scaffold_6_RagTag",13264560,13278450,13890,14951.25,1
"1112","KN003hexa_v0","AL1G56960","scaffold_1_RagTag",26094050,26095944,1894,2368.75,1
"1210","KN003hexa_v0","AL8G11370","scaffold_8_RagTag",582419,587234,4815,6021.25,1
"137","KN003hexa_v0","AL2G37500","scaffold_2_RagTag",20508207,20517819,9612,12023.75,1
"148","KN003hexa_v0","AL3G47290","scaffold_3_RagTag",20709947,20712193,2246,2827.5,1
"158","KN003hexa_v0","AL5G16540","scaffold_5_RagTag",3411320,3413317,1997,2497.5,1
"168","KN003hexa_v0","AL8G17880","scaffold_8_RagTag",4528711,4535841,7130,8911.25,1
"178","KN003hexa_v0","AL8G10660","scaffold_8_RagTag",267544,270727,3183,3978.75,1
"188","KN003hexa_v0","AL3G16870","scaffold_3_RagTag",2560853,2562145,1292,1616.25,1
"198","KN003hexa_v0","AL4G35500","scaffold_4_RagTag",19694156,19695182,1026,1283.75,1
"208","KN003hexa_v0","AL4G10190","scaffold_4_RagTag",246554,247386,832,1041.25,1
"2112","KN003hexa_v0","AL1G40880","scaffold_1_RagTag",12270797,12274114,3317,4146.25,1
"2210","KN003hexa_v0","AL4G44420","scaffold_4_RagTag",23195060,23197233,2173,2601.25,1
"238","KN003hexa_v0","AL1G44510","scaffold_1_RagTag",14060690,14062931,2241,2793.75,1
"248","KN003hexa_v0","AL3G25980","scaffold_3_RagTag",5980674,5982498,1824,2281.25,1
"258","KN003hexa_v0","AL7G52050","scaffold_7_RagTag",23789477,23791405,1928,2411.25,1
"267","KN003hexa_v0","AL4G11740","scaffold_4_RagTag",981486,984160,2674,3343.75,1
"287","KN003hexa_v0","AL1G56790","scaffold_1_RagTag",25992167,25993253,1086,1361.25,1
"297","KN003hexa_v0","AL2G29950","scaffold_2_RagTag",17358183,17360900,2717,3397.5,1
"307","KN003hexa_v0","AL3G22540","scaffold_3_RagTag",4725129,4726015,886,1115,1
"3112","KN003hexa_v0","AL7G14700","scaffold_7_RagTag",1790581,1793328,2747,3436.25,1
"329","KN003hexa_v0","AL7G17000","scaffold_7_RagTag",2755640,2758048,2408,3012.5,1
"338","KN003hexa_v0","AL8G23980","scaffold_8_RagTag",11910046,11912604,2558,3198.75,1
"348","KN003hexa_v0","AL1G44620","scaffold_1_RagTag",14115932,14119962,4030,5038.75,1
"358","KN003hexa_v0","AL1G32880","scaffold_1_RagTag",8651115,8652387,1272,1592.5,1
"368","KN003hexa_v0","AL3G41310","scaffold_3_RagTag",12888770,12890522,1752,2193.75,1
"378","KN003hexa_v0","AL8G16570","scaffold_8_RagTag",3566060,3567852,1792,2277.5,1
"388","KN003hexa_v0","AL2G25840","scaffold_2_RagTag",15201893,15205636,3743,4706.25,1
"398","KN003hexa_v0","AL4G44060","scaffold_4_RagTag",23047247,23053787,6540,8181.25,1
"407","KN003hexa_v0","AL6G36110","scaffold_6_RagTag",10456204,10458308,2104,2593.75,1
"4111","KN003hexa_v0","AL8G32740","scaffold_8_RagTag",16276322,16282445,6123,7657.5,1
"429","KN003hexa_v0","AL1G40480","scaffold_1_RagTag",12105581,12112464,6883,8606.25,1
"438","KN003hexa_v0","AL4G23330","scaffold_4_RagTag",14278091,14280925,2834,3543.75,1
"448","KN003hexa_v0","AL6G24590","scaffold_6_RagTag",5482406,5485282,2876,3593.75,1
"458","KN003hexa_v0","AL1G31800","scaffold_1_RagTag",8248928,8253698,4770,5962.5,1
"467","KN003hexa_v0","AL6G10970","scaffold_6_RagTag",353980,357509,3529,4407.5,1
"478","KN003hexa_v0","AL1G11800","scaffold_1_RagTag",683209,685946,2737,3423.75,1
"488","KN003hexa_v0","AL1G13710","scaffold_1_RagTag",1367919,1370972,3053,3810,1
"497","KN003hexa_v0","AL6G51420","scaffold_6_RagTag",24094871,24097015,2144,2703.75,1
"504","KN003hexa_v0","AL4G14860","scaffold_4_RagTag",3135782,3138473,2691,3381.25,1
"512","KN003hexa_v0","AL8G19860","scaffold_8_RagTag",8846372,8848166,1794,2268.75,1
"130","KN005_v1","AL4G22470","scaffold_4_RagTag",11874102,11878343,4241,5281.25,1
"230","KN005_v1","AL7G49290","scaffold_7_RagTag",25757170,25758941,1771,2215,1
"330","KN005_v1","AL5G14830","scaffold_5_RagTag",2622990,2625317,2327,2908.75,1
"430","KN005_v1","AL1G38960","scaffold_1_RagTag",11238710,11240067,1357,1721.25,1
"510","KN005_v1","AL7G37080","scaffold_7_RagTag",11357767,11359742,1975,2473.75,1
"69","KN005_v1","AL7G29360","scaffold_7_RagTag",7765718,7768132,2414,3018.75,1
"79","KN005_v1","AL4G35580","scaffold_4_RagTag",18378577,18379607,1030,1287.5,1
"89","KN005_v1","AL3G22630","scaffold_3_RagTag",4687566,4688531,965,1207.5,1
"99","KN005_v1","AL6G36570","scaffold_6_RagTag",10659592,10660168,576,727.5,1
"109","KN005_v1","AL6G40140","scaffold_6_RagTag",13139472,13151415,11943,14951.25,1
"1113","KN005_v1","AL1G56960","scaffold_1_RagTag",25647861,25649755,1894,2368.75,1
"1211","KN005_v1","AL8G11370","scaffold_8_RagTag",681243,686095,4852,6021.25,1
"138","KN005_v1","AL2G37500","scaffold_2_RagTag",21070995,21080607,9612,12023.75,1
"149","KN005_v1","AL3G47290","scaffold_3_RagTag",20264042,20266303,2261,2827.5,1
"159","KN005_v1","AL5G16540","scaffold_5_RagTag",3468724,3470719,1995,2497.5,1
"169","KN005_v1","AL8G17880","scaffold_8_RagTag",4601328,4608459,7131,8911.25,1
"179","KN005_v1","AL8G10660","scaffold_8_RagTag",286048,289231,3183,3978.75,1
"189","KN005_v1","AL3G16870","scaffold_3_RagTag",2474697,2475989,1292,1616.25,1
"199","KN005_v1","AL4G35500","scaffold_4_RagTag",18336026,18337052,1026,1283.75,1
"209","KN005_v1","AL4G10190","scaffold_4_RagTag",110525,111357,832,1041.25,1
"2113","KN005_v1","AL1G40880","scaffold_1_RagTag",12082175,12085492,3317,4146.25,1
"2211","KN005_v1","AL4G44420","scaffold_4_RagTag",21885996,21888076,2080,2601.25,1
"239","KN005_v1","AL1G44510","scaffold_1_RagTag",13760111,13762352,2241,2793.75,1
"249","KN005_v1","AL3G25980","scaffold_3_RagTag",5913628,5915428,1800,2281.25,1
"259","KN005_v1","AL7G52050","scaffold_7_RagTag",24180767,24182553,1786,2411.25,1
"268","KN005_v1","AL4G11740","scaffold_4_RagTag",762768,765442,2674,3343.75,1
"277","KN005_v1","AL1G56790","scaffold_1_RagTag",25557782,25558869,1087,1361.25,1
"288","KN005_v1","AL2G29950","scaffold_2_RagTag",17860942,17863643,2701,3397.5,1
"298","KN005_v1","AL3G22540","scaffold_3_RagTag",4652568,4653440,872,1115,1
"308","KN005_v1","AL7G14700","scaffold_7_RagTag",1784943,1787690,2747,3436.25,1
"3113","KN005_v1","AL7G17000","scaffold_7_RagTag",2737121,2739529,2408,3012.5,1
"3210","KN005_v1","AL8G23980","scaffold_8_RagTag",11920625,11923184,2559,3198.75,1
"339","KN005_v1","AL1G44620","scaffold_1_RagTag",13818405,13822436,4031,5038.75,1
"349","KN005_v1","AL1G32880","scaffold_1_RagTag",8648292,8649564,1272,1592.5,1
"359","KN005_v1","AL3G41310","scaffold_3_RagTag",12655746,12657500,1754,2193.75,1
"369","KN005_v1","AL8G16570","scaffold_8_RagTag",3688614,3690290,1676,2277.5,1
"379","KN005_v1","AL2G25840","scaffold_2_RagTag",15609762,15613544,3782,4706.25,1
"389","KN005_v1","AL4G44060","scaffold_4_RagTag",21735301,21741841,6540,8181.25,1
"399","KN005_v1","AL6G36110","scaffold_6_RagTag",10360571,10362662,2091,2593.75,1
"408","KN005_v1","AL8G32740","scaffold_8_RagTag",16106140,16112268,6128,7657.5,1
"4112","KN005_v1","AL1G40480","scaffold_1_RagTag",11910932,11917792,6860,8606.25,1
"439","KN005_v1","AL4G23330","scaffold_4_RagTag",12909081,12911915,2834,3543.75,1
"449","KN005_v1","AL6G24590","scaffold_6_RagTag",5455115,5458003,2888,3593.75,1
"459","KN005_v1","AL1G31800","scaffold_1_RagTag",8258571,8263327,4756,5962.5,1
"468","KN005_v1","AL6G10970","scaffold_6_RagTag",340449,343975,3526,4407.5,1
"479","KN005_v1","AL1G11800","scaffold_1_RagTag",702506,705243,2737,3423.75,1
"489","KN005_v1","AL1G13710","scaffold_1_RagTag",1415237,1418282,3045,3810,1
"498","KN005_v1","AL6G51420","scaffold_6_RagTag",23357892,23360036,2144,2703.75,1
"505","KN005_v1","AL4G14860","scaffold_4_RagTag",2764239,2766931,2692,3381.25,1
"513","KN005_v1","AL8G19860","scaffold_8_RagTag",8816326,8818120,1794,2268.75,1
"139","KN006_v1","AL4G22470","scaffold_4_RagTag",12808674,12812693,4019,5281.25,1
"240","KN006_v1","AL7G49290","scaffold_7_RagTag",27434109,27435880,1771,2215,1
"340","KN006_v1","AL5G14830","scaffold_5_RagTag",2963128,2965456,2328,2908.75,1
"440","KN006_v1","AL1G38960","scaffold_1_RagTag",11579726,11581076,1350,1721.25,1
"514","KN006_v1","AL7G37080","scaffold_7_RagTag",12132910,12134882,1972,2473.75,1
"610","KN006_v1","AL7G29360","scaffold_7_RagTag",8107135,8109543,2408,3018.75,1
"710","KN006_v1","AL4G35580","scaffold_4_RagTag",19763320,19764352,1032,1287.5,1
"810","KN006_v1","AL3G22630","scaffold_3_RagTag",4813962,4814927,965,1207.5,1
"910","KN006_v1","AL6G36570","scaffold_6_RagTag",11108717,11109296,579,727.5,1
"1010","KN006_v1","AL6G40140","scaffold_6_RagTag",13471088,13483049,11961,14951.25,1
"1114","KN006_v1","AL1G56960","scaffold_1_RagTag",26941041,26942935,1894,2368.75,1
"1212","KN006_v1","AL8G11370","scaffold_8_RagTag",658770,663586,4816,6021.25,1
"1310","KN006_v1","AL2G37500","scaffold_2_RagTag",22272834,22282452,9618,12023.75,1
"1410","KN006_v1","AL3G47290","scaffold_3_RagTag",22663602,22665863,2261,2827.5,1
"1510","KN006_v1","AL5G16540","scaffold_5_RagTag",5363643,5365640,1997,2497.5,1
"1610","KN006_v1","AL8G17880","scaffold_8_RagTag",4874456,4881586,7130,8911.25,1
"1710","KN006_v1","AL8G10660","scaffold_8_RagTag",334182,337364,3182,3978.75,1
"1810","KN006_v1","AL3G16870","scaffold_3_RagTag",2583957,2585249,1292,1616.25,1
"1910","KN006_v1","AL4G35500","scaffold_4_RagTag",19739945,19740971,1026,1283.75,1
"2010","KN006_v1","AL4G10190","scaffold_4_RagTag",150450,151290,840,1041.25,1
"2114","KN006_v1","AL1G40880","scaffold_1_RagTag",12524826,12528137,3311,4146.25,1
"2212","KN006_v1","AL4G44420","scaffold_4_RagTag",23283879,23285959,2080,2601.25,1
"2310","KN006_v1","AL1G44510","scaffold_1_RagTag",14337692,14339933,2241,2793.75,1
"2410","KN006_v1","AL3G25980","scaffold_3_RagTag",6113822,6115646,1824,2281.25,1
"2510","KN006_v1","AL7G52050","scaffold_7_RagTag",25235981,25237906,1925,2411.25,1
"269","KN006_v1","AL4G11740","scaffold_4_RagTag",868964,871639,2675,3343.75,1
"278","KN006_v1","AL1G56790","scaffold_1_RagTag",26858145,26859232,1087,1361.25,1
"289","KN006_v1","AL2G29950","scaffold_2_RagTag",19181988,19184692,2704,3397.5,1
"299","KN006_v1","AL3G22540","scaffold_3_RagTag",4771293,4772184,891,1115,1
"309","KN006_v1","AL7G14700","scaffold_7_RagTag",1813280,1816027,2747,3436.25,1
"3114","KN006_v1","AL7G17000","scaffold_7_RagTag",2819858,2822267,2409,3012.5,1
"3211","KN006_v1","AL8G23980","scaffold_8_RagTag",12668065,12670608,2543,3198.75,1
"3310","KN006_v1","AL1G44620","scaffold_1_RagTag",14397039,14401070,4031,5038.75,1
"3410","KN006_v1","AL1G32880","scaffold_1_RagTag",8893551,8894824,1273,1592.5,1
"3510","KN006_v1","AL3G41310","scaffold_3_RagTag",13978192,13979946,1754,2193.75,1
"3610","KN006_v1","AL8G16570","scaffold_8_RagTag",3979358,3981186,1828,2277.5,1
"3710","KN006_v1","AL2G25840","scaffold_2_RagTag",16901371,16905154,3783,4706.25,1
"3810","KN006_v1","AL4G44060","scaffold_4_RagTag",23136290,23142830,6540,8181.25,1
"3910","KN006_v1","AL6G36110","scaffold_6_RagTag",10735170,10737261,2091,2593.75,1
"409","KN006_v1","AL8G32740","scaffold_8_RagTag",17006201,17012329,6128,7657.5,1
"4113","KN006_v1","AL1G40480","scaffold_1_RagTag",12366141,12373002,6861,8606.25,1
"4310","KN006_v1","AL4G23330","scaffold_4_RagTag",13936213,13939047,2834,3543.75,1
"4410","KN006_v1","AL6G24590","scaffold_6_RagTag",5715262,5718713,3451,3593.75,1
"4510","KN006_v1","AL1G31800","scaffold_1_RagTag",8458409,8463173,4764,5962.5,1
"469","KN006_v1","AL6G10970","scaffold_6_RagTag",340197,343722,3525,4407.5,1
"4710","KN006_v1","AL1G11800","scaffold_1_RagTag",678613,681351,2738,3423.75,1
"4810","KN006_v1","AL1G13710","scaffold_1_RagTag",1413144,1416197,3053,3810,1
"499","KN006_v1","AL6G51420","scaffold_6_RagTag",23179338,23181504,2166,2703.75,1
"506","KN006_v1","AL4G14860","scaffold_4_RagTag",2935767,2938476,2709,3381.25,1
"515","KN006_v1","AL8G19860","scaffold_8_RagTag",8928252,8930077,1825,2268.75,1
"140","MN47_mabs_v3","AL4G22470","scaffold_4_RagTag",12947037,12951276,4239,5281.25,1
"250","MN47_mabs_v3","AL7G49290","scaffold_7_RagTag",27227210,27228981,1771,2215,1
"350","MN47_mabs_v3","AL5G14830","scaffold_5_RagTag",2332950,2335278,2328,2908.75,1
"450","MN47_mabs_v3","AL1G38960","scaffold_1_RagTag",11354647,11356023,1376,1721.25,1
"516","MN47_mabs_v3","AL7G37080","scaffold_7_RagTag",11650185,11652163,1978,2473.75,1
"611","MN47_mabs_v3","AL7G29360","scaffold_7_RagTag",8020894,8023308,2414,3018.75,1
"711","MN47_mabs_v3","AL4G35580","scaffold_4_RagTag",19575604,19576633,1029,1287.5,1
"811","MN47_mabs_v3","AL3G22630","scaffold_3_RagTag",4618551,4619516,965,1207.5,1
"911","MN47_mabs_v3","AL6G36570","scaffold_6_RagTag",11159052,11159633,581,727.5,1
"1011","MN47_mabs_v3","AL6G40140","scaffold_6_RagTag",13555570,13567530,11960,14951.25,1
"1115","MN47_mabs_v3","AL1G56960","scaffold_1_RagTag",25921200,25923094,1894,2368.75,1
"1213","MN47_mabs_v3","AL8G11370","scaffold_8_RagTag",640373,645189,4816,6021.25,1
"1311","MN47_mabs_v3","AL2G37500","scaffold_2_RagTag",21614004,21623622,9618,12023.75,1
"1411","MN47_mabs_v3","AL3G47290","scaffold_3_RagTag",20980847,20983108,2261,2827.5,1
"1511","MN47_mabs_v3","AL5G16540","scaffold_5_RagTag",3304179,3306176,1997,2497.5,1
"1611","MN47_mabs_v3","AL8G17880","scaffold_8_RagTag",4865217,4872332,7115,8911.25,1
"1711","MN47_mabs_v3","AL8G10660","scaffold_8_RagTag",303038,306220,3182,3978.75,1
"1811","MN47_mabs_v3","AL3G16870","scaffold_3_RagTag",2531385,2532677,1292,1616.25,1
"1911","MN47_mabs_v3","AL4G35500","scaffold_4_RagTag",19540466,19541492,1026,1283.75,1
"2011","MN47_mabs_v3","AL4G10190","scaffold_4_RagTag",287636,288468,832,1041.25,1
"2115","MN47_mabs_v3","AL1G40880","scaffold_1_RagTag",12190487,12193803,3316,4146.25,1
"2213","MN47_mabs_v3","AL4G44420","scaffold_4_RagTag",23107432,23109512,2080,2601.25,1
"2311","MN47_mabs_v3","AL1G44510","scaffold_1_RagTag",13880121,13882355,2234,2793.75,1
"2411","MN47_mabs_v3","AL3G25980","scaffold_3_RagTag",5889715,5891539,1824,2281.25,1
"2511","MN47_mabs_v3","AL7G52050","scaffold_7_RagTag",25377162,25379090,1928,2411.25,1
"2610","MN47_mabs_v3","AL4G11740","scaffold_4_RagTag",1018656,1021330,2674,3343.75,1
"279","MN47_mabs_v3","AL1G56790","scaffold_1_RagTag",25820707,25821795,1088,1361.25,1
"2810","MN47_mabs_v3","AL2G29950","scaffold_2_RagTag",18536466,18539188,2722,3397.5,1
"2910","MN47_mabs_v3","AL3G22540","scaffold_3_RagTag",4578912,4579803,891,1115,1
"3010","MN47_mabs_v3","AL7G14700","scaffold_7_RagTag",1892252,1894999,2747,3436.25,1
"3115","MN47_mabs_v3","AL7G17000","scaffold_7_RagTag",2901434,2903843,2409,3012.5,1
"3212","MN47_mabs_v3","AL8G23980","scaffold_8_RagTag",14618894,14621452,2558,3198.75,1
"3311","MN47_mabs_v3","AL1G44620","scaffold_1_RagTag",13934539,13938569,4030,5038.75,1
"3411","MN47_mabs_v3","AL1G32880","scaffold_1_RagTag",8708383,8709656,1273,1592.5,1
"3511","MN47_mabs_v3","AL3G41310","scaffold_3_RagTag",13297897,13299651,1754,2193.75,1
"3611","MN47_mabs_v3","AL8G16570","scaffold_8_RagTag",3910463,3912284,1821,2277.5,1
"3711","MN47_mabs_v3","AL2G25840","scaffold_2_RagTag",16374749,16378513,3764,4706.25,1
"3811","MN47_mabs_v3","AL4G44060","scaffold_4_RagTag",22958523,22965067,6544,8181.25,1
"3911","MN47_mabs_v3","AL6G36110","scaffold_6_RagTag",10827734,10829808,2074,2593.75,1
"4010","MN47_mabs_v3","AL8G32740","scaffold_8_RagTag",18908529,18914654,6125,7657.5,1
"4114","MN47_mabs_v3","AL1G40480","scaffold_1_RagTag",12027922,12034806,6884,8606.25,1
"4311","MN47_mabs_v3","AL4G23330","scaffold_4_RagTag",14000522,14003356,2834,3543.75,1
"4411","MN47_mabs_v3","AL6G24590","scaffold_6_RagTag",5666384,5669258,2874,3593.75,1
"4511","MN47_mabs_v3","AL1G31800","scaffold_1_RagTag",8245918,8250687,4769,5962.5,1
"4610","MN47_mabs_v3","AL6G10970","scaffold_6_RagTag",366320,369845,3525,4407.5,1
"4711","MN47_mabs_v3","AL1G11800","scaffold_1_RagTag",643403,646141,2738,3423.75,1
"4811","MN47_mabs_v3","AL1G13710","scaffold_1_RagTag",1323342,1326389,3047,3810,1
"4910","MN47_mabs_v3","AL6G51420","scaffold_6_RagTag",24121338,24123500,2162,2703.75,1
"507","MN47_mabs_v3","AL4G14860","scaffold_4_RagTag",3024285,3026989,2704,3381.25,1
"517","MN47_mabs_v3","AL8G19860","scaffold_8_RagTag",10799846,10801660,1814,2268.75,1
"150","MN47_v4","AL4G22470","scaffold_4_RagTag",12947037,12951276,4239,5281.25,1
"260","MN47_v4","AL7G49290","scaffold_7_RagTag",27227210,27228981,1771,2215,1
"360","MN47_v4","AL5G14830","scaffold_5_RagTag",2332950,2335278,2328,2908.75,1
"460","MN47_v4","AL1G38960","scaffold_1_RagTag",11354647,11356023,1376,1721.25,1
"518","MN47_v4","AL7G37080","scaffold_7_RagTag",11650185,11652163,1978,2473.75,1
"612","MN47_v4","AL7G29360","scaffold_7_RagTag",8020894,8023308,2414,3018.75,1
"712","MN47_v4","AL4G35580","scaffold_4_RagTag",19575604,19576633,1029,1287.5,1
"812","MN47_v4","AL3G22630","scaffold_3_RagTag",4618551,4619516,965,1207.5,1
"912","MN47_v4","AL6G36570","scaffold_6_RagTag",11159052,11159633,581,727.5,1
"1012","MN47_v4","AL6G40140","scaffold_6_RagTag",13555570,13567530,11960,14951.25,1
"1116","MN47_v4","AL1G56960","scaffold_1_RagTag",25889438,25891332,1894,2368.75,1
"1214","MN47_v4","AL8G11370","scaffold_8_RagTag",640373,645189,4816,6021.25,1
"1312","MN47_v4","AL2G37500","scaffold_2_RagTag",21614004,21623622,9618,12023.75,1
"1412","MN47_v4","AL3G47290","scaffold_3_RagTag",20980847,20983108,2261,2827.5,1
"1512","MN47_v4","AL5G16540","scaffold_5_RagTag",3304179,3306176,1997,2497.5,1
"1612","MN47_v4","AL8G17880","scaffold_8_RagTag",4865217,4872332,7115,8911.25,1
"1712","MN47_v4","AL8G10660","scaffold_8_RagTag",303038,306220,3182,3978.75,1
"1812","MN47_v4","AL3G16870","scaffold_3_RagTag",2531385,2532677,1292,1616.25,1
"1912","MN47_v4","AL4G35500","scaffold_4_RagTag",19540466,19541492,1026,1283.75,1
"2012","MN47_v4","AL4G10190","scaffold_4_RagTag",287636,288468,832,1041.25,1
"2116","MN47_v4","AL1G40880","scaffold_1_RagTag",12190487,12193803,3316,4146.25,1
"2214","MN47_v4","AL4G44420","scaffold_4_RagTag",23107432,23109512,2080,2601.25,1
"2312","MN47_v4","AL1G44510","scaffold_1_RagTag",13880121,13882355,2234,2793.75,1
"2412","MN47_v4","AL3G25980","scaffold_3_RagTag",5889715,5891539,1824,2281.25,1
"2512","MN47_v4","AL7G52050","scaffold_7_RagTag",25377162,25379090,1928,2411.25,1
"2611","MN47_v4","AL4G11740","scaffold_4_RagTag",1018656,1021330,2674,3343.75,1
"2710","MN47_v4","AL1G56790","scaffold_1_RagTag",25788945,25790033,1088,1361.25,1
"2811","MN47_v4","AL2G29950","scaffold_2_RagTag",18536466,18539188,2722,3397.5,1
"2911","MN47_v4","AL3G22540","scaffold_3_RagTag",4578912,4579803,891,1115,1
"3011","MN47_v4","AL7G14700","scaffold_7_RagTag",1892252,1894999,2747,3436.25,1
"3116","MN47_v4","AL7G17000","scaffold_7_RagTag",2901434,2903843,2409,3012.5,1
"3213","MN47_v4","AL8G23980","scaffold_8_RagTag",14618894,14621452,2558,3198.75,1
"3312","MN47_v4","AL1G44620","scaffold_1_RagTag",13934539,13938569,4030,5038.75,1
"3412","MN47_v4","AL1G32880","scaffold_1_RagTag",8708383,8709656,1273,1592.5,1
"3512","MN47_v4","AL3G41310","scaffold_3_RagTag",13297897,13299651,1754,2193.75,1
"3612","MN47_v4","AL8G16570","scaffold_8_RagTag",3910463,3912284,1821,2277.5,1
"3712","MN47_v4","AL2G25840","scaffold_2_RagTag",16374749,16378513,3764,4706.25,1
"3812","MN47_v4","AL4G44060","scaffold_4_RagTag",22958523,22965067,6544,8181.25,1
"3912","MN47_v4","AL6G36110","scaffold_6_RagTag",10827734,10829808,2074,2593.75,1
"4011","MN47_v4","AL8G32740","scaffold_8_RagTag",18908529,18914654,6125,7657.5,1
"4115","MN47_v4","AL1G40480","scaffold_1_RagTag",12027922,12034806,6884,8606.25,1
"4312","MN47_v4","AL4G23330","scaffold_4_RagTag",14000522,14003356,2834,3543.75,1
"4412","MN47_v4","AL6G24590","scaffold_6_RagTag",5666384,5669258,2874,3593.75,1
"4512","MN47_v4","AL1G31800","scaffold_1_RagTag",8245918,8250687,4769,5962.5,1
"4611","MN47_v4","AL6G10970","scaffold_6_RagTag",366320,369845,3525,4407.5,1
"4712","MN47_v4","AL1G11800","scaffold_1_RagTag",643403,646141,2738,3423.75,1
"4812","MN47_v4","AL1G13710","scaffold_1_RagTag",1323342,1326389,3047,3810,1
"4911","MN47_v4","AL6G51420","scaffold_6_RagTag",24121338,24123500,2162,2703.75,1
"508","MN47_v4","AL4G14860","scaffold_4_RagTag",3024285,3026989,2704,3381.25,1
"519","MN47_v4","AL8G19860","scaffold_8_RagTag",10799846,10801660,1814,2268.75,1
"160","Nla.ragtag.scaffold_chr","AL4G22470","scaffold_4_RagTag",10638185,10642399,4214,5281.25,1
"270","Nla.ragtag.scaffold_chr","AL7G49290","scaffold_7_RagTag",26652296,26654071,1775,2215,1
"370","Nla.ragtag.scaffold_chr","AL5G14830","scaffold_5_RagTag",2102993,2105323,2330,2908.75,1
"470","Nla.ragtag.scaffold_chr","AL1G38960","scaffold_1_RagTag",11334862,11336224,1362,1721.25,1
"520","Nla.ragtag.scaffold_chr","AL7G37080","scaffold_7_RagTag",11363362,11365299,1937,2473.75,1
"613","Nla.ragtag.scaffold_chr","AL7G29360","scaffold_7_RagTag",7800940,7803329,2389,3018.75,1
"713","Nla.ragtag.scaffold_chr","AL4G35580","scaffold_4_RagTag",17257206,17258233,1027,1287.5,1
"813","Nla.ragtag.scaffold_chr","AL3G22630","scaffold_3_RagTag",4421870,4422835,965,1207.5,1
"913","Nla.ragtag.scaffold_chr","AL6G36570","scaffold_6_RagTag",11250630,11251205,575,727.5,1
"1013","Nla.ragtag.scaffold_chr","AL6G40140","scaffold_6_RagTag",13836501,13848451,11950,14951.25,1
"1117","Nla.ragtag.scaffold_chr","AL8G11370","scaffold_8_RagTag",517651,522467,4816,6021.25,1
"1215","Nla.ragtag.scaffold_chr","AL2G37500","scaffold_2_RagTag",20912806,20922410,9604,12023.75,1
"1313","Nla.ragtag.scaffold_chr","AL3G47290","scaffold_3_RagTag",21778474,21780721,2247,2827.5,1
"1413","Nla.ragtag.scaffold_chr","AL5G16540","scaffold_5_RagTag",3055802,3057826,2024,2497.5,1
"1513","Nla.ragtag.scaffold_chr","AL8G17880","scaffold_8_RagTag",4425511,4432642,7131,8911.25,1
"1613","Nla.ragtag.scaffold_chr","AL8G10660","scaffold_8_RagTag",203245,206423,3178,3978.75,1
"1713","Nla.ragtag.scaffold_chr","AL3G16870","scaffold_3_RagTag",2328078,2329368,1290,1616.25,1
"1813","Nla.ragtag.scaffold_chr","AL4G35500","scaffold_4_RagTag",17229460,17230485,1025,1283.75,1
"1913","Nla.ragtag.scaffold_chr","AL4G10190","scaffold_4_RagTag",388841,389606,765,1041.25,1
"2013","Nla.ragtag.scaffold_chr","AL1G40880","scaffold_1_RagTag",12314722,12318036,3314,4146.25,1
"2117","Nla.ragtag.scaffold_chr","AL4G44420","scaffold_4_RagTag",20969062,20971118,2056,2601.25,1
"2215","Nla.ragtag.scaffold_chr","AL1G44510","scaffold_1_RagTag",14008639,14010876,2237,2793.75,1
"2313","Nla.ragtag.scaffold_chr","AL3G25980","scaffold_3_RagTag",5691811,5693631,1820,2281.25,1
"2413","Nla.ragtag.scaffold_chr","AL7G52050","scaffold_7_RagTag",25165094,25166973,1879,2411.25,1
"2513","Nla.ragtag.scaffold_chr","AL4G11740","scaffold_4_RagTag",1018644,1021109,2465,3343.75,1
"2612","Nla.ragtag.scaffold_chr","AL1G56790","scaffold_1_RagTag",24816843,24817963,1120,1361.25,1
"2912","Nla.ragtag.scaffold_chr","AL2G29950","scaffold_2_RagTag",17757053,17759765,2712,3397.5,1
"3012","Nla.ragtag.scaffold_chr","AL3G22540","scaffold_3_RagTag",4321153,4322044,891,1115,1
"3214","Nla.ragtag.scaffold_chr","AL7G14700","scaffold_7_RagTag",1790706,1793451,2745,3436.25,1
"3313","Nla.ragtag.scaffold_chr","AL7G17000","scaffold_7_RagTag",2837486,2839888,2402,3012.5,1
"3413","Nla.ragtag.scaffold_chr","AL8G23980","scaffold_8_RagTag",13563816,13566377,2561,3198.75,1
"3513","Nla.ragtag.scaffold_chr","AL1G44620","scaffold_1_RagTag",14061366,14065406,4040,5038.75,1
"3613","Nla.ragtag.scaffold_chr","AL1G32880","scaffold_1_RagTag",8685402,8686726,1324,1592.5,1
"3713","Nla.ragtag.scaffold_chr","AL3G41310","scaffold_3_RagTag",12582791,12584571,1780,2193.75,1
"3813","Nla.ragtag.scaffold_chr","AL8G16570","scaffold_8_RagTag",3489945,3491737,1792,2277.5,1
"3913","Nla.ragtag.scaffold_chr","AL2G25840","scaffold_2_RagTag",15550703,15554443,3740,4706.25,1
"4012","Nla.ragtag.scaffold_chr","AL4G44060","scaffold_4_RagTag",20812030,20818445,6415,8181.25,1
"4116","Nla.ragtag.scaffold_chr","AL6G36110","scaffold_6_RagTag",10923617,10925704,2087,2593.75,1
"4210","Nla.ragtag.scaffold_chr","AL8G32740","scaffold_8_RagTag",18089194,18095215,6021,7657.5,1
"4313","Nla.ragtag.scaffold_chr","AL1G40480","scaffold_1_RagTag",12175665,12182546,6881,8606.25,1
"4513","Nla.ragtag.scaffold_chr","AL4G23330","scaffold_4_RagTag",11834314,11837111,2797,3543.75,1
"4612","Nla.ragtag.scaffold_chr","AL6G24590","scaffold_6_RagTag",5734094,5736957,2863,3593.75,1
"4713","Nla.ragtag.scaffold_chr","AL1G31800","scaffold_1_RagTag",8282728,8287520,4792,5962.5,1
"4813","Nla.ragtag.scaffold_chr","AL6G10970","scaffold_6_RagTag",347074,350585,3511,4407.5,1
"4912","Nla.ragtag.scaffold_chr","AL1G11800","scaffold_1_RagTag",735304,738052,2748,3423.75,1
"509","Nla.ragtag.scaffold_chr","AL1G13710","scaffold_1_RagTag",1428987,1432038,3051,3810,1
"5110","Nla.ragtag.scaffold_chr","AL6G51420","scaffold_6_RagTag",25340432,25342563,2131,2703.75,1
"522","Nla.ragtag.scaffold_chr","AL4G14860","scaffold_4_RagTag",2634800,2637508,2708,3381.25,1
"541","Nla.ragtag.scaffold_chr","AL8G19860","scaffold_8_RagTag",9833900,9835688,1788,2268.75,1
"170","NT1_v2","AL4G22470","scaffold_4",13536450,13540525,4075,5281.25,1
"280","NT1_v2","AL7G49290","scaffold_7",24953582,24955353,1771,2215,1
"380","NT1_v2","AL5G14830","scaffold_5",2125592,2127894,2302,2908.75,1
"480","NT1_v2","AL1G38960","scaffold_1",11192506,11193807,1301,1721.25,1
"523","NT1_v2","AL7G37080","scaffold_7",11260355,11262341,1986,2473.75,1
"614","NT1_v2","AL7G29360","scaffold_7",7793943,7796333,2390,3018.75,1
"714","NT1_v2","AL4G35580","scaffold_4",19941587,19942619,1032,1287.5,1
"814","NT1_v2","AL3G22630","scaffold_3",4480329,4481294,965,1207.5,1
"914","NT1_v2","AL6G36570","scaffold_6",10631006,10631582,576,727.5,1
"1014","NT1_v2","AL6G40140","scaffold_6",12802972,12814898,11926,14951.25,1
"1118","NT1_v2","AL8G11370","scaffold_8",536584,541398,4814,6021.25,1
"1216","NT1_v2","AL2G37500","scaffold_2",18921488,18931145,9657,12023.75,1
"1314","NT1_v2","AL3G47290","scaffold_3",23347965,23350224,2259,2827.5,1
"1414","NT1_v2","AL5G16540","scaffold_5",2975759,2977781,2022,2497.5,1
"1514","NT1_v2","AL8G17880","scaffold_8",4451297,4458438,7141,8911.25,1
"1614","NT1_v2","AL8G10660","scaffold_8",217919,221096,3177,3978.75,1
"1714","NT1_v2","AL4G35500","scaffold_4",19888851,19889872,1021,1283.75,1
"1814","NT1_v2","AL4G10190","scaffold_4",216034,216862,828,1041.25,1
"1914","NT1_v2","AL1G40880","scaffold_1",12090562,12093884,3322,4146.25,1
"2014","NT1_v2","AL4G44420","scaffold_4",23399522,23401693,2171,2601.25,1
"2118","NT1_v2","AL1G44510","scaffold_1",13803991,13806234,2243,2793.75,1
"2216","NT1_v2","AL3G25980","scaffold_3",5747050,5748874,1824,2281.25,1
"2314","NT1_v2","AL7G52050","scaffold_7",23473549,23475338,1789,2411.25,1
"2414","NT1_v2","AL4G11740","scaffold_4",966528,969263,2735,3343.75,1
"2514","NT1_v2","AL1G56790","scaffold_1",24643868,24645016,1148,1361.25,1
"2613","NT1_v2","AL2G29950","scaffold_2",15878809,15881525,2716,3397.5,1
"2711","NT1_v2","AL3G22540","scaffold_3",4432545,4433435,890,1115,1
"2812","NT1_v2","AL7G14700","scaffold_7",1846143,1848890,2747,3436.25,1
"2913","NT1_v2","AL7G17000","scaffold_7",2842819,2845228,2409,3012.5,1
"3013","NT1_v2","AL8G23980","scaffold_8",12044064,12046618,2554,3198.75,1
"3117","NT1_v2","AL1G32880","scaffold_1",8590194,8591434,1240,1592.5,1
"3215","NT1_v2","AL3G41310","scaffold_3",12974791,12976545,1754,2193.75,1
"3314","NT1_v2","AL8G16570","scaffold_8",3593772,3595611,1839,2277.5,1
"3414","NT1_v2","AL2G25840","scaffold_2",13691619,13695366,3747,4706.25,1
"3514","NT1_v2","AL4G44060","scaffold_4",23227939,23234484,6545,8181.25,1
"3614","NT1_v2","AL6G36110","scaffold_6",10261100,10263193,2093,2593.75,1
"3714","NT1_v2","AL8G32740","scaffold_8",16398374,16404385,6011,7657.5,1
"3814","NT1_v2","AL1G40480","scaffold_1",11932631,11939465,6834,8606.25,1
"4013","NT1_v2","AL4G23330","scaffold_4",14561125,14564026,2901,3543.75,1
"4117","NT1_v2","AL6G24590","scaffold_6",5340825,5343686,2861,3593.75,1
"4211","NT1_v2","AL1G31800","scaffold_1",8178368,8183142,4774,5962.5,1
"4314","NT1_v2","AL6G10970","scaffold_6",357131,360651,3520,4407.5,1
"4413","NT1_v2","AL1G11800","scaffold_1",661395,664119,2724,3423.75,1
"4514","NT1_v2","AL1G13710","scaffold_1",1344983,1348034,3051,3810,1
"4613","NT1_v2","AL6G51420","scaffold_6",24801067,24803210,2143,2703.75,1
"4714","NT1_v2","AL4G14860","scaffold_4",3001030,3003702,2672,3381.25,1
"4814","NT1_v2","AL8G19860","scaffold_8",8997278,8999066,1788,2268.75,1
"180","NT12_v2","AL4G22470","scaffold_4_RagTag",12484617,12488850,4233,5281.25,1
"290","NT12_v2","AL7G49290","scaffold_7_RagTag",27190465,27192232,1767,2215,1
"390","NT12_v2","AL5G14830","scaffold_5_RagTag",2388271,2390608,2337,2908.75,1
"490","NT12_v2","AL1G38960","scaffold_1_RagTag",11997984,11999285,1301,1721.25,1
"524","NT12_v2","AL7G37080","scaffold_7_RagTag",12818485,12820479,1994,2473.75,1
"615","NT12_v2","AL7G29360","scaffold_7_RagTag",8599631,8602021,2390,3018.75,1
"715","NT12_v2","AL4G35580","scaffold_4_RagTag",19784290,19785322,1032,1287.5,1
"815","NT12_v2","AL3G22630","scaffold_3_RagTag",4859416,4860379,963,1207.5,1
"915","NT12_v2","AL6G36570","scaffold_6_RagTag",12280764,12281355,591,727.5,1
"1015","NT12_v2","AL6G40140","scaffold_6_RagTag",14812439,14824920,12481,14951.25,1
"1119","NT12_v2","AL8G11370","scaffold_8_RagTag",514713,519534,4821,6021.25,1
"1217","NT12_v2","AL2G37500","scaffold_2_RagTag",23330506,23340118,9612,12023.75,1
"1315","NT12_v2","AL3G47290","scaffold_3_RagTag",22675099,22677346,2247,2827.5,1
"1415","NT12_v2","AL5G16540","scaffold_5_RagTag",3351387,3353376,1989,2497.5,1
"1515","NT12_v2","AL8G17880","scaffold_8_RagTag",4873487,4880623,7136,8911.25,1
"1615","NT12_v2","AL8G10660","scaffold_8_RagTag",212910,216093,3183,3978.75,1
"1715","NT12_v2","AL3G16870","scaffold_3_RagTag",2607184,2608472,1288,1616.25,1
"1815","NT12_v2","AL4G35500","scaffold_4_RagTag",19684873,19685894,1021,1283.75,1
"1915","NT12_v2","AL4G10190","scaffold_4_RagTag",179281,180114,833,1041.25,1
"2015","NT12_v2","AL1G40880","scaffold_1_RagTag",12899938,12903259,3321,4146.25,1
"2119","NT12_v2","AL4G44420","scaffold_4_RagTag",23860551,23862714,2163,2601.25,1
"2217","NT12_v2","AL1G44510","scaffold_1_RagTag",14919261,14921503,2242,2793.75,1
"2315","NT12_v2","AL3G25980","scaffold_3_RagTag",6249690,6251514,1824,2281.25,1
"2415","NT12_v2","AL7G52050","scaffold_7_RagTag",25479034,25480796,1762,2411.25,1
"2515","NT12_v2","AL4G11740","scaffold_4_RagTag",908088,910406,2318,3343.75,1
"2614","NT12_v2","AL1G56790","scaffold_1_RagTag",27357136,27358221,1085,1361.25,1
"2712","NT12_v2","AL2G29950","scaffold_2_RagTag",19902699,19905413,2714,3397.5,1
"2813","NT12_v2","AL3G22540","scaffold_3_RagTag",4804334,4805224,890,1115,1
"2914","NT12_v2","AL7G14700","scaffold_7_RagTag",1944465,1947212,2747,3436.25,1
"3014","NT12_v2","AL7G17000","scaffold_7_RagTag",2995982,2998370,2388,3012.5,1
"3118","NT12_v2","AL8G23980","scaffold_8_RagTag",12444531,12447079,2548,3198.75,1
"3216","NT12_v2","AL1G44620","scaffold_1_RagTag",14974420,14978456,4036,5038.75,1
"3315","NT12_v2","AL1G32880","scaffold_1_RagTag",9122667,9123993,1326,1592.5,1
"3415","NT12_v2","AL3G41310","scaffold_3_RagTag",13951841,13953588,1747,2193.75,1
"3515","NT12_v2","AL8G16570","scaffold_8_RagTag",3794479,3796289,1810,2277.5,1
"3615","NT12_v2","AL2G25840","scaffold_2_RagTag",17549561,17553317,3756,4706.25,1
"3715","NT12_v2","AL4G44060","scaffold_4_RagTag",23631359,23637890,6531,8181.25,1
"3815","NT12_v2","AL6G36110","scaffold_6_RagTag",11688133,11690225,2092,2593.75,1
"3914","NT12_v2","AL8G32740","scaffold_8_RagTag",17312173,17318264,6091,7657.5,1
"4014","NT12_v2","AL1G40480","scaffold_1_RagTag",12710394,12717253,6859,8606.25,1
"4212","NT12_v2","AL4G23330","scaffold_3_RagTag",16183216,16186056,2840,3543.75,1
"4315","NT12_v2","AL6G24590","scaffold_6_RagTag",6075912,6078774,2862,3593.75,1
"4414","NT12_v2","AL1G31800","scaffold_1_RagTag",8727997,8732800,4803,5962.5,1
"4515","NT12_v2","AL6G10970","scaffold_6_RagTag",395029,398581,3552,4407.5,1
"4614","NT12_v2","AL1G11800","scaffold_1_RagTag",737340,740062,2722,3423.75,1
"4715","NT12_v2","AL1G13710","scaffold_1_RagTag",1469994,1473041,3047,3810,1
"4815","NT12_v2","AL6G51420","scaffold_6_RagTag",25447287,25449429,2142,2703.75,1
"4913","NT12_v2","AL4G14860","scaffold_4_RagTag",3018842,3021575,2733,3381.25,1
"5010","NT12_v2","AL8G19860","scaffold_8_RagTag",8949389,8951173,1784,2268.75,1
"190","NT8_v2_fix","AL4G22470","scaffold_4_RagTag",13801976,13806211,4235,5281.25,1
"2100","NT8_v2_fix","AL7G49290","scaffold_7_RagTag",25927009,25928781,1772,2215,1
"3100","NT8_v2_fix","AL5G14830","scaffold_5_RagTag",2391245,2393566,2321,2908.75,1
"4100","NT8_v2_fix","AL1G38960","scaffold_1_RagTag",12280676,12281977,1301,1721.25,1
"525","NT8_v2_fix","AL7G37080","scaffold_7_RagTag",12479504,12481493,1989,2473.75,1
"616","NT8_v2_fix","AL7G29360","scaffold_7_RagTag",8506574,8508964,2390,3018.75,1
"716","NT8_v2_fix","AL4G35580","scaffold_4_RagTag",21685187,21686219,1032,1287.5,1
"816","NT8_v2_fix","AL3G22630","scaffold_3_RagTag",4969890,4970855,965,1207.5,1
"916","NT8_v2_fix","AL6G36570","scaffold_6_RagTag",12105846,12106428,582,727.5,1
"1016","NT8_v2_fix","AL6G40140","scaffold_6_RagTag",14863278,14875749,12471,14951.25,1
"1120","NT8_v2_fix","AL8G11370","scaffold_8_RagTag",604882,609704,4822,6021.25,1
"1218","NT8_v2_fix","AL2G37500","scaffold_2_RagTag",23366821,23376435,9614,12023.75,1
"1316","NT8_v2_fix","AL3G47290","scaffold_3_RagTag",21262487,21264732,2245,2827.5,1
"1416","NT8_v2_fix","AL5G16540","scaffold_5_RagTag",3390708,3392730,2022,2497.5,1
"1516","NT8_v2_fix","AL8G17880","scaffold_8_RagTag",4820298,4827436,7138,8911.25,1
"1616","NT8_v2_fix","AL8G10660","scaffold_8_RagTag",284808,287994,3186,3978.75,1
"1716","NT8_v2_fix","AL3G16870","scaffold_3_RagTag",2727498,2728786,1288,1616.25,1
"1816","NT8_v2_fix","AL4G35500","scaffold_4_RagTag",21625211,21626237,1026,1283.75,1
"1916","NT8_v2_fix","AL4G10190","scaffold_4_RagTag",210784,211618,834,1041.25,1
"2016","NT8_v2_fix","AL1G40880","scaffold_1_RagTag",13253972,13257277,3305,4146.25,1
"2120","NT8_v2_fix","AL4G44420","scaffold_4_RagTag",25571174,25573254,2080,2601.25,1
"2218","NT8_v2_fix","AL1G44510","scaffold_1_RagTag",15220155,15222385,2230,2793.75,1
"2316","NT8_v2_fix","AL3G25980","scaffold_3_RagTag",6309330,6311154,1824,2281.25,1
"2416","NT8_v2_fix","AL7G52050","scaffold_7_RagTag",24277754,24279516,1762,2411.25,1
"2516","NT8_v2_fix","AL4G11740","scaffold_4_RagTag",944623,947130,2507,3343.75,1
"2615","NT8_v2_fix","AL1G56790","scaffold_1_RagTag",27133356,27134441,1085,1361.25,1
"2713","NT8_v2_fix","AL2G29950","scaffold_2_RagTag",19982542,19985253,2711,3397.5,1
"2814","NT8_v2_fix","AL3G22540","scaffold_3_RagTag",4927427,4928319,892,1115,1
"2915","NT8_v2_fix","AL7G14700","scaffold_7_RagTag",1929785,1932532,2747,3436.25,1
"3015","NT8_v2_fix","AL7G17000","scaffold_7_RagTag",3020015,3022415,2400,3012.5,1
"3119","NT8_v2_fix","AL8G23980","scaffold_8_RagTag",12998943,13001506,2563,3198.75,1
"3217","NT8_v2_fix","AL1G44620","scaffold_1_RagTag",15270952,15274989,4037,5038.75,1
"3316","NT8_v2_fix","AL1G32880","scaffold_1_RagTag",9455787,9457113,1326,1592.5,1
"3416","NT8_v2_fix","AL3G41310","scaffold_3_RagTag",13650353,13652131,1778,2193.75,1
"3516","NT8_v2_fix","AL8G16570","scaffold_8_RagTag",3888597,3890223,1626,2277.5,1
"3616","NT8_v2_fix","AL2G25840","scaffold_2_RagTag",17608418,17612176,3758,4706.25,1
"3716","NT8_v2_fix","AL4G44060","scaffold_4_RagTag",25369122,25375640,6518,8181.25,1
"3816","NT8_v2_fix","AL6G36110","scaffold_6_RagTag",11692357,11694448,2091,2593.75,1
"3915","NT8_v2_fix","AL8G32740","scaffold_8_RagTag",17978646,17984775,6129,7657.5,1
"4015","NT8_v2_fix","AL1G40480","scaffold_1_RagTag",13092042,13098884,6842,8606.25,1
"4213","NT8_v2_fix","AL4G23330","scaffold_4_RagTag",15236355,15239191,2836,3543.75,1
"4316","NT8_v2_fix","AL6G24590","scaffold_6_RagTag",5780228,5783092,2864,3593.75,1
"4415","NT8_v2_fix","AL1G31800","scaffold_1_RagTag",9023803,9028592,4789,5962.5,1
"4516","NT8_v2_fix","AL6G10970","scaffold_6_RagTag",393526,397087,3561,4407.5,1
"4615","NT8_v2_fix","AL1G11800","scaffold_1_RagTag",740948,743669,2721,3423.75,1
"4716","NT8_v2_fix","AL1G13710","scaffold_1_RagTag",1490758,1493805,3047,3810,1
"4816","NT8_v2_fix","AL6G51420","scaffold_6_RagTag",26437394,26439538,2144,2703.75,1
"4914","NT8_v2_fix","AL4G14860","scaffold_4_RagTag",3246359,3249094,2735,3381.25,1
"5011","NT8_v2_fix","AL8G19860","scaffold_8_RagTag",9801708,9803494,1786,2268.75,1
"1100","NT9_v2","AL4G22470","scaffold_4_RagTag",12735104,12739345,4241,5281.25,1
"2101","NT9_v2","AL7G49290","scaffold_7_RagTag",26768429,26770176,1747,2215,1
"3101","NT9_v2","AL5G14830","scaffold_5_RagTag",2385032,2387361,2329,2908.75,1
"4101","NT9_v2","AL1G38960","scaffold_1_RagTag",11825193,11826548,1355,1721.25,1
"526","NT9_v2","AL7G37080","scaffold_7_RagTag",12598697,12600682,1985,2473.75,1
"617","NT9_v2","AL7G29360","scaffold_7_RagTag",8552235,8554643,2408,3018.75,1
"717","NT9_v2","AL4G35580","scaffold_4_RagTag",20400046,20401076,1030,1287.5,1
"817","NT9_v2","AL3G22630","scaffold_3_RagTag",4822638,4823603,965,1207.5,1
"917","NT9_v2","AL6G36570","scaffold_6_RagTag",12303754,12304342,588,727.5,1
"1017","NT9_v2","AL6G40140","scaffold_6_RagTag",14818403,14830869,12466,14951.25,1
"1121","NT9_v2","AL8G11370","scaffold_8_RagTag",528285,533175,4890,6021.25,1
"1219","NT9_v2","AL2G37500","scaffold_2_RagTag",23802364,23811973,9609,12023.75,1
"1317","NT9_v2","AL3G47290","scaffold_3_RagTag",21500720,21502965,2245,2827.5,1
"1417","NT9_v2","AL5G16540","scaffold_5_RagTag",3374250,3376229,1979,2497.5,1
"1517","NT9_v2","AL8G17880","scaffold_8_RagTag",5145543,5152681,7138,8911.25,1
"1617","NT9_v2","AL8G10660","scaffold_8_RagTag",239848,243035,3187,3978.75,1
"1717","NT9_v2","AL3G16870","scaffold_3_RagTag",2576967,2578255,1288,1616.25,1
"1817","NT9_v2","AL4G35500","scaffold_4_RagTag",20367605,20368631,1026,1283.75,1
"1917","NT9_v2","AL4G10190","scaffold_4_RagTag",248497,249259,762,1041.25,1
"2017","NT9_v2","AL1G40880","scaffold_1_RagTag",12778328,12781649,3321,4146.25,1
"2121","NT9_v2","AL4G44420","scaffold_4_RagTag",24276828,24278997,2169,2601.25,1
"2219","NT9_v2","AL1G44510","scaffold_1_RagTag",14528541,14530783,2242,2793.75,1
"2317","NT9_v2","AL3G25980","scaffold_3_RagTag",6247998,6249822,1824,2281.25,1
"2417","NT9_v2","AL7G52050","scaffold_7_RagTag",25142272,25144019,1747,2411.25,1
"2517","NT9_v2","AL4G11740","scaffold_4_RagTag",917211,919852,2641,3343.75,1
"2616","NT9_v2","AL1G56790","scaffold_1_RagTag",26614600,26615685,1085,1361.25,1
"2714","NT9_v2","AL2G29950","scaffold_2_RagTag",20424386,20427096,2710,3397.5,1
"2815","NT9_v2","AL3G22540","scaffold_3_RagTag",4767947,4768835,888,1115,1
"2916","NT9_v2","AL7G14700","scaffold_7_RagTag",1939596,1942343,2747,3436.25,1
"3016","NT9_v2","AL7G17000","scaffold_7_RagTag",3054941,3057338,2397,3012.5,1
"3120","NT9_v2","AL8G23980","scaffold_8_RagTag",12613594,12616151,2557,3198.75,1
"3218","NT9_v2","AL1G44620","scaffold_1_RagTag",14585771,14589805,4034,5038.75,1
"3317","NT9_v2","AL1G32880","scaffold_1_RagTag",9212650,9213976,1326,1592.5,1
"3417","NT9_v2","AL3G41310","scaffold_3_RagTag",13476575,13478353,1778,2193.75,1
"3517","NT9_v2","AL8G16570","scaffold_8_RagTag",4030911,4032737,1826,2277.5,1
"3617","NT9_v2","AL2G25840","scaffold_2_RagTag",18003699,18007421,3722,4706.25,1
"3717","NT9_v2","AL4G44060","scaffold_4_RagTag",24079976,24086525,6549,8181.25,1
"3817","NT9_v2","AL6G36110","scaffold_6_RagTag",11854972,11857064,2092,2593.75,1
"3916","NT9_v2","AL8G32740","scaffold_8_RagTag",17222304,17228434,6130,7657.5,1
"4016","NT9_v2","AL1G40480","scaffold_1_RagTag",12576998,12583843,6845,8606.25,1
"4214","NT9_v2","AL4G23330","scaffold_4_RagTag",14013033,14015874,2841,3543.75,1
"4317","NT9_v2","AL6G24590","scaffold_6_RagTag",6302717,6305580,2863,3593.75,1
"4416","NT9_v2","AL1G31800","scaffold_1_RagTag",8756364,8761153,4789,5962.5,1
"4517","NT9_v2","AL6G10970","scaffold_6_RagTag",407303,410805,3502,4407.5,1
"4616","NT9_v2","AL1G11800","scaffold_1_RagTag",746379,749104,2725,3423.75,1
"4717","NT9_v2","AL1G13710","scaffold_1_RagTag",1505727,1508774,3047,3810,1
"4817","NT9_v2","AL6G51420","scaffold_6_RagTag",26037069,26039210,2141,2703.75,1
"4915","NT9_v2","AL8G19860","scaffold_8_RagTag",9279001,9280785,1784,2268.75,1
"1101","PU6_v3_fin","AL4G22470","scaffold_4",11359830,11364044,4214,5281.25,1
"2102","PU6_v3_fin","AL7G49290","scaffold_7",28217625,28219376,1751,2215,1
"3102","PU6_v3_fin","AL5G14830","scaffold_5",2570355,2572681,2326,2908.75,1
"4102","PU6_v3_fin","AL1G38960","scaffold_1",12415600,12416944,1344,1721.25,1
"527","PU6_v3_fin","AL7G29360","scaffold_7",8636822,8639212,2390,3018.75,1
"618","PU6_v3_fin","AL4G35580","scaffold_4",18902850,18903880,1030,1287.5,1
"718","PU6_v3_fin","AL3G22630","scaffold_3",4910526,4911491,965,1207.5,1
"818","PU6_v3_fin","AL6G36570","scaffold_6",11219354,11219932,578,727.5,1
"918","PU6_v3_fin","AL6G40140","scaffold_6",13701902,13713864,11962,14951.25,1
"1018","PU6_v3_fin","AL8G11370","scaffold_8",664404,669232,4828,6021.25,1
"1122","PU6_v3_fin","AL2G37500","scaffold_2",23708253,23717839,9586,12023.75,1
"1220","PU6_v3_fin","AL3G47290","scaffold_3",21661733,21663971,2238,2827.5,1
"1318","PU6_v3_fin","AL5G16540","scaffold_5",3514678,3516698,2020,2497.5,1
"1418","PU6_v3_fin","AL8G17880","scaffold_8",5383972,5391090,7118,8911.25,1
"1518","PU6_v3_fin","AL8G10660","scaffold_8",265893,269083,3190,3978.75,1
"1618","PU6_v3_fin","AL3G16870","scaffold_3",2647740,2649027,1287,1616.25,1
"1718","PU6_v3_fin","AL4G35500","scaffold_4",18865116,18866147,1031,1283.75,1
"1818","PU6_v3_fin","AL4G10190","scaffold_4",294760,295592,832,1041.25,1
"1918","PU6_v3_fin","AL1G40880","scaffold_1",13406607,13409912,3305,4146.25,1
"2018","PU6_v3_fin","AL4G44420","scaffold_4",22704291,22706323,2032,2601.25,1
"2122","PU6_v3_fin","AL1G44510","scaffold_1",15456953,15459193,2240,2793.75,1
"2220","PU6_v3_fin","AL3G25980","scaffold_3",6312448,6314272,1824,2281.25,1
"2318","PU6_v3_fin","AL7G52050","scaffold_7",26556154,26557898,1744,2411.25,1
"2418","PU6_v3_fin","AL4G11740","scaffold_4",1022070,1024684,2614,3343.75,1
"2518","PU6_v3_fin","AL1G56790","scaffold_1",27502116,27503258,1142,1361.25,1
"2617","PU6_v3_fin","AL2G29950","scaffold_2",20205248,20207976,2728,3397.5,1
"2715","PU6_v3_fin","AL3G22540","scaffold_3",4863262,4864153,891,1115,1
"2816","PU6_v3_fin","AL7G14700","scaffold_7",1987159,1989906,2747,3436.25,1
"2917","PU6_v3_fin","AL7G17000","scaffold_7",3140365,3142761,2396,3012.5,1
"3017","PU6_v3_fin","AL8G23980","scaffold_8",12755026,12757571,2545,3198.75,1
"3121","PU6_v3_fin","AL1G32880","scaffold_1",9423329,9424594,1265,1592.5,1
"3219","PU6_v3_fin","AL3G41310","scaffold_3",13861246,13863000,1754,2193.75,1
"3318","PU6_v3_fin","AL8G16570","scaffold_8",4472516,4474156,1640,2277.5,1
"3418","PU6_v3_fin","AL2G25840","scaffold_2",17701203,17704959,3756,4706.25,1
"3518","PU6_v3_fin","AL4G44060","scaffold_4",22523867,22530390,6523,8181.25,1
"3618","PU6_v3_fin","AL6G36110","scaffold_6",10830982,10833077,2095,2593.75,1
"3718","PU6_v3_fin","AL8G32740","scaffold_8",17486873,17493033,6160,7657.5,1
"3818","PU6_v3_fin","AL1G40480","scaffold_1",13230134,13237015,6881,8606.25,1
"3917","PU6_v3_fin","AL4G23330","scaffold_4",12539578,12542416,2838,3543.75,1
"4017","PU6_v3_fin","AL6G24590","scaffold_6",5458163,5461027,2864,3593.75,1
"4118","PU6_v3_fin","AL1G31800","scaffold_1",9003890,9008679,4789,5962.5,1
"4215","PU6_v3_fin","AL6G10970","scaffold_6",402245,405769,3524,4407.5,1
"4318","PU6_v3_fin","AL1G11800","scaffold_1",822886,825606,2720,3423.75,1
"4417","PU6_v3_fin","AL1G13710","scaffold_1",1595187,1598224,3037,3810,1
"4518","PU6_v3_fin","AL6G51420","scaffold_6",24836800,24838952,2152,2703.75,1
"4617","PU6_v3_fin","AL4G14860","scaffold_4",2967927,2970638,2711,3381.25,1
"4718","PU6_v3_fin","AL8G19860","scaffold_8",9438132,9439922,1790,2268.75,1
"1102","TE11_v2","AL4G22470","scaffold_4_RagTag",12098315,12102438,4123,5281.25,1
"2103","TE11_v2","AL7G49290","scaffold_7_RagTag",25986053,25987794,1741,2215,1
"3103","TE11_v2","AL5G14830","scaffold_5_RagTag",2330737,2333053,2316,2908.75,1
"4103","TE11_v2","AL1G38960","scaffold_1_RagTag",12204321,12205672,1351,1721.25,1
"528","TE11_v2","AL7G37080","scaffold_7_RagTag",12514053,12516031,1978,2473.75,1
"619","TE11_v2","AL7G29360","scaffold_7_RagTag",8417333,8419741,2408,3018.75,1
"719","TE11_v2","AL4G35580","scaffold_4_RagTag",19221645,19222675,1030,1287.5,1
"819","TE11_v2","AL3G22630","scaffold_3_RagTag",4665348,4666313,965,1207.5,1
"919","TE11_v2","AL6G36570","scaffold_6_RagTag",11877881,11878460,579,727.5,1
"1019","TE11_v2","AL6G40140","scaffold_6_RagTag",14207902,14219806,11904,14951.25,1
"1123","TE11_v2","AL8G11370","scaffold_8_RagTag",717286,722108,4822,6021.25,1
"1221","TE11_v2","AL2G37500","scaffold_2_RagTag",21951822,21961433,9611,12023.75,1
"1319","TE11_v2","AL3G47290","scaffold_3_RagTag",21656153,21658400,2247,2827.5,1
"1419","TE11_v2","AL5G16540","scaffold_5_RagTag",3304543,3306565,2022,2497.5,1
"1519","TE11_v2","AL8G17880","scaffold_8_RagTag",5351132,5358271,7139,8911.25,1
"1619","TE11_v2","AL8G10660","scaffold_8_RagTag",237938,241117,3179,3978.75,1
"1719","TE11_v2","AL3G16870","scaffold_3_RagTag",2560533,2561821,1288,1616.25,1
"1819","TE11_v2","AL4G35500","scaffold_4_RagTag",19180142,19181168,1026,1283.75,1
"1919","TE11_v2","AL4G10190","scaffold_4_RagTag",155102,155936,834,1041.25,1
"2019","TE11_v2","AL1G40880","scaffold_1_RagTag",13108353,13111657,3304,4146.25,1
"2123","TE11_v2","AL4G44420","scaffold_4_RagTag",23409652,23411732,2080,2601.25,1
"2221","TE11_v2","AL1G44510","scaffold_1_RagTag",15108825,15111067,2242,2793.75,1
"2319","TE11_v2","AL3G25980","scaffold_3_RagTag",6032023,6033843,1820,2281.25,1
"2419","TE11_v2","AL7G52050","scaffold_7_RagTag",24374352,24376097,1745,2411.25,1
"2519","TE11_v2","AL4G11740","scaffold_4_RagTag",883335,885863,2528,3343.75,1
"2618","TE11_v2","AL1G56790","scaffold_1_RagTag",27783583,27784668,1085,1361.25,1
"2716","TE11_v2","AL2G29950","scaffold_2_RagTag",18659440,18662155,2715,3397.5,1
"2817","TE11_v2","AL3G22540","scaffold_3_RagTag",4629491,4630381,890,1115,1
"2918","TE11_v2","AL7G14700","scaffold_7_RagTag",1912831,1915586,2755,3436.25,1
"3018","TE11_v2","AL7G17000","scaffold_7_RagTag",3022690,3025087,2397,3012.5,1
"3122","TE11_v2","AL8G23980","scaffold_8_RagTag",13791833,13794392,2559,3198.75,1
"3220","TE11_v2","AL1G32880","scaffold_1_RagTag",9442476,9443805,1329,1592.5,1
"3319","TE11_v2","AL3G41310","scaffold_3_RagTag",13065580,13067179,1599,2193.75,1
"3419","TE11_v2","AL8G16570","scaffold_8_RagTag",4341108,4342930,1822,2277.5,1
"3519","TE11_v2","AL2G25840","scaffold_2_RagTag",16175517,16179269,3752,4706.25,1
"3619","TE11_v2","AL4G44060","scaffold_4_RagTag",23192924,23199458,6534,8181.25,1
"3719","TE11_v2","AL6G36110","scaffold_6_RagTag",11389141,11391232,2091,2593.75,1
"3819","TE11_v2","AL8G32740","scaffold_8_RagTag",18703843,18709962,6119,7657.5,1
"3918","TE11_v2","AL1G40480","scaffold_1_RagTag",12940793,12947663,6870,8606.25,1
"4119","TE11_v2","AL4G23330","scaffold_4_RagTag",13170665,13173485,2820,3543.75,1
"4216","TE11_v2","AL6G24590","scaffold_6_RagTag",5967683,5970545,2862,3593.75,1
"4319","TE11_v2","AL1G31800","scaffold_1_RagTag",9026525,9031842,5317,5962.5,1
"4418","TE11_v2","AL6G10970","scaffold_6_RagTag",406396,409953,3557,4407.5,1
"4519","TE11_v2","AL1G11800","scaffold_1_RagTag",958667,961368,2701,3423.75,1
"4618","TE11_v2","AL1G13710","scaffold_1_RagTag",1684113,1687166,3053,3810,1
"4719","TE11_v2","AL6G51420","scaffold_6_RagTag",25447716,25449843,2127,2703.75,1
"4818","TE11_v2","AL4G14860","scaffold_4_RagTag",2950666,2953389,2723,3381.25,1
"4916","TE11_v2","AL8G19860","scaffold_8_RagTag",10115487,10117254,1767,2268.75,1
"1103","TE4_v1","AL4G22470","scaffold_4_RagTag:329527-26177039",13590765,13594986,4221,5281.25,1
"2104","TE4_v1","AL7G49290","scaffold_7_RagTag:1-29301300",26844634,26846386,1752,2215,1
"3104","TE4_v1","AL5G14830","scaffold_5_RagTag:29852-15762170",2139890,2142215,2325,2908.75,1
"4104","TE4_v1","AL1G38960","scaffold_1_RagTag:94989-32092331",12188446,12189801,1355,1721.25,1
"529","TE4_v1","AL7G37080","scaffold_7_RagTag:1-29301300",12388144,12390157,2013,2473.75,1
"620","TE4_v1","AL7G29360","scaffold_7_RagTag:1-29301300",8312539,8314947,2408,3018.75,1
"720","TE4_v1","AL4G35580","scaffold_4_RagTag:329527-26177039",20674479,20675509,1030,1287.5,1
"820","TE4_v1","AL3G22630","scaffold_3_RagTag:1-25320414",4757567,4758532,965,1207.5,1
"920","TE4_v1","AL6G36570","scaffold_6_RagTag:0-26949342",11731389,11731968,579,727.5,1
"1020","TE4_v1","AL6G40140","scaffold_6_RagTag:0-26949342",14422006,14434480,12474,14951.25,1
"1124","TE4_v1","AL8G11370","scaffold_8_RagTag:237858-24797477",612350,617172,4822,6021.25,1
"1222","TE4_v1","AL2G37500","scaffold_2_RagTag:113346-24308598",22347340,22356949,9609,12023.75,1
"1320","TE4_v1","AL3G47290","scaffold_3_RagTag:1-25320414",21423119,21425380,2261,2827.5,1
"1420","TE4_v1","AL5G16540","scaffold_5_RagTag:29852-15762170",3029392,3031352,1960,2497.5,1
"1520","TE4_v1","AL8G17880","scaffold_8_RagTag:237858-24797477",5247584,5254723,7139,8911.25,1
"1620","TE4_v1","AL8G10660","scaffold_8_RagTag:237858-24797477",233820,236992,3172,3978.75,1
"1720","TE4_v1","AL3G16870","scaffold_3_RagTag:1-25320414",2630391,2631679,1288,1616.25,1
"1820","TE4_v1","AL4G35500","scaffold_4_RagTag:329527-26177039",20630169,20631195,1026,1283.75,1
"1920","TE4_v1","AL4G10190","scaffold_4_RagTag:329527-26177039",565678,566511,833,1041.25,1
"2020","TE4_v1","AL1G40880","scaffold_1_RagTag:94989-32092331",13090262,13093572,3310,4146.25,1
"2124","TE4_v1","AL4G44420","scaffold_4_RagTag:329527-26177039",24525308,24527382,2074,2601.25,1
"2222","TE4_v1","AL1G44510","scaffold_1_RagTag:94989-32092331",15095878,15098120,2242,2793.75,1
"2320","TE4_v1","AL3G25980","scaffold_3_RagTag:1-25320414",6073724,6075544,1820,2281.25,1
"2420","TE4_v1","AL7G52050","scaffold_7_RagTag:1-29301300",25081608,25083368,1760,2411.25,1
"2520","TE4_v1","AL4G11740","scaffold_4_RagTag:329527-26177039",1301285,1303932,2647,3343.75,1
"2619","TE4_v1","AL1G56790","scaffold_1_RagTag:94989-32092331",27551144,27552286,1142,1361.25,1
"2717","TE4_v1","AL2G29950","scaffold_2_RagTag:113346-24308598",19115280,19118065,2785,3397.5,1
"2818","TE4_v1","AL3G22540","scaffold_3_RagTag:1-25320414",4714728,4715618,890,1115,1
"2919","TE4_v1","AL7G14700","scaffold_7_RagTag:1-29301300",1906568,1909324,2756,3436.25,1
"3019","TE4_v1","AL7G17000","scaffold_7_RagTag:1-29301300",2963308,2965716,2408,3012.5,1
"3123","TE4_v1","AL8G23980","scaffold_8_RagTag:237858-24797477",14023991,14026546,2555,3198.75,1
"3221","TE4_v1","AL1G32880","scaffold_1_RagTag:94989-32092331",9385486,9386813,1327,1592.5,1
"3320","TE4_v1","AL3G41310","scaffold_3_RagTag:1-25320414",13263422,13265202,1780,2193.75,1
"3420","TE4_v1","AL8G16570","scaffold_8_RagTag:237858-24797477",4214466,4216296,1830,2277.5,1
"3520","TE4_v1","AL2G25840","scaffold_2_RagTag:113346-24308598",16549526,16553279,3753,4706.25,1
"3620","TE4_v1","AL4G44060","scaffold_4_RagTag:329527-26177039",24292895,24299446,6551,8181.25,1
"3720","TE4_v1","AL6G36110","scaffold_6_RagTag:0-26949342",11232920,11235006,2086,2593.75,1
"3820","TE4_v1","AL8G32740","scaffold_8_RagTag:237858-24797477",18977537,18983685,6148,7657.5,1
"3919","TE4_v1","AL1G40480","scaffold_1_RagTag:94989-32092331",12908310,12915196,6886,8606.25,1
"4120","TE4_v1","AL4G23330","scaffold_4_RagTag:329527-26177039",14725932,14728770,2838,3543.75,1
"4217","TE4_v1","AL6G24590","scaffold_6_RagTag:0-26949342",5915827,5918689,2862,3593.75,1
"4320","TE4_v1","AL1G31800","scaffold_1_RagTag:94989-32092331",8983452,8988243,4791,5962.5,1
"4419","TE4_v1","AL6G10970","scaffold_6_RagTag:0-26949342",406340,409900,3560,4407.5,1
"4520","TE4_v1","AL1G11800","scaffold_1_RagTag:94989-32092331",951897,954567,2670,3423.75,1
"4619","TE4_v1","AL1G13710","scaffold_1_RagTag:94989-32092331",1663575,1666621,3046,3810,1
"4720","TE4_v1","AL6G51420","scaffold_6_RagTag:0-26949342",25840380,25842537,2157,2703.75,1
"4819","TE4_v1","AL4G14860","scaffold_4_RagTag:329527-26177039",3474698,3477421,2723,3381.25,1
"4917","TE4_v1","AL8G19860","scaffold_8_RagTag:237858-24797477",10708354,10710121,1767,2268.75,1
"1104","TE8_v1","AL4G22470","scaffold_4_RagTag:825599-25061996",12174532,12178753,4221,5281.25,1
"2105","TE8_v1","AL7G49290","scaffold_7_RagTag:0-28571223",26479372,26481124,1752,2215,1
"3105","TE8_v1","AL5G14830","scaffold_5_RagTag:609893-23791649",2279167,2281500,2333,2908.75,1
"4105","TE8_v1","AL1G38960","scaffold_1_RagTag:13975-33400674",12290664,12292019,1355,1721.25,1
"530","TE8_v1","AL7G37080","scaffold_7_RagTag:0-28571223",12162901,12164888,1987,2473.75,1
"621","TE8_v1","AL7G29360","scaffold_7_RagTag:0-28571223",8280849,8283257,2408,3018.75,1
"721","TE8_v1","AL4G35580","scaffold_4_RagTag:825599-25061996",19123500,19124530,1030,1287.5,1
"821","TE8_v1","AL3G22630","scaffold_3_RagTag:1-26654334",4748967,4749932,965,1207.5,1
"921","TE8_v1","AL6G36570","scaffold_6_RagTag:0-26335035",11597014,11597594,580,727.5,1
"1021","TE8_v1","AL6G40140","scaffold_6_RagTag:0-26335035",14034581,14046317,11736,14951.25,1
"1125","TE8_v1","AL8G11370","scaffold_8_RagTag:0-24591694",562317,567141,4824,6021.25,1
"1223","TE8_v1","AL2G37500","scaffold_2_RagTag:0-23605790",21750679,21760323,9644,12023.75,1
"1321","TE8_v1","AL3G47290","scaffold_3_RagTag:1-26654334",21326627,21328874,2247,2827.5,1
"1421","TE8_v1","AL5G16540","scaffold_5_RagTag:609893-23791649",3172031,3173991,1960,2497.5,1
"1521","TE8_v1","AL8G17880","scaffold_8_RagTag:0-24591694",5931738,5938877,7139,8911.25,1
"1621","TE8_v1","AL8G10660","scaffold_8_RagTag:0-24591694",252808,255989,3181,3978.75,1
"1721","TE8_v1","AL3G16870","scaffold_3_RagTag:1-26654334",2630259,2631547,1288,1616.25,1
"1821","TE8_v1","AL4G35500","scaffold_4_RagTag:825599-25061996",19070369,19071395,1026,1283.75,1
"1921","TE8_v1","AL4G10190","scaffold_4_RagTag:825599-25061996",479743,480577,834,1041.25,1
"2021","TE8_v1","AL1G40880","scaffold_1_RagTag:13975-33400674",13203130,13206435,3305,4146.25,1
"2125","TE8_v1","AL4G44420","scaffold_4_RagTag:825599-25061996",22850506,22852580,2074,2601.25,1
"2223","TE8_v1","AL1G44510","scaffold_1_RagTag:13975-33400674",15071398,15073641,2243,2793.75,1
"2321","TE8_v1","AL3G25980","scaffold_3_RagTag:1-26654334",6023415,6025234,1819,2281.25,1
"2421","TE8_v1","AL7G52050","scaffold_7_RagTag:0-28571223",24730842,24732602,1760,2411.25,1
"2521","TE8_v1","AL4G11740","scaffold_4_RagTag:825599-25061996",1208300,1210880,2580,3343.75,1
"2620","TE8_v1","AL1G56790","scaffold_1_RagTag:13975-33400674",28369342,28370427,1085,1361.25,1
"2718","TE8_v1","AL2G29950","scaffold_2_RagTag:0-23605790",18315448,18318180,2732,3397.5,1
"2819","TE8_v1","AL3G22540","scaffold_3_RagTag:1-26654334",4707190,4708080,890,1115,1
"2920","TE8_v1","AL7G14700","scaffold_7_RagTag:0-28571223",1883610,1886357,2747,3436.25,1
"3020","TE8_v1","AL7G17000","scaffold_7_RagTag:0-28571223",2973329,2975738,2409,3012.5,1
"3124","TE8_v1","AL8G23980","scaffold_8_RagTag:0-24591694",14208424,14210982,2558,3198.75,1
"3222","TE8_v1","AL1G32880","scaffold_1_RagTag:13975-33400674",9327924,9329251,1327,1592.5,1
"3321","TE8_v1","AL3G41310","scaffold_3_RagTag:1-26654334",13326629,13328424,1795,2193.75,1
"3421","TE8_v1","AL8G16570","scaffold_8_RagTag:0-24591694",4610823,4612645,1822,2277.5,1
"3521","TE8_v1","AL2G25840","scaffold_2_RagTag:0-23605790",15947163,15950927,3764,4706.25,1
"3621","TE8_v1","AL4G44060","scaffold_4_RagTag:825599-25061996",22668975,22675526,6551,8181.25,1
"3721","TE8_v1","AL6G36110","scaffold_6_RagTag:0-26335035",11155224,11157315,2091,2593.75,1
"3821","TE8_v1","AL8G32740","scaffold_8_RagTag:0-24591694",19159680,19165811,6131,7657.5,1
"3920","TE8_v1","AL1G40480","scaffold_1_RagTag:13975-33400674",13021109,13027968,6859,8606.25,1
"4121","TE8_v1","AL4G23330","scaffold_4_RagTag:825599-25061996",13226812,13229650,2838,3543.75,1
"4218","TE8_v1","AL6G24590","scaffold_6_RagTag:0-26335035",5890071,5892933,2862,3593.75,1
"4321","TE8_v1","AL1G31800","scaffold_1_RagTag:13975-33400674",8906146,8910938,4792,5962.5,1
"4420","TE8_v1","AL6G10970","scaffold_6_RagTag:0-26335035",397452,401013,3561,4407.5,1
"4521","TE8_v1","AL1G11800","scaffold_1_RagTag:13975-33400674",853434,856135,2701,3423.75,1
"4620","TE8_v1","AL1G13710","scaffold_1_RagTag:13975-33400674",1554859,1557912,3053,3810,1
"4721","TE8_v1","AL6G51420","scaffold_6_RagTag:0-26335035",25214786,25216931,2145,2703.75,1
"4820","TE8_v1","AL4G14860","scaffold_4_RagTag:825599-25061996",3288919,3291642,2723,3381.25,1
"4918","TE8_v1","AL8G19860","scaffold_8_RagTag:0-24591694",10809169,10810936,1767,2268.75,1
"1105","WS1_v2_s","AL4G22470","scaffold_4_RagTag",9151905,9156137,4232,5281.25,1
"2106","WS1_v2_s","AL7G49290","scaffold_7_RagTag",27649857,27651599,1742,2215,1
"3106","WS1_v2_s","AL5G14830","scaffold_5_RagTag",2483951,2486252,2301,2908.75,1
"4106","WS1_v2_s","AL1G38960","scaffold_1_RagTag",11980868,11982168,1300,1721.25,1
"532","WS1_v2_s","AL7G37080","scaffold_7_RagTag",12508138,12510119,1981,2473.75,1
"622","WS1_v2_s","AL7G29360","scaffold_7_RagTag",8538498,8540906,2408,3018.75,1
"722","WS1_v2_s","AL4G35580","scaffold_4_RagTag",16344670,16345702,1032,1287.5,1
"822","WS1_v2_s","AL3G22630","scaffold_3_RagTag",4776507,4777470,963,1207.5,1
"922","WS1_v2_s","AL6G36570","scaffold_6_RagTag",12323157,12323736,579,727.5,1
"1022","WS1_v2_s","AL6G40140","scaffold_6_RagTag",14997142,15009634,12492,14951.25,1
"1126","WS1_v2_s","AL8G11370","scaffold_8_RagTag",638512,643335,4823,6021.25,1
"1224","WS1_v2_s","AL2G37500","scaffold_2_RagTag",21287193,21296807,9614,12023.75,1
"1322","WS1_v2_s","AL3G47290","scaffold_3_RagTag",20808306,20810555,2249,2827.5,1
"1422","WS1_v2_s","AL5G16540","scaffold_5_RagTag",3541901,3543852,1951,2497.5,1
"1522","WS1_v2_s","AL8G17880","scaffold_8_RagTag",5321956,5329093,7137,8911.25,1
"1622","WS1_v2_s","AL8G10660","scaffold_8_RagTag",247927,251109,3182,3978.75,1
"1722","WS1_v2_s","AL3G16870","scaffold_3_RagTag",2585672,2586960,1288,1616.25,1
"1822","WS1_v2_s","AL4G35500","scaffold_4_RagTag",16301536,16302562,1026,1283.75,1
"1922","WS1_v2_s","AL4G10190","scaffold_4_RagTag",416212,417045,833,1041.25,1
"2022","WS1_v2_s","AL1G40880","scaffold_1_RagTag",12882376,12885682,3306,4146.25,1
"2126","WS1_v2_s","AL4G44420","scaffold_4_RagTag",20259712,20261886,2174,2601.25,1
"2224","WS1_v2_s","AL1G44510","scaffold_1_RagTag",14691633,14693877,2244,2793.75,1
"2322","WS1_v2_s","AL3G25980","scaffold_3_RagTag",6163148,6164972,1824,2281.25,1
"2422","WS1_v2_s","AL7G52050","scaffold_7_RagTag",25855205,25857096,1891,2411.25,1
"2522","WS1_v2_s","AL4G11740","scaffold_4_RagTag",1427920,1430522,2602,3343.75,1
"2621","WS1_v2_s","AL1G56790","scaffold_1_RagTag",26604752,26605899,1147,1361.25,1
"2719","WS1_v2_s","AL2G29950","scaffold_2_RagTag",17802949,17805666,2717,3397.5,1
"2820","WS1_v2_s","AL3G22540","scaffold_3_RagTag",4737760,4738650,890,1115,1
"2921","WS1_v2_s","AL7G14700","scaffold_7_RagTag",1973120,1975868,2748,3436.25,1
"3021","WS1_v2_s","AL7G17000","scaffold_7_RagTag",3114761,3117170,2409,3012.5,1
"3125","WS1_v2_s","AL8G23980","scaffold_8_RagTag",13524487,13527031,2544,3198.75,1
"3223","WS1_v2_s","AL1G44620","scaffold_1_RagTag",14756789,14760819,4030,5038.75,1
"3322","WS1_v2_s","AL1G32880","scaffold_1_RagTag",9053725,9055047,1322,1592.5,1
"3422","WS1_v2_s","AL3G41310","scaffold_3_RagTag",13688404,13690202,1798,2193.75,1
"3522","WS1_v2_s","AL8G16570","scaffold_8_RagTag",4203074,4204894,1820,2277.5,1
"3622","WS1_v2_s","AL2G25840","scaffold_2_RagTag",15262086,15265855,3769,4706.25,1
"3722","WS1_v2_s","AL4G44060","scaffold_4_RagTag",20089364,20095892,6528,8181.25,1
"3822","WS1_v2_s","AL6G36110","scaffold_6_RagTag",11781043,11783138,2095,2593.75,1
"3921","WS1_v2_s","AL8G32740","scaffold_8_RagTag",18174712,18180843,6131,7657.5,1
"4018","WS1_v2_s","AL1G40480","scaffold_1_RagTag",12726818,12733687,6869,8606.25,1
"4122","WS1_v2_s","AL4G23330","scaffold_4_RagTag",10312083,10314921,2838,3543.75,1
"4219","WS1_v2_s","AL6G24590","scaffold_6_RagTag",6047717,6050579,2862,3593.75,1
"4322","WS1_v2_s","AL1G31800","scaffold_1_RagTag",8646907,8651682,4775,5962.5,1
"4421","WS1_v2_s","AL6G10970","scaffold_6_RagTag",394924,398472,3548,4407.5,1
"4522","WS1_v2_s","AL1G11800","scaffold_1_RagTag",811323,814046,2723,3423.75,1
"4621","WS1_v2_s","AL1G13710","scaffold_1_RagTag",1565881,1568931,3050,3810,1
"4722","WS1_v2_s","AL6G51420","scaffold_6_RagTag",25946105,25948244,2139,2703.75,1
"4821","WS1_v2_s","AL8G19860","scaffold_8_RagTag",10203783,10205567,1784,2268.75,1
