"Orthogroup","Aalpina_V4_priTranscripts","Ahalleri_v2.1.0.priTranscripts","Alyrata_v2.1.priTranscripts","Athaliana_Araport11.priTranscripts","Cpapayav_0.4_priTranscriptOnly"
"OG0000007","AALP_AA3G057100","","AL3G16620.t1","AT2G28700.1, AT5G27810.1, AT5G48670.1","evm.TU.contig_24608.1, evm.TU.contig_24864.1, evm.TU.contig_24864.2, evm.TU.contig_25049.1, evm.TU.contig_25049.2, evm.TU.contig_25049.3, evm.TU.contig_25049.4, evm.TU.contig_25049.5, evm.TU.contig_25253.1, evm.TU.contig_25253.2, evm.TU.contig_25253.3, evm.TU.contig_25253.4, evm.TU.contig_25253.5, evm.TU.contig_25982.1, evm.TU.contig_25982.2, evm.TU.contig_26058.1, evm.TU.contig_26058.2, evm.TU.contig_27586.1, evm.TU.contig_28089.1, evm.TU.contig_28448.1, evm.TU.contig_28448.2, evm.TU.contig_28448.3, evm.TU.contig_28448.4, evm.TU.contig_29396.1, evm.TU.contig_31147.1, evm.TU.contig_32899.1, evm.TU.contig_32899.2, evm.TU.contig_33457.1, evm.TU.contig_33457.2, evm.TU.contig_34187.1, evm.TU.contig_34822.1, evm.TU.contig_34921.1, evm.TU.contig_35009.1, evm.TU.contig_35265.1, evm.TU.contig_35762.1, evm.TU.contig_35795.1, evm.TU.contig_35868.1, evm.TU.contig_35890.1, evm.TU.contig_36181.1, evm.TU.contig_36543.1, evm.TU.contig_37084.1, evm.TU.contig_37565.1, evm.TU.contig_38146.1, evm.TU.contig_38285.1, evm.TU.contig_38760.1, evm.TU.contig_39415.1, evm.TU.contig_39804.1, evm.TU.contig_39907.1, evm.TU.contig_40008.1, evm.TU.contig_40164.1, evm.TU.contig_40165.1, evm.TU.contig_40189.1, evm.TU.contig_40485.1, evm.TU.contig_40499.1, evm.TU.contig_40499.2, evm.TU.contig_40915.1, evm.TU.contig_42649.1, evm.TU.contig_43368.1, evm.TU.contig_43908.1, evm.TU.contig_44957.1, evm.TU.contig_45963.1, evm.TU.contig_46342.1, evm.model.supercontig_0.43, evm.model.supercontig_100.10, evm.model.supercontig_100.14, evm.model.supercontig_100.22, evm.model.supercontig_100.9, evm.model.supercontig_1136.1, evm.model.supercontig_1136.2, evm.model.supercontig_1153.1, evm.model.supercontig_1169.1, evm.model.supercontig_117.18, evm.model.supercontig_117.19, evm.model.supercontig_117.22, evm.model.supercontig_117.23, evm.model.supercontig_117.24, evm.model.supercontig_118.30, evm.model.supercontig_118.9, evm.model.supercontig_1237.1, evm.model.supercontig_1256.1, evm.model.supercontig_135.2, evm.model.supercontig_135.3, evm.model.supercontig_135.4, evm.model.supercontig_135.5, evm.model.supercontig_1361.1, evm.model.supercontig_139.40, evm.model.supercontig_15.142, evm.model.supercontig_1643.1, evm.model.supercontig_1750.1, evm.model.supercontig_1750.2, evm.model.supercontig_185.10, evm.model.supercontig_185.11, evm.model.supercontig_185.12, evm.model.supercontig_185.14, evm.model.supercontig_185.2, evm.model.supercontig_185.3, evm.model.supercontig_185.4, evm.model.supercontig_185.5, evm.model.supercontig_185.6, evm.model.supercontig_185.7, evm.model.supercontig_185.8, evm.model.supercontig_185.9, evm.model.supercontig_217.21, evm.model.supercontig_22.66, evm.model.supercontig_220.11, evm.model.supercontig_2248.1, evm.model.supercontig_2600.1, evm.model.supercontig_265.1, evm.model.supercontig_265.2, evm.model.supercontig_265.3, evm.model.supercontig_265.4, evm.model.supercontig_265.5, evm.model.supercontig_265.6, evm.model.supercontig_30.163, evm.model.supercontig_30.164, evm.model.supercontig_30.165, evm.model.supercontig_30.166, evm.model.supercontig_34.38, evm.model.supercontig_34.39, evm.model.supercontig_34.40, evm.model.supercontig_34.41, evm.model.supercontig_358.1, evm.model.supercontig_4.187, evm.model.supercontig_44.14, evm.model.supercontig_51.120, evm.model.supercontig_51.121, evm.model.supercontig_51.123, evm.model.supercontig_51.124, evm.model.supercontig_5245.1, evm.model.supercontig_960.1"
"OG0000009","AALP_AA1G046900, AALP_AA3G045900, AALP_AA3G116600, AALP_AA3G116700, AALP_AA5G036700, AALP_AA5G036800, AALP_AA5G036900, AALP_AA5G040100, AALP_AA5G155900, AALP_AA5G156600, AALP_AA5G194400, AALP_AA6G282500, AALP_AA6G354700, AALP_AA8G107400, AALP_AA8G168300, AALP_AA8G352300, AALP_AA8G352400, AALP_AA8G448800, AALP_AA8G448900, AALP_AA8G465500","Ah2G10920.1, Ah4G10200.2, Ah4G33550.1, Ah5G05430.1, Ah5G17870.1, Ah5G17880.1, Ah5G17890.1, Ah5G17900.1, Ah5G17920.1, Ah5G18210.1, Ah5G19960.1, Ah5G20990.1, Ah5G22400.2, Ah5G22420.1, Ah5G22450.1, Ah5G25220.2, Ah6G35530.2, Ah6G35550.1, Ah7G14670.1, Ah7G38150.2, Ah7G38160.1, Ah8G07420.1, Ah8G22190.1, Ah8G22200.1, Ah8G22210.1, Ah8G22710.1, Ah8G30690.1","AL1G65610.t1, AL4G20070.t1, AL5G15900.t1, AL5G15910.t1, AL5G28540.t1, AL5G28550.t1, AL5G28950.t1, AL5G30872.t1, AL5G31970.t1, AL5G36020.t1, AL6G44330.t1, AL6G44360.t1, AL6G44370.t1, AL7G26600.t1, AL7G51940.t1, AL7G51960.t1, AL7G52000.t1, AL7G52020.t1, AL8G17190.t1, AL8G32200.t1, AL8G32500.t1, AL8G32520.t1, AL8G32530.t1, AL8G40480.t1, AL8G41770.t1","AT1G55030.2, AT2G04230.1, AT2G26860.2, AT3G26920.3, AT3G26922.2, AT3G26930.2, AT3G49020.1, AT3G49030.1, AT3G49040.1, AT3G50710.1, AT3G51530.1, AT3G52680.1, AT3G52690.1, AT3G54910.2, AT3G55670.1, AT3G55900.1, AT4G00160.1, AT4G09920.1, AT4G10400.1, AT4G10410.1, AT4G10420.1, AT4G13965.1, AT4G26340.1, AT5G38565.1, AT5G38570.1, AT5G38580.1, AT5G38590.2, AT5G56690.1, AT5G56700.2, AT5G60610.1",""
"OG0000012","AALP_AA2G066700, AALP_AA3G277400, AALP_AA3G352100, AALP_AA5G206400, AALP_AA5G206600, AALP_AA5G226800, AALP_AA5G227000, AALP_AA5G227100, AALP_AA5G227600, AALP_AA5G227700, AALP_AA5G227800, AALP_AA5G228000, AALP_AA5G228200, AALP_AA5G228400, AALP_AA5G228600, AALP_AA5G228800, AALP_AA5G228900, AALP_AA5G229300, AALP_AA5G232000, AALP_AA5G232100, AALP_AA5G232300, AALP_AA6G178800","Ah1G19360.1, Ah1G36480.1, Ah1G36490.1, Ah2G09800.2, Ah3G33320.1, Ah3G33330.1, Ah3G33340.1, Ah3G34560.1, Ah5G05620.1, Ah5G12540.1, Ah5G12570.1, Ah5G29100.1, Ah5G29110.2, Ah5G29140.1, Ah5G29150.1, Ah5G29160.1, Ah5G29180.1, Ah5G29220.1, Ah5G29250.1, Ah5G29270.1, Ah5G29280.1, Ah5G29290.1, Ah5G29310.1","AL1G49650.t1, AL1G49660.t1, AL1G66550.t1, AL1G66560.t1, AL3G42870.t1, AL3G42880.t1, AL3G42890.t1, AL3G42900.t1, AL5G23140.t1, AL5G23200.t1, AL5G23230.t1, AL5G39900.t1, AL5G39910.t1, AL5G39920.t1, AL5G39940.t1, AL5G39960.t1, AL5G39970.t1, AL5G39980.t1, AL5G40000.t1, AL5G40020.t1, AL5G40070.t1, AL5G40100.t1, AL5G40110.t1, AL5G40120.t1, AL5G40140.t1, AL5G40170.t1","AT1G31370.1, AT1G31380.1, AT1G31390.1, AT1G31400.1, AT2G01790.1, AT2G05400.3, AT2G05410.2, AT2G05420.1, AT3G27040.1, AT3G44790.1, AT3G44800.1, AT3G44805.1, AT3G58200.1, AT3G58210.1, AT3G58220.2, AT3G58250.1, AT3G58260.1, AT3G58270.3, AT3G58290.1, AT3G58340.1, AT3G58350.1, AT3G58360.1, AT3G58370.1, AT3G58400.1, AT3G58410.1, AT3G58420.1","evm.model.supercontig_85.3"
"OG0000015","AALP_AA4G116900, AALP_AA7G055000, AALP_AAs69811U000200","Ah124U00020.1, Ah16U00020.1, Ah1G03390.1, Ah1G09640.1, Ah1G27970.1, Ah1G36200.1, Ah1G41670.1, Ah1G41780.1, Ah1G43810.1, Ah1G49270.1, Ah2G07330.1, Ah2G07340.1, Ah2G09500.1, Ah2G14010.1, Ah2G15560.1, Ah2U00680.1, Ah3G13450.1, Ah3G30280.1, Ah3G30780.1, Ah3G32470.1, Ah3G34090.1, Ah3G36580.1, Ah3G36970.1, Ah3G39420.1, Ah3G42150.1, Ah3G43720.1, Ah4G05990.1, Ah4G30070.1, Ah5G05910.1, Ah5G06990.1, Ah5G11810.1, Ah5G15400.1, Ah5G30830.1, Ah5G35770.1, Ah6G01400.1, Ah6G27330.1, Ah6G34640.1, Ah6G39400.1, Ah6G39600.1, Ah7G08190.1, Ah7G24660.1, Ah7G37080.1, Ah8G05000.1, Ah8G06500.1, Ah8G06920.1, Ah8G11290.1, Ah8G14110.1, Ah8G18630.1, Ah8G33010.1","AL1G53250.t1, AL1G56200.t1, AL1G56270.t1, AL1G61030.t1, AL2G10360.t2, AL2G38250.t1, AL364U10020.t1, AL3G39750.t1, AL3G40240.t1, AL3G45200.t2, AL3G53150.t1, AL4G28120.t1, AL4G41810.t1, AL6G39210.t2, AL7G30150.t1, AL7G34100.t1, AL8G11480.t1, AL8G14770.t1","AT1G29005.1, AT1G33710.1, AT1G34440.1, AT1G40390.1, AT1G43730.1, AT1G43760.1, AT1G44941.1, AT1G50080.1, AT1G60720.1, AT2G02520.1, AT2G19146.1, AT3G25720.1, AT3G25727.1, AT3G27590.1, AT4G04650.1, AT4G05095.1, AT4G10613.1, AT5G11565.1, AT5G16486.1, AT5G28615.1",""
"OG0000016","AALP_AA1G063300, AALP_AA1G135600, AALP_AA1G139600, AALP_AA1G139900, AALP_AA2G005100, AALP_AA2G013500, AALP_AA2G014100, AALP_AA2G029900, AALP_AA8G174800, AALP_AAs49566U000200, AALP_AAs72154U000100","Ah1G06670.1, Ah1G14140.1, Ah1G14210.1, Ah1G14220.1, Ah1G14340.1, Ah2G00270.2, Ah2G01350.1, Ah2G02430.1, Ah2G02510.1, Ah2G02730.1, Ah2G02750.1, Ah2G02990.1, Ah2G03060.2, Ah2G03080.1, Ah2G03100.1, Ah3G19960.1, Ah3G27700.1, Ah6G18170.1, Ah7G41870.3","AL1G16610.t1, AL1G23620.t1, AL1G23630.t1, AL1G23970.t1, AL1G24070.t1, AL1G24080.t1, AL1G24180.t1, AL1G24190.t1, AL2G10190.t1, AL2G11490.t1, AL2G11830.t1, AL2G12460.t1, AL2G12470.t1, AL2G12500.t1, AL2G12780.t1, AL2G12790.t1, AL2G12810.t1, AL2G12820.t1, AL2G12830.t1, AL2G13070.t1, AL2G13120.t1, AL2G13130.t1, AL2G13140.t1, AL2G13150.t1, AL2G13170.t1, AL2G13280.t1, AL2G18840.t1, AL3G29642.t1, AL3G36780.t1, AL6G27650.t1, AL7G48260.t1","AT1G06580.1, AT1G12300.1, AT1G12620.1, AT1G12700.2, AT1G12775.1, AT1G62590.1, AT1G62670.1, AT1G62680.2, AT1G62720.1, AT1G62910.1, AT1G62914.1, AT1G62930.1, AT1G63070.1, AT1G63080.3, AT1G63130.1, AT1G63150.1, AT1G63330.2, AT1G63400.1, AT1G64583.1, AT3G16710.1, AT3G22470.1, AT4G26800.2, AT5G16640.1, AT5G41170.1","evm.model.supercontig_161.35, evm.model.supercontig_58.57"
"OG0000022","AALP_AA2G099400, AALP_AA2G099500, AALP_AA3G024400, AALP_AA3G024600, AALP_AA3G317500, AALP_AA5G239700, AALP_AA5G240200, AALP_AA5G241700, AALP_AA5G243400, AALP_AA5G245400, AALP_AA5G245700, AALP_AA5G245900, AALP_AA5G246000, AALP_AA5G246200, AALP_AA5G246400, AALP_AA5G246900, AALP_AA6G020000, AALP_AAs42053U000100, AALP_AAs55242U000100, AALP_AAs68706U000100, AALP_AAs69437U000100","Ah1G19400.1, Ah3G05430.1, Ah3G05440.1, Ah3G35820.1, Ah5G29900.3, Ah5G30240.1, Ah5G30250.1, Ah5G30260.1, Ah5G30270.1, Ah5G30280.1, Ah5G30290.1, Ah5G30300.1, Ah5G30350.1, Ah5G30370.1, Ah7G31030.1","AL164U10020.t1, AL2G18450.t1, AL3G12540.t1, AL3G12550.t1, AL5G16810.t1, AL5G40710.t1, AL5G41040.t1, AL5G41050.t1, AL5G41060.t1, AL5G41070.t1, AL5G41080.t1, AL5G41090.t1, AL5G41120.t1, AL5G41130.t1, AL7G42310.t1, AL8G16450.t1","AT1G58310.1, AT3G03030.1, AT3G03040.1, AT3G49150.1, AT3G58900.4, AT3G59160.1, AT3G59170.1, AT3G59180.1, AT3G59190.2, AT3G59200.1, AT3G59210.1, AT3G59230.1, AT3G59240.1, AT3G59250.1, AT4G14096.2, AT4G14103.2",""
"OG0000024","","Ah1G11970.1, Ah1G52500.1, Ah2G07290.1, Ah2G07430.1, Ah2G07440.1, Ah2G07480.1, Ah2G07490.1, Ah2G07500.1, Ah2G07590.1, Ah2G07600.1, Ah2G08050.1, Ah2G09860.1, Ah2G10820.1, Ah7G27880.1, Ah7G28230.1, Ah8G11310.1, Ah8G11330.1, Ah8G11350.1, Ah8G11370.1, Ah8G11390.1","AL1G21900.t1, AL1G61840.t2, AL1G65650.t1, AL1G65670.t1, AL293U10010.t1, AL2G16980.t1, AL2G17070.t1, AL2G17080.t1, AL2G17090.t1, AL2G17100.t1, AL2G17250.t1, AL2G17390.t1, AL2G17410.t1, AL2G17420.t1, AL2G17430.t1, AL2G17650.t1, AL2G17810.t1, AL2G17820.t1, AL2G17830.t1, AL625U10020.t1, AL6G33840.t1, AL7G39090.t1, AL7G46780.t1, AL8G21620.t1, AL8G21640.t1","AT1G10920.4, AT1G53350.1, AT1G58390.1, AT1G58400.2, AT1G58410.2, AT1G58602.2, AT1G58807.1, AT1G58848.1, AT1G59124.2, AT1G59218.2, AT1G59620.1, AT1G59780.1, AT4G16095.1, AT5G35450.1, AT5G43470.1, AT5G48620.1","evm.model.supercontig_86.20"
"OG0000027","AALP_AA3G231200, AALP_AA3G231300, AALP_AA3G231500, AALP_AA3G231600, AALP_AA3G300300, AALP_AA5G035800, AALP_AA5G078700, AALP_AA7G094400, AALP_AA7G164900, AALP_AA8G485600, AALP_AAs54448U000100","Ah3G24400.1, Ah3G24430.1, Ah3G24440.1, Ah3G33180.1, Ah4G09920.1, Ah4G09930.1","AL3G33760.t1, AL3G33770.t1, AL3G33780.t1, AL3G33790.t1, AL3G33800.t1, AL3G33810.t1, AL3G33830.t1, AL3G34900.t1, AL3G42780.t1, AL4G20490.t1, AL7G40280.t1, AL7G40290.t1, AL8G20150.t1","AT1G28430.1, AT2G05180.1, AT2G14100.1, AT2G27000.1, AT2G27010.1, AT3G20080.2, AT3G20090.2, AT3G20100.1, AT3G20110.1, AT3G20120.4, AT3G20130.1, AT3G20140.1, AT3G20935.1, AT3G20940.1, AT3G20950.1, AT3G20960.2, AT3G32047.1, AT4G15330.1, AT4G15350.1, AT4G15360.1, AT4G15380.1, AT5G42580.1, AT5G47990.1",""
"OG0000029","AALP_AA1G315800, AALP_AA1G315900, AALP_AA5G165700, AALP_AA5G182900, AALP_AA5G184800, AALP_AA5G216100","Ah1G35870.1, Ah5G28340.1","AL1G45230.t1, AL1G45270.t1, AL1G45280.t1, AL1G45290.t1, AL1G45300.t1, AL1G45350.t1, AL1G45470.t1, AL1G45480.t1, AL1G45490.t1, AL1G45510.t1, AL1G45520.t1, AL1G45530.t1, AL1G45540.t1, AL1G45550.t1, AL1G45560.t1, AL1G45570.t1, AL1G45580.t1, AL1G45590.t1, AL1G45600.t1, AL1G45610.t1, AL1G46260.t1, AL1G46270.t1, AL1G46280.t1, AL2G25510.t1, AL3G45420.t1, AL4G14910.t1, AL4G14930.t1, AL4G35160.t1, AL5G23680.t1, AL5G38280.t1, AL5G39160.t1, AL5G39170.t1, AL6G43880.t1, AL756U10010.t1","AT1G30920.1, AT1G30930.1, AT1G31080.1, AT1G31090.1, AT1G67130.1, AT3G56890.1, AT3G57580.1, AT3G57590.1, AT5G38810.2, AT5G42430.1",""
"OG0000030","AALP_AA2G118800, AALP_AA3G112600, AALP_AA3G112700, AALP_AA3G112800, AALP_AA3G132700, AALP_AA3G132800, AALP_AA3G248300, AALP_AA8G174700, AALP_AA8G176200, AALP_AA8G430800","Ah1G38450.1, Ah1G38890.1, Ah2G24420.1, Ah2G24440.1, Ah3G11430.2, Ah3G13630.1, Ah3G13650.1, Ah3G13660.1, Ah4G02710.1, Ah4G02760.1, Ah4G02790.2, Ah4G02820.1","AL2G33070.t1, AL3G21810.t1, AL3G23890.t1, AL3G23900.t1, AL4G12560.t1, AL4G12610.t1, AL4G12620.t1, AL4G12630.t1, AL4G12640.t1, AL4G12650.t1, AL4G12670.t1","AT1G33540.1, AT1G73270.1, AT1G73280.1, AT1G73290.1, AT1G73300.1, AT1G73310.1, AT2G22920.2, AT2G22970.3, AT2G22980.4, AT2G22990.3, AT2G23000.1, AT2G23010.1, AT3G10450.1, AT3G12203.1, AT3G12220.1, AT3G12230.1, AT3G12240.1, AT5G36180.1","evm.model.supercontig_142.47"
"OG0000038","AALP_AA2G040100","Ah1G22000.1, Ah1G37370.1, Ah2G01010.1, Ah2G06120.1, Ah2G08120.1, Ah2G13120.1, Ah2G17670.1, Ah2G20440.1, Ah2G24040.1, Ah2G30180.1, Ah3G02140.1, Ah3G21720.1, Ah3G29580.1, Ah3G37280.1, Ah3G37610.1, Ah3G38150.1, Ah3G41490.1, Ah4G03960.1, Ah4G07800.1, Ah4G13090.1, Ah4G13930.1, Ah4G15390.1, Ah5G01620.1, Ah5G08300.1, Ah5G08510.1, Ah5G11400.1, Ah5G13530.1, Ah5U00100.1, Ah63U00010.1, Ah6G08080.1, Ah6G28890.1, Ah6G30890.1, Ah6G36280.1, Ah6G42960.1, Ah6G43000.1, Ah7G31320.1, Ah7G34010.1, Ah7G39620.1, Ah8G05160.1, Ah8G08780.1, Ah8G09570.1, Ah8G11110.1, Ah8G11320.1, Ah8G15220.1, Ah8G21350.1","AL7G45050.t2, AL7G46370.t1","AT2G22440.1",""
"OG0000039","AALP_AA3G361700, AALP_AA5G088400, AALP_AA5G088500, AALP_AA6G352800, AALP_AA8G389400, AALP_AA8G389500, AALP_AAs44436U000100","Ah5G14920.1, Ah5G14930.1, Ah5G14960.1, Ah5G14980.1, Ah5G15010.1, Ah5G15020.1, Ah5G15030.1, Ah5G15040.1, Ah5G15060.1, Ah7G37200.1, Ah7G37260.1, Ah8G26230.1, Ah8G26240.1, Ah8G26270.1","AL5G25540.t1, AL5G25550.t1, AL5G25590.t1, AL5G25610.t1, AL5G25630.t1, AL5G25640.t1, AL5G25650.t1, AL5G25660.t1, AL5G25670.t1, AL5G25690.t1, AL7G52904.t1, AL7G52952.t1, AL7G52980.t1, AL8G36070.t1, AL8G36080.t1, AL8G36090.t1","AT3G46650.1, AT3G46660.1, AT3G46670.1, AT3G46680.1, AT3G46690.1, AT3G46700.1, AT3G46720.1, AT5G37950.1, AT5G38010.1, AT5G38040.1, AT5G59580.1, AT5G59590.1",""
"OG0000040","AALP_AA8G328500","Ah1G33380.1, Ah1G33390.1, Ah2G31040.1, Ah2G31050.1, Ah2G31080.1, Ah3G31250.1, Ah7G02620.1, Ah8G15680.1, Ah8G15690.1, Ah8G17670.1, Ah8G17680.1, Ah8G17790.1, Ah8G19700.1, Ah8G19710.1, Ah8G19750.1, Ah8G19760.1, Ah8G19870.1, Ah8G21470.1, Ah8G24990.1","AL236U10020.t1, AL2G24370.t1, AL3G40910.t1, AL628U10010.t1, AL6G19150.t1, AL8G27430.t1, AL8G27440.t1, AL8G28780.t1, AL8G29750.t1, AL8G29760.t1, AL8G29780.t1, AL8G29920.t1, AL8G29950.t1, AL8G30820.t1","AT3G43170.1, AT3G43970.2, AT5G52930.1, AT5G52940.1, AT5G53230.1, AT5G54320.1, AT5G54330.1, AT5G54420.1, AT5G54450.1, AT5G54550.1, AT5G54560.1, AT5G55270.1, AT5G55870.1, AT5G55880.1, AT5G55890.1",""
"OG0000042","AALP_AA2G064200, AALP_AA2G081300, AALP_AA5G199400, AALP_AA5G199500, AALP_AA5G223900, AALP_AA5G224000, AALP_AA5G224100, AALP_AA6G352900","Ah2G15890.1, Ah2G15910.1, Ah2G15920.1, Ah2G15960.1, Ah6G30580.1, Ah7G36980.1, Ah7G37050.1, Ah7G37090.1, Ah7G37100.1, Ah7G37110.1","AL2G24580.t1, AL2G24590.t1, AL2G24600.t1, AL7G46770.t1, AL7G46830.t1, AL7G46840.t1, AL7G46850.t1, AL7G46860.t1, AL7G46870.t1, AL7G46880.t1, AL7G47450.t1, AL7G49470.t1, AL7G52890.t1, AL7G53030.t1, AL7G53060.t1, AL7G53090.t1, AL7G53100.t1, AL7G53110.t1, AL8G39760.t1","AT1G66610.1, AT1G66620.1, AT1G66630.1, AT1G66650.1, AT5G37870.1, AT5G37890.1, AT5G37900.1, AT5G37910.1, AT5G37930.1, AT5G62800.1","evm.model.supercontig_116.13"
"OG0000045","","Ah1G34280.1, Ah1G41400.1, Ah1G41860.1, Ah1G48120.1, Ah1G48130.1, Ah1G48750.1, Ah1G51680.1, Ah1G51690.1, Ah2G10730.1, Ah2G12830.1, Ah2G14600.1, Ah2G29920.1, Ah3G09390.1, Ah3G21240.1, Ah3G31870.1, Ah3G39260.1, Ah3G40920.1, Ah3G40960.1, Ah3G41070.1, Ah3U00410.1, Ah4G08050.1, Ah56U00050.1, Ah5G00950.1, Ah5G01360.1, Ah5G04940.1, Ah5G06560.1, Ah5G07790.1, Ah5G09380.1, Ah5G09390.1, Ah5G30490.1, Ah6G00150.1, Ah6G38180.1, Ah7G18620.1, Ah7G26470.1, Ah7G34930.1, Ah7G36640.1, Ah7G38200.1, Ah7G38960.1, Ah8G04190.1, Ah8G04290.1, Ah8G30120.1","AL1G46390.t1, AL1G47590.t1, AL1G51920.t1, AL1G64730.t1, AL5G18740.t1","AT5G27606.1",""
"OG0000046","AALP_AA2G016300, AALP_AA2G016400, AALP_AA2G020700, AALP_AA2G021700, AALP_AA2G021800, AALP_AA3G052900, AALP_AA3G075200, AALP_AA8G032300, AALP_AA8G415000, AALP_AAs45371U000100, AALP_AAs50016U000200, AALP_AAs60874U000100","Ah2G03930.1, Ah2G04070.1, Ah2G04080.1, Ah2G04090.1, Ah2G04100.1","AL1G66000.t1, AL2G13390.t1, AL2G13790.t1, AL2G13820.t1, AL2G13840.t1, AL2G13900.t1, AL2G13990.t1, AL2G14050.t1, AL2G14060.t1, AL2G14070.t1, AL2G14080.t1, AL2G14090.t1, AL2G14100.t1, AL2G14110.t1, AL5G22030.t1, AL5G26170.t1, AL6G35250.t1, AL8G20000.t1","AT1G56380.2, AT1G61960.1, AT1G61970.6, AT1G61980.1, AT1G61990.1, AT1G62085.1, AT1G62110.1, AT1G62120.1, AT1G62490.1, AT3G46950.1, AT5G23930.1",""
"OG0000047","AALP_AA2G059500, AALP_AA4G072400, AALP_AA5G092500, AALP_AA5G096400, AALP_AA5G097000, AALP_AA5G105200, AALP_AA8G227000, AALP_AA8G390600","Ah3G36770.1, Ah4G10900.1, Ah5G12610.1, Ah5G12630.1, Ah5G15640.1, Ah5G15650.1, Ah5G15660.1, Ah5G15690.1, Ah5G16150.1, Ah5G16160.1, Ah5G16200.1, Ah5G16210.1, Ah6G22520.1, Ah8G13990.1","AL3G46650.t1, AL4G21250.t1, AL5G23250.t1, AL5G26330.t1, AL5G26340.t1, AL5G26350.t1, AL5G26360.t1, AL5G26370.t1, AL5G26810.t1, AL5G26820.t1, AL5G26840.t1, AL5G26860.t1, AL5G26870.t1, AL6G32010.t1, AL8G24400.t1","AT3G47090.1, AT3G47110.1, AT3G47570.1, AT3G47580.1, AT5G20480.2, AT5G39390.1","evm.model.supercontig_112.36, evm.model.supercontig_16.15, evm.model.supercontig_19.169"
"OG0000049","AALP_AA5G090000, AALP_AA8G381300, AALP_AA8G381500, AALP_AA8G381700, AALP_AAs59441U000100, AALP_AAs64312U000100","Ah5G15310.1, Ah6G28230.1, Ah8G16250.1, Ah8G25240.1, Ah8G25250.1, Ah8G25720.1, Ah8G25730.1, Ah8G25760.1, Ah8G25790.1","AL285U10010.t1, AL48U10010.t1, AL48U10030.t1, AL48U10040.t2, AL5G25850.t1, AL5G25860.t1, AL5G25870.t1, AL8G26340.t1, AL8G34670.t1, AL8G35110.t1, AL8G35120.t1, AL8G35130.t1, AL8G35140.t1, AL8G35190.t1, AL8G35560.t1, AL8G35570.t1, AL8G35580.t1, AL8G35600.t1, AL8G35620.t1","AT3G46840.1, AT3G46850.1, AT5G58820.1, AT5G58830.1, AT5G58840.1, AT5G59090.1, AT5G59100.1, AT5G59110.1, AT5G59120.1, AT5G59130.4",""
"OG0000054","AALP_AA3G060200, AALP_AA3G061300, AALP_AA3G061400, AALP_AA3G061500","Ah2G00910.1, Ah2G01220.1, Ah2G01240.2, Ah2G01280.1, Ah2G01290.1, Ah2G01300.1, Ah2G01450.1, Ah2G06980.1, Ah2G09910.1, Ah2G09950.1, Ah2G09980.1, Ah3G39130.1, Ah8G24430.1","AL1G66260.t1, AL1G66330.t1, AL1G66350.t2, AL1G66380.t1, AL2G11205.t1, AL2G11220.t1, AL2G11240.t1, AL2G11260.t1, AL2G11380.t1, AL2G11390.t1, AL3G49580.t1","AT1G56510.1, AT1G56520.2, AT1G56540.1, AT1G63730.1, AT1G63740.2, AT1G63750.3, AT1G63860.1, AT1G63870.1, AT1G63880.1, AT1G64070.1, AT2G16870.1, AT4G14370.2, AT5G35510.2, AT5G38850.1, AT5G58120.1",""
"OG0000060","AALP_AAs63411U000100","Ah2G09970.1, Ah2U01850.1, Ah3G26010.1, Ah4G15860.1, Ah5G12600.1, Ah5G15130.1, Ah6G40640.1, Ah7G18660.1, Ah7G35960.1, Ah8G03410.1, Ah8G05780.1, Ah8G09120.1, Ah8G11400.1, Ah8G23880.1","AL1G47430.t1, AL1G51180.t1, AL1G60090.t2, AL3G30210.t1, AL3G40680.t1, AL3G42580.t1, AL3G43290.t1, AL4G10770.t1, AL4G17640.t1, AL4G18390.t1, AL5G16910.t1, AL5G16920.t1, AL6G41380.t1, AL6G43460.t2, AL7G43910.t1, AL8G21960.t1","AT1G37020.1, AT1G42525.1, AT2G10260.1, AT3G30305.1, AT3G31910.1, AT4G08430.1, AT5G28235.1, AT5G28810.1, AT5G45570.2",""
"OG0000065","AALP_AA3G074000, AALP_AA6G115400, AALP_AA6G145800, AALP_AA6G324000","Ah2G12750.1, Ah3G10540.1, Ah5G08590.1, Ah6G20100.1, Ah6G24340.3, Ah7G13190.1, Ah7G37960.1, Ah8G01790.1, Ah8G01830.1, Ah8G01850.3, Ah8G02110.1, Ah8G02130.1, Ah8G08530.1","AL2G19370.t1, AL3G20910.t1, AL3G46070.t1, AL6G29600.t1, AL8G11910.t1, AL8G11920.t1, AL8G11930.t1, AL8G11940.t1, AL8G11950.t1, AL8G11960.t1, AL8G12190.t1","AT1G31540.2, AT5G22690.2, AT5G40060.1, AT5G46260.1, AT5G46270.4, AT5G46450.1, AT5G46470.1, AT5G46490.2, AT5G46500.1, AT5G46510.1, AT5G46520.2",""
"OG0000074","AALP_AA6G274500","Ah3G43930.1","","AT2G24205.1, AT3G42565.1, AT4G09545.1, AT5G36310.1, AT5G36320.1, AT5G36330.1, AT5G36340.1, AT5G36350.1, AT5G36360.1, AT5G36370.1, AT5G36380.1, AT5G36390.1, AT5G36400.1, AT5G36410.1, AT5G36420.1, AT5G36430.1, AT5G36440.1, AT5G36450.1, AT5G36460.1, AT5G36470.1, AT5G36480.1, AT5G36490.1, AT5G36500.1, AT5G36520.1, AT5G36540.1, AT5G36550.1, AT5G36657.1, AT5G36658.1, AT5G36659.1, AT5G36661.1, AT5G36662.1, AT5G36738.1, AT5G36739.1, AT5G42895.1, AT5G44495.1",""
"OG0000075","","Ah1G22220.1, Ah1G30990.1, Ah1G40430.1, Ah1G44620.1, Ah2G01260.1, Ah2G07660.1, Ah2G07670.1, Ah36U00050.1, Ah3G18160.1, Ah3G28940.1, Ah3G31300.1, Ah3G33960.1, Ah3G38790.1, Ah4G03110.1, Ah4G03120.1, Ah4G08280.1, Ah4G11140.1, Ah5G00560.1, Ah5G04080.1, Ah5G08610.1, Ah5G10540.1, Ah5G12430.1, Ah5G12440.1, Ah6G06380.1, Ah6G27810.1, Ah6G28280.1, Ah6G30650.1, Ah6G31610.1, Ah6G31980.1, Ah6G32650.1, Ah6G32740.1, Ah7G37330.1, Ah8G07340.1, Ah8G12500.1, Ah8G35130.1","AL7G37990.t1","AT1G36925.1",""
"OG0000077","AALP_AA1G075700, AALP_AA4G041500, AALP_AA4G041600","Ah1G46800.1, Ah1G50490.1, Ah1G50510.1, Ah1G50520.1, Ah3G26100.1, Ah4G13410.1, Ah4G13440.1, Ah5G14610.1, Ah5G14660.1, Ah5G14670.2","AL1G55940.t1, AL1G59850.t1, AL1G59870.t1, AL3G41990.t1, AL5G25230.t1, AL5G25240.t1, AL5G25250.t1","AT1G49100.1, AT1G51805.1, AT1G51810.1, AT1G51820.1, AT1G51830.2, AT1G51850.2, AT2G04300.2, AT2G29000.1, AT3G21340.1, AT3G46330.1, AT3G46340.1, AT3G46370.2, AT3G46400.1, AT3G46420.1, AT5G16900.1, AT5G59670.2",""
"OG0000083","","Ah1G31360.1, Ah1G45920.1, Ah2G06110.1, Ah3G02150.1, Ah3G36760.1, Ah3U00150.1, Ah4G16620.1, Ah5G10590.1, Ah5G10690.1, Ah5G11220.1, Ah7G31500.1, Ah8G12850.1, Ah8G16710.1","AL5G35340.t1, AL8G20100.t1, AL8G23770.t1","AT1G43680.1, AT2G02103.1, AT2G13450.1, AT2G13500.1, AT2G13510.1, AT2G16676.1, AT2G17905.1, AT2G17920.1, AT2G31590.1, AT2G41590.1, AT3G47920.1, AT3G57587.1, AT4G02000.1, AT4G04730.1, AT5G18636.1, AT5G25200.1, AT5G25600.1, AT5G35737.1, AT5G36228.1, AT5G51195.1",""
"OG0000086","AALP_AA8G320100","Ah8G12970.1","AL281U10020.t1, AL5G19750.t1, AL8G28624.t1","AT5G53670.1","evm.model.supercontig_100.30, evm.model.supercontig_11.83, evm.model.supercontig_118.27, evm.model.supercontig_123.1, evm.model.supercontig_141.4, evm.model.supercontig_1651.1, evm.model.supercontig_20.178, evm.model.supercontig_22.74, evm.model.supercontig_2244.1, evm.model.supercontig_2407.1, evm.model.supercontig_2644.1, evm.model.supercontig_2649.1, evm.model.supercontig_268.1, evm.model.supercontig_274.2, evm.model.supercontig_28.65, evm.model.supercontig_28.66, evm.model.supercontig_33.42, evm.model.supercontig_38.87, evm.model.supercontig_4.185, evm.model.supercontig_495.1, evm.model.supercontig_52.145, evm.model.supercontig_587.2, evm.model.supercontig_59.116, evm.model.supercontig_63.11, evm.model.supercontig_63.48, evm.model.supercontig_76.1, evm.model.supercontig_79.36, evm.model.supercontig_88.62, evm.model.supercontig_906.1"
"OG0000087","AALP_AAs52616U000100, AALP_AAs54992U000100","Ah1G12820.1, Ah1G15620.1, Ah1G25060.1, Ah1G43710.1, Ah2G00730.2, Ah2G14840.1, Ah3G17040.1, Ah3G23580.1, Ah3G23750.1, Ah5G19410.1, Ah6G25480.1, Ah6G25490.1, Ah6G36040.1, Ah7G09090.1, Ah8G05970.1, Ah8G08950.1, Ah8G09100.1, Ah8G09110.1","AL1G63190.t1, AL1G66070.t1, AL1G66310.t1, AL2G20190.t1, AL3G49730.t1, AL5G18020.t1, AL5G18610.t1, AL6G37670.t1","AT1G40087.1, AT1G42700.1, AT3G30200.1, AT5G28920.1","evm.TU.contig_35072.1, evm.TU.contig_35072.2, evm.model.supercontig_817.3"
"OG0000090","AALP_AA4G092400, AALP_AA7G035600, AALP_AA7G036700, AALP_AAs48788U000100","Ah1G46500.1, Ah1G46510.1, Ah7G22200.1, Ah7G32600.1, Ah7G32670.1, Ah8G05040.1","AL1G55520.t1, AL1G55540.t1, AL1G55550.t1, AL4G13120.t1, AL8G15000.t1, AL8G15010.t1, AL90U10010.t1, AL9U10450.t1, AL9U10470.t1","AT1G48800.1, AT1G48820.1, AT1G66020.1, AT1G70080.1, AT2G23230.2, AT3G29110.1, AT3G29190.1, AT4G13280.2, AT4G13300.1, AT4G15870.1, AT4G20200.1, AT4G20210.1, AT4G20230.2, AT5G44630.1, AT5G48110.1",""
"OG0000093","AALP_AA1G345400, AALP_AA4G007200, AALP_AA4G007300","Ah3G27010.1, Ah3G27090.1","AL3G36200.t3, AL3G36220.t1, AL3G38320.t1","AT3G21940.1, AT3G21980.1, AT3G21990.1, AT3G22000.1, AT3G22010.1, AT3G22020.1, AT3G22030.1, AT3G22040.1, AT3G22050.1, AT3G22053.1, AT4G20530.1, AT4G20540.1, AT4G20550.1, AT4G20560.1, AT4G20570.1, AT4G20580.1, AT4G20590.1, AT4G20600.1, AT4G20610.1, AT4G20620.1, AT4G20630.1, AT4G20640.1, AT4G20645.1, AT4G20670.1, AT4G20680.1",""
"OG0000095","AALP_AA4G095700, AALP_AA8G301100","Ah1G33210.1, Ah1G44720.1, Ah2G25450.1, Ah3G14490.1, Ah3G22080.1, Ah3G31990.1, Ah3G34000.1, Ah3G41260.1, Ah3G44340.1, Ah4G06780.2, Ah4G10640.1, Ah4G29400.1, Ah5G08670.1, Ah5G09120.1, Ah5G09160.1, Ah5G11330.1, Ah5G21650.1, Ah5G28840.1, Ah63U00060.1, Ah6G05000.1, Ah6G18100.1, Ah7G22280.1, Ah7G34370.1, Ah8G03320.1, Ah8G07610.1, Ah8G08290.1, Ah8G29830.1","AL2G13960.t1, AL6G32670.t2","AT1G18050.1, AT3G30370.1",""
"OG0000096","AALP_AA8G022500","Ah2G04000.1, Ah2G15640.1, Ah2G15670.1, Ah4G08710.1, Ah4G08720.1, Ah4G09440.1, Ah8G10740.1","AL4G14040.t1, AL5G23490.t1, AL6G44610.t1","AT1G29180.1, AT1G34480.1, AT1G44020.1, AT1G44030.2, AT1G45243.1, AT1G62030.1, AT1G66440.1, AT1G66450.2, AT2G28460.1, AT3G21210.1, AT3G26240.1, AT3G26250.1, AT3G50010.1, AT4G02540.1, AT4G10560.1, AT4G13130.1, AT4G15070.1, AT4G26380.1, AT5G03355.1, AT5G03360.1, AT5G37210.1, AT5G48320.1",""
"OG0000100","AALP_AA1G344500","Ah1G28690.1, Ah1G39100.1, Ah2G00180.1, Ah2G03190.1, Ah2G05350.1, Ah2G13700.1, Ah3G15780.1, Ah3G15920.1, Ah3G33030.1, Ah3G34160.1, Ah3G35240.1, Ah3G35250.1, Ah3G37860.1, Ah4G34070.1, Ah5G10820.1, Ah5G12170.1, Ah6G28790.1, Ah6G38280.1, Ah7G09430.1, Ah7G09900.1, Ah7G26660.1, Ah7G27850.1, Ah7G33370.1, Ah7G35250.1, Ah8G01930.1, Ah8G04650.1, Ah8G08940.1, Ah8G16510.1","AL5G18060.t1","AT1G31960.1, AT2G11462.1",""
"OG0000103","AALP_AA6G045600","Ah1G03110.1, Ah1G03120.1, Ah2G09140.1, Ah6G40400.5, Ah6G40430.1, Ah6G40460.1, Ah6G40510.1, Ah7G30460.3","AL1G13160.t1, AL3G14640.t1, AL6G39950.t1, AL6G49410.t1, AL6G49420.t1, AL7G41810.t1, AL7G41820.t1","AT1G03660.1, AT1G03670.1, AT4G03440.1, AT4G03450.1, AT4G03460.1, AT4G03470.1, AT4G03480.1, AT4G03490.3, AT4G03495.1, AT4G03500.1, AT4G03505.1, AT4G05040.1, AT4G14390.1, AT4G14400.1","evm.model.supercontig_34.145, evm.model.supercontig_34.146"
"OG0000106","AALP_AA3G105100, AALP_AA7G029700","Ah1G53640.1, Ah3G10640.1, Ah6G22670.2, Ah6G40020.1","AL1G63060.t1, AL2G21240.t1, AL2G21890.t1, AL4G28930.t1, AL6G12540.t1, AL6G32160.t1, AL6G35910.t1, AL6G48650.t1, AL6G48900.t1, AL6G48930.t1, AL6G49350.t1, AL6G50030.t1, AL7G44880.t1","AT1G55060.1, AT1G65350.1, AT4G02890.3, AT4G05050.2, AT4G05320.2, AT5G03240.3, AT5G20620.1, AT5G37640.1","evm.TU.contig_27582.1, evm.model.supercontig_198.11, evm.model.supercontig_97.60, evm.model.supercontig_97.61"
"OG0000107","AALP_AA8G428200, AALP_AA8G433800, AALP_AA8G433900","Ah1G31400.1, Ah1G31490.1, Ah3G36050.1, Ah4G04480.1, Ah7G32270.1","AL1G40990.t1, AL1G41000.t1, AL1G41010.t1, AL1G41020.t1, AL2G26330.t1, AL3G43390.t1, AL3G43980.t1, AL3G44020.t1, AL3G44030.t1, AL3G44060.t1, AL3G46030.t1, AL4G14150.t1, AL4G14170.t1, AL6G37020.t1, AL6G37130.t1","AT1G27540.3, AT1G27550.1, AT1G27580.1, AT2G14290.1, AT2G14500.1, AT2G24080.1, AT5G25290.1, AT5G25300.1",""
"OG0000118","AALP_AA2G197100, AALP_AA7G187800","Ah1G39400.1, Ah2G13010.1, Ah5G06470.1, Ah6G44000.1, Ah7G09390.1, Ah8G08160.1","AL2G19800.t1, AL3G23800.t1, AL7G18580.t1, AL7G45480.t1, AL8G15920.t1, AL8G33020.t1","AT1G04625.1, AT1G27870.1, AT1G47497.1, AT1G50160.1, AT1G77815.1, AT2G02650.1, AT2G04420.1, AT2G11205.1, AT2G46460.1, AT3G09510.1, AT3G25270.1, AT3G32130.1, AT4G03292.1, AT4G09775.1, AT5G43755.1","evm.model.supercontig_19.281"
"OG0000126","AALP_AA1G074500, AALP_AA8G053200","Ah4G13690.1, Ah4G13700.2, Ah4G13790.1, Ah4G13820.1, Ah4G13890.1, Ah4G13900.1","AL1G17600.t1, AL41U10050.t1, AL41U10060.t1, AL4G23710.t1, AL4G23730.t1, AL4G23850.t2, AL4G23910.t1, AL4G23920.t1, AL4G23930.t1, AL6G16010.t1, AL84U10010.t1","AT2G29150.1, AT2G29170.1, AT2G29260.1, AT2G29290.2, AT2G29350.1, AT2G29360.1, AT2G29370.1, AT5G06060.1","evm.model.supercontig_19.276, evm.model.supercontig_81.93"
"OG0000141","AALP_AA1G197200, AALP_AA3G298900, AALP_AA3G299000, AALP_AA3G340700, AALP_AA4G101400, AALP_AA4G102200, AALP_AA6G351100, AALP_AAs44974U000100, AALP_AAs51526U000200, AALP_AAs68076U000100, AALP_AAs68076U000300, AALP_AAs69602U000100, AALP_AAs69602U000300, AALP_AAs69602U000700, AALP_AAs71336U000100, AALP_AAs71644U000100, AALP_AAs73006U000200, AALP_AAs73006U000300","Ah7G31570.1, Ah7G31590.1","AL7G42590.t1, AL7G42710.t1","AT4G13810.2, AT4G13820.1, AT4G13880.1, AT4G13920.1","evm.model.supercontig_211.17, evm.model.supercontig_211.19"
"OG0000142","AALP_AA1G300400, AALP_AA1G300600, AALP_AA1G301800, AALP_AA1G301900, AALP_AA1G302000, AALP_AA1G302400, AALP_AA1G302500, AALP_AA1G303000, AALP_AA8G354200, AALP_AA8G354400","Ah1G33880.1, Ah1G33910.1, Ah1G33940.1, Ah1G33990.1, Ah1G34000.1","AL1G43240.t1, AL1G43260.t1, AL1G43270.t1, AL1G43320.t1","AT1G29420.2, AT1G29430.1, AT1G29440.1, AT1G29450.1, AT1G29460.2, AT1G29490.1, AT1G29500.1, AT1G29510.1, AT5G27780.1",""
"OG0000147","AALP_AA1G344300, AALP_AA4G218000","Ah3G12500.1, Ah4G26850.1, Ah4G32010.1, Ah4G32030.1, Ah4G32040.2, Ah4G32220.1, Ah7G25430.1","AL4G34310.t1, AL4G36610.t1, AL4G37620.t1, AL4G37630.t1, AL4G41930.t1, AL4G41950.t1, AL4G42180.t1, AL5G41700.t1, AL5G41710.t1, AL7G36780.t1","AT2G30385.1, AT2G30615.1, AT2G42955.1, AT2G43260.2, AT2G43270.1, AT2G43440.1, AT2G43445.1, AT4G17780.1",""
"OG0000150","AALP_AA1G335500, AALP_AA2G125600, AALP_AA3G191600, AALP_AA4G102600, AALP_AA6G076700, AALP_AA7G209000","Ah1G44300.1, Ah5G18490.1, Ah8G33660.1","AL1G45620.t1, AL2G14000.t1, AL2G14020.t1, AL4G22300.t1, AL4G27390.t1, AL4G27770.t1, AL5G29210.t1, AL5G29234.t1, AL5G29300.t1, AL8G43560.t1","AT1G46840.1, AT1G46912.1, AT1G46984.1, AT2G19630.1, AT2G31470.1, AT3G23960.1, AT3G49450.1, AT5G65850.1",""
"OG0000158","AALP_AA1G116400, AALP_AA5G268400","Ah5G32660.1","AL5G43410.t1","AT3G61170.1","evm.TU.contig_28770.1, evm.TU.contig_41021.1, evm.TU.contig_47523.1, evm.model.supercontig_10.118, evm.model.supercontig_157.36, evm.model.supercontig_17.169, evm.model.supercontig_18.212, evm.model.supercontig_18.213, evm.model.supercontig_19.6, evm.model.supercontig_26.246, evm.model.supercontig_26.275, evm.model.supercontig_52.123, evm.model.supercontig_52.124, evm.model.supercontig_54.11, evm.model.supercontig_6.399, evm.model.supercontig_67.29, evm.model.supercontig_75.84, evm.model.supercontig_82.7, evm.model.supercontig_85.121, evm.model.supercontig_9.390, evm.model.supercontig_92.22"
"OG0000159","AALP_AA1G195700, AALP_AA1G212600, AALP_AA1G212900, AALP_AA1G247800, AALP_AA2G237300, AALP_AA2G248200, AALP_AA2G257100, AALP_AA2G263200, AALP_AA4G147800, AALP_AAs49775U000100, AALP_AAs57564U000100, AALP_AAs58191U000100","Ah2G20260.1, Ah2G32360.1, Ah2G32380.1, Ah3G30860.1","AL1G49160.t1, AL2G28900.t1, AL2G40360.t1, AL2G40380.t1, AL3G39500.t1, AL3G52410.t1, AL3G52430.t1, AL3G52440.t1","AT1G69730.1, AT1G79680.1",""
"OG0000164","AALP_AA5G029300, AALP_AA5G029400, AALP_AA5G029900, AALP_AA5G030000, AALP_AA5G031400, AALP_AA5G031500, AALP_AA8G361500","Ah5G04560.1, Ah5G04580.1, Ah5G04590.1, Ah5G04600.1","AL5G15010.t1, AL5G15040.t1, AL5G15050.t1, AL5G15060.t1, AL5G15070.t1, AL5G15090.t1, AL5G15100.t1, AL8G33230.t1","AT2G02580.1, AT3G26290.2, AT3G26300.1, AT3G26310.1, AT3G26320.1, AT3G26330.1, AT5G57260.1",""
"OG0000166","AALP_AA8G326500","Ah4G04760.1, Ah4G05660.1, Ah4G05690.1, Ah4G05780.1","AL4G14510.t1, AL4G14520.t1, AL4G14530.t1, AL4G15500.t1, AL4G15530.t1, AL4G15555.t1, AL4G15560.t1, AL4G15600.t1, AL4G15620.t1, AL4G15660.t1, AL4G18480.t1, AL4G18490.t1, AL4G18500.t1, AL4G18510.t1, AL4G18540.t1, AL4G18550.t1, AL4G18560.t1, AL4G18570.t1","AT1G64840.1, AT2G24250.2","evm.model.supercontig_62.77"
"OG0000167","AALP_AA8G261100","Ah2G03970.2, Ah2G28500.1, Ah2U01570.1, Ah3G33720.1, Ah3G36930.1, Ah4G34560.1, Ah5G32110.1, Ah6G39150.2, Ah7G20000.2, Ah7G27100.1","AL2G13870.t1, AL3G43130.t1, AL4G44290.t1, AL5G42950.t1, AL6G48090.t1, AL7G31720.t1, AL7G38430.t1","AT1G62040.1, AT2G45170.1, AT3G60640.1, AT4G04620.3, AT4G21980.2","evm.model.supercontig_12.293, evm.model.supercontig_49.158, evm.model.supercontig_87.80"
"OG0000170","","Ah3G33670.1","AL1G47470.t1, AL1G57350.t1, AL1G61980.t1, AL1G65170.t1, AL2G18420.t1, AL2G23340.t1, AL3G37720.t1, AL3G38140.t1, AL4G24150.t1, AL5G12220.t1, AL5G19650.t1, AL5G23180.t1, AL6G42710.t1, AL6G47390.t1, AL77U10040.t1, AL8G10130.t1, AL8G13660.t1, AL8G20430.t1, AL8G23090.t1, AL8G45390.t1, AL9U10210.t1","AT2G11015.1, AT4G06490.1, AT5G29050.1, AT5G33898.1",""
"OG0000182","AALP_AA5G098000","Ah1G44520.1, Ah3G37690.1, Ah5G02040.1","AL1G53500.t1, AL1G53520.t1, AL1G53540.t1, AL3G47440.t1, AL3G52270.t1, AL3G52280.t1, AL3G52290.t1, AL4G10320.t1, AL4G13020.t1, AL5G12460.t1, AL5G12470.t1, AL5G12480.t1, AL5G12490.t1, AL5G19300.t1, AL9U10990.t1, AL9U11000.t1","AT1G47300.1, AT1G47340.1, AT1G47350.1, AT1G60370.1, AT2G23160.1",""
"OG0000184","AALP_AA6G066400, AALP_AA6G066500, AALP_AA6G074600","Ah4G19110.1","AL199U10010.t1, AL3G40650.t1, AL3G40700.t1, AL3G40730.t1, AL3G41940.t1, AL4G16860.t1, AL4G28600.t1, AL4G28610.t1, AL4G28630.t1, AL4G28950.t1, AL7G37050.t1","AT2G25440.1, AT2G32680.1, AT2G33020.1, AT2G33050.1, AT2G33060.1, AT2G33080.1, AT3G24900.2, AT3G24982.1, AT3G25010.2, AT3G25020.1",""
"OG0000185","AALP_AA6G028200, AALP_AA6G028400, AALP_AA7G059800, AALP_AA7G174300, AALP_AAs39757U000400, AALP_AAs43447U000100, AALP_AAs48628U000100, AALP_AAs50181U000200, AALP_AAs54743U000100, AALP_AAs67984U000400","Ah7G18440.1, Ah7G18500.1, Ah7G18530.1, Ah7G18540.1","AL6G46030.t1, AL7G30210.t1, AL7G30250.t2, AL7G30290.t1, AL7G30330.t2, AL7G30340.t1","AT4G23140.2, AT4G23150.1, AT4G23160.2, AT4G23180.1, AT4G23230.1",""
"OG0000186","AALP_AAs51945U000100","Ah1U00630.1, Ah1U00640.1, Ah2G03690.1, Ah2G08150.1, Ah2G08230.1, Ah2G11370.1, Ah2G12500.1, Ah2G12530.1, Ah2G14290.1, Ah3G31810.1, Ah3G35360.1, Ah3U00660.1, Ah4G05750.1, Ah4G09300.1, Ah5G09240.1, Ah5G17140.1, Ah5G30340.1, Ah6G29610.1, Ah6G32940.1","AL4G14050.t1, AL8G21750.t1","AT2G06425.1, AT4G04265.1, AT5G34581.1",""
"OG0000188","","Ah3G23790.1, Ah3G24350.1","AL1G21870.t1, AL1G35700.t1, AL1G39630.t1, AL1G40180.t1, AL275U10020.t1, AL2G13920.t1, AL2G18650.t1, AL3G25690.t1, AL3G25710.t1, AL3G25930.t1, AL3G27510.t1, AL3G33320.t1, AL3G33370.t1, AL3G33690.t1, AL3G33700.t1, AL3G40230.t1, AL3G51580.t1, AL5G24990.t1, AL8G25210.t1","AT3G19880.1, AT3G20030.1, AT4G05080.1, AT5G60560.2",""
"OG0000192","AALP_AA1G152400, AALP_AA1G270500, AALP_AA4G150700, AALP_AA6G338700, AALP_AA8G282400, AALP_AAs63530U000100, AALP_AAs67696U000900, AALP_AAs70484U000200","Ah1U00370.1, Ah2G10450.1, Ah3G32310.1, Ah4G09200.1, Ah4G34180.1, Ah5G00720.1, Ah7G10690.1, Ah7G17310.1, Ah7G35400.1, Ah7G39940.1","AL4G19930.t1, AL7G50110.t1","AT2G13770.1, AT3G29631.1, AT5G39980.1","evm.model.supercontig_14.54"
"OG0000196","AALP_AA3G164500, AALP_AA3G164700, AALP_AA3G164800, AALP_AA3G165300, AALP_AA3G165400","Ah3G17260.1, Ah3G17270.1, Ah3G17290.2, Ah3G17300.1, Ah3G17310.1, Ah3G17320.1, Ah3G17340.1, Ah3G17350.1","AL3G26950.t1, AL3G26960.t1, AL3G26980.t1, AL3G27000.t1","AT3G14610.1, AT3G14630.2, AT3G14640.2, AT3G14650.1, AT3G14660.1, AT3G14680.1, AT3G14690.2",""
"OG0000199","AALP_AA4G084500","Ah1G51980.1, Ah3G13360.1, Ah5G03400.1","AL1G53940.t1, AL1G61300.t1, AL3G23600.t1, AL5G13870.t1, AL5G13880.t1, AL5G13890.t1, AL5G13900.t1, AL5G13910.t1, AL9U10560.t1","AT1G45190.1, AT1G47450.1, AT1G47470.1, AT1G52970.1, AT2G04031.1, AT2G04037.1, AT2G04041.1, AT3G11990.1, AT4G13261.1, AT4G13263.1, AT5G35405.1",""
"OG0000200","AALP_AA6G316100, AALP_AA6G318300, AALP_AA6G323400, AALP_AA6G323600, AALP_AA7G219900, AALP_AA8G239800","Ah1G40330.1, Ah4G11920.1, Ah7G41480.6, Ah7G42350.1, Ah7G42580.1","AL4G22240.t1, AL7G47540.t1, AL7G47550.t1, AL7G47570.t1, AL7G47590.t1, AL7G47600.t1, AL7G47850.t1, AL7G47870.t1, AL7G47890.t1, AL7G48650.t1, AL7G48660.t1, AL7G48670.t1","AT5G40910.1",""
"OG0000202","AALP_AA6G028000, AALP_AA6G028100, AALP_AA6G028600, AALP_AA7G056300, AALP_AA7G061400, AALP_AA7G061600, AALP_AA8G191500","Ah5G14080.1, Ah7G18290.1, Ah7G18300.1, Ah7G18310.1, Ah7G18320.1, Ah7G18340.1, Ah7G18510.1, Ah7G18520.1, Ah7G18550.2","AL5G24542.t1, AL7G30310.t1, AL7G30350.t1","AT3G45860.1, AT4G23130.2, AT4G23270.3, AT4G23280.1, AT4G23310.1",""
"OG0000205","AALP_AA1G178100, AALP_AA2G067000, AALP_AA2G110500, AALP_AA2G240100, AALP_AA3G280300, AALP_AA4G017000, AALP_AA4G121100, AALP_AA5G065400, AALP_AA5G099300, AALP_AA6G031900, AALP_AA6G070400, AALP_AA6G334000, AALP_AA7G124000, AALP_AA7G187700, AALP_AA8G120300, AALP_AAs42246U000100, AALP_AAs46456U000100, AALP_AAs75041U000100","Ah4G08580.1, Ah6G30450.1, Ah7G35580.1","","AT3G31430.1, AT3G42140.1",""
"OG0000206","AALP_AA1G298700, AALP_AA2G027400, AALP_AA6G051100, AALP_AA8G245700, AALP_AAs52011U000100","Ah7G36230.1, Ah7G36270.1","AL1G52660.t1, AL7G38360.t1, AL7G38390.t1, AL7G46040.t1, AL7G46050.t1, AL7G46150.t1, AL7G46160.t1","AT2G03010.1, AT4G09440.1, AT4G16530.1, AT5G37410.2, AT5G37420.1, AT5G37430.1, AT5G37460.1, AT5G37470.2, AT5G37920.1",""
"OG0000207","AALP_AA1G044600, AALP_AA4G146600, AALP_AA5G265900","Ah5G17680.1, Ah5G23570.1, Ah7G33810.1, Ah7G42520.4","AL5G28190.t3, AL5G28350.t1, AL7G46090.t1, AL7G46120.t1, AL7G47660.t1, AL7G48270.t1, AL7G48800.t1, AL7G49110.t2, AL7G49130.t1, AL7G49150.t1, AL7G49680.t2, AL7G49700.t1, AL7G49950.t1","AT1G45100.1, AT3G10845.1, AT5G41690.2",""
"OG0000210","AALP_AA2G178900, AALP_AA2G180500, AALP_AA2G180600, AALP_AAs73148U000100","Ah2G08540.1, Ah2G25490.1, Ah2G25500.1, Ah2G25510.1, Ah2G25530.2, Ah4G07010.1, Ah4G07020.1, Ah4G10330.1, Ah8G12520.1","AL1G64890.t1, AL2G34080.t1, AL4G16880.t1","AT1G54470.1, AT1G74170.2, AT1G74180.1, AT1G74190.1, AT1G74200.1, AT2G25470.3, AT5G49290.2",""
"OG0000213","AALP_AA3G134400, AALP_AA3G134500, AALP_AA3G134600","Ah3G13850.1, Ah4G18080.1, Ah4G22710.1","AL3G24070.t1, AL3G24080.t1, AL3G24090.t1, AL3G24100.t1, AL3G53960.t1, AL4G22960.t1, AL4G27870.t1, AL4G32200.t1","AT2G36110.1, AT3G12410.1, AT3G12420.1, AT3G12430.1, AT3G12440.1, AT3G12460.1, AT3G12470.1","evm.model.supercontig_516.2, evm.model.supercontig_9.30"
"OG0000217","AALP_AA5G032200, AALP_AA5G038300, AALP_AA6G048000, AALP_AA6G211200, AALP_AA6G211300, AALP_AAs56901U000600, AALP_AAs56901U000700","Ah6G40170.1, Ah6G40190.1","AL320U10010.t1, AL6G45160.t1, AL6G49050.t1, AL6G49084.t1, AL6G49090.t1, AL6G49140.t1, AL6G49150.t1, AL8G26930.t1, AL9U10540.t1, AL9U10550.t1","AT4G03635.1, AT4G05460.1, AT4G05470.1, AT4G05475.1",""
"OG0000220","AALP_AA7G048600, AALP_AA8G507900","Ah7G18780.1, Ah7G19680.1","AL1G60840.t1, AL6G37030.t1, AL7G30780.t1, AL7G31470.t1, AL7G31480.t1, AL7G31490.t1, AL7G31500.t1, AL7G31510.t1, AL7G31520.t1, AL8G44570.t1","AT1G69090.1, AT4G14165.1, AT4G22035.1, AT4G22060.1, AT4G22165.1, AT4G22170.1, AT4G22180.1, AT4G22660.1, AT5G66830.1",""
"OG0000224","","Ah1G50760.1, Ah1G50810.1, Ah2G03160.1, Ah2G05190.1, Ah2G09930.1, Ah2G14090.1, Ah2G14450.1, Ah30U00030.1, Ah3G31390.1, Ah4G05970.1, Ah4G20510.1, Ah4G21420.1, Ah4G21450.1, Ah5G24290.1, Ah6G11240.1, Ah6G27210.1, Ah7G21070.1, Ah7G35450.1, Ah8G08220.1, Ah8G10760.1","AL3G49830.t1, AL9U10150.t2","AT1G20400.1",""
"OG0000228","AALP_AA1G023900, AALP_AA1G219300, AALP_AA2G233000, AALP_AA2G233200, AALP_AA2G233300, AALP_AA2G234900, AALP_AA3G068700, AALP_AA3G076300, AALP_AA3G076400, AALP_AA3G108600, AALP_AA3G121400, AALP_AA8G310400, AALP_AAs68437U000100","Ah3G37040.1, Ah7G35500.1","AL3G46810.t1, AL3G46820.t1, AL7G45500.t1","AT1G66100.1, AT1G72260.1, AT2G15010.1, AT5G36910.1",""
"OG0000242","AALP_AA7G004500, AALP_AA7G252900","Ah1G15860.1, Ah1G39150.1, Ah6G03020.1, Ah6G03040.1, Ah6G03060.2, Ah6G03070.1, Ah6G09050.1, Ah7G36490.1","AL1G25630.t2, AL1G48230.t1, AL3G11550.t1, AL3G38420.t1, AL6G12550.t1, AL6G12860.t1, AL6G12880.t1, AL6G12890.t1, AL6G12910.t1, AL777U10010.t1","AT5G03480.1, AT5G03495.1",""
"OG0000248","AALP_AA1G327000, AALP_AA1G327100, AALP_AA1G349500, AALP_AA2G003200, AALP_AA3G059400, AALP_AA3G061700, AALP_AA5G111000, AALP_AA6G003000, AALP_AA6G005300, AALP_AA6G114900, AALP_AA6G323700, AALP_AA8G199500, AALP_AAs48720U000100, AALP_AAs55662U000100, AALP_AAs58361U000200, AALP_AAs59823U000400, AALP_AAs63184U000200, AALP_AAs63622U000200","Ah2G09010.1, Ah7G26510.1","","AT4G04110.1",""
"OG0000253","AALP_AA2G259700, AALP_AA3G276600, AALP_AA4G092100, AALP_AA4G143500, AALP_AA6G002100, AALP_AA7G273900, AALP_AA7G274000, AALP_AA7G274100, AALP_AA7G274200, AALP_AAs46347U000100","Ah2U01640.1","AL6G47530.t1, AL6G47540.t1, AL7G11590.t1, AL7G11600.t1, AL7G11690.t1, AL8G15990.t1, AL8G23920.t1, AL9U11020.t1","AT4G39550.1, AT4G39560.1",""
"OG0000255","AALP_AA2G042200, AALP_AAs65394U000200","Ah2G05850.1, Ah5G10560.1, Ah5G10580.1, Ah6G31560.1","AL1G50240.t2, AL1G55600.t1, AL2G19950.t2, AL3G51040.t1, AL3G51050.t1, AL5G12680.t1, AL5G29740.t1, AL6G34520.t1, AL6G41950.t1, AL7G11670.t1, AL8G17270.t1, AL8G18820.t1, AL8G20940.t1, AL8G20950.t1","AT3G31550.1",""
"OG0000258","AALP_AA3G048600, AALP_AA7G156600, AALP_AA7G195600, AALP_AA8G194400","Ah3G20020.1, Ah3G42780.1","AL1G54030.t1, AL3G29670.t1, AL3G29750.t1, AL3G29760.t1, AL3G29770.t1, AL3G29780.t1, AL3G30470.t1, AL3G30700.t1, AL3G30730.t1, AL3G30850.t1, AL3G53140.t1, AL3G53160.t1, AL4G21820.t1","AT2G18780.1, AT3G16740.1",""
"OG0000261","AALP_AA4G190200","Ah1G19900.1, Ah4G28330.1","AL1G29380.t1, AL1G51540.t1, AL1G53450.t1, AL4G38120.t1, AL6G43180.t1","AT1G17150.1, AT1G43080.1, AT1G43090.1, AT1G43100.1, AT2G15450.1, AT2G15460.1, AT2G15470.1, AT2G26620.1, AT2G40310.1, AT4G13760.1","evm.model.supercontig_12.214, evm.model.supercontig_1615.1, evm.model.supercontig_3158.1"
"OG0000264","AALP_AA5G116100, AALP_AA5G116800, AALP_AA8G061000, AALP_AA8G063200, AALP_AAs48794U000300, AALP_AAs65730U000100","Ah3G38210.1, Ah6G06980.1, Ah7G32470.1","AL3G52210.t1, AL6G16720.t1, AL6G16730.t1, AL7G42530.t1, AL8G22510.t1, AL8G22520.t1, AL9U10270.t1","AT2G24980.3, AT4G08400.1, AT4G13390.1, AT5G06630.1, AT5G35190.2",""
"OG0000266","AALP_AA6G132400, AALP_AA6G132500, AALP_AA7G236700, AALP_AA8G191300","Ah8G03520.1, Ah8G03620.1, Ah8G04340.1, Ah8G04390.1","AL6G28990.t1, AL7G14900.t1, AL8G13580.t1, AL8G13620.t1, AL8G13710.t1, AL8G13740.t1, AL8G14230.t1, AL8G14320.t1, AL8G14370.t1","AT4G36140.1, AT5G17890.1, AT5G45050.1, AT5G45260.1",""
"OG0000269","AALP_AA6G338200","Ah4G15210.1, Ah5G04870.1, Ah8G21360.1","AL5G15330.t1, AL6G11580.t1","AT1G44050.1, AT1G53340.2, AT2G13895.1, AT2G13900.1, AT2G13950.1, AT3G26550.1, AT4G10370.1, AT5G02330.1, AT5G02340.1, AT5G02350.1, AT5G02360.1, AT5G46670.1, AT5G55770.1, AT5G55780.1, AT5G55800.1",""
"OG0000271","AALP_AA8G449800, AALP_AA8G449900, AALP_AA8G450500, AALP_AAs65508U000100","Ah4G11410.1, Ah4G11420.1, Ah4G11440.1, Ah8G15550.2, Ah8G28890.1, Ah8G28900.1","AL4G22760.t1, AL8G38700.t1, AL8G38710.t1","AT1G52430.1, AT1G52450.1, AT2G27630.1, AT2G27650.1, AT5G02660.1, AT5G51530.1, AT5G61940.2, AT5G61950.1",""
"OG0000272","AALP_AA8G415900","Ah6G25820.1","AL5G28620.t1","AT5G23960.1","evm.TU.contig_32569.1, evm.TU.contig_33276.1, evm.TU.contig_34081.1, evm.TU.contig_34132.1, evm.TU.contig_34924.1, evm.TU.contig_39265.1, evm.TU.contig_43986.1, evm.model.supercontig_12.45, evm.model.supercontig_12.46, evm.model.supercontig_157.1, evm.model.supercontig_3598.1, evm.model.supercontig_417.2, evm.model.supercontig_49.166, evm.model.supercontig_585.2, evm.model.supercontig_585.3, evm.model.supercontig_596.3, evm.model.supercontig_761.1"
"OG0000276","","Ah1G25910.1, Ah2G10200.1, Ah3G29250.1, Ah3G35160.1, Ah4G04810.1, Ah4G07030.1, Ah4G27530.1, Ah6G28190.1, Ah7G18790.1","AL4G21390.t1, AL5G19410.t1, AL5G20510.t1, AL5G33480.t1, AL6G53270.t1, AL7G43230.t1, AL8G30870.t1","AT3G29790.1, AT3G33528.2, AT3G43880.1, AT4G07526.3","evm.model.supercontig_89.13"
"OG0000297","AALP_AA7G023900, AALP_AA7G024000","Ah7G22720.1, Ah7G22730.2, Ah7G22750.1, Ah7G22770.1, Ah7G22780.1","AL7G34270.t1, AL7G34280.t1, AL7G34290.t1","AT4G19720.1, AT4G19730.1, AT4G19740.1, AT4G19750.1, AT4G19760.1, AT4G19770.1, AT4G19800.1, AT4G19810.1, AT4G19820.1","evm.model.supercontig_127.9"
"OG0000298","AALP_AA8G338100, AALP_AA8G338200, AALP_AA8G338700","Ah8G20840.1, Ah8G20850.1","AL1G49040.t1, AL8G30880.t1, AL8G30890.t1, AL8G30900.t1, AL8G30920.t1","AT1G34490.1, AT1G34500.1, AT1G34520.1, AT5G51420.1, AT5G55320.1, AT5G55330.1, AT5G55340.1, AT5G55350.1, AT5G55360.1","evm.model.supercontig_12.226"
"OG0000299","AALP_AA8G337500","","AL1G38150.t1, AL1G52750.t1, AL1G52760.t1, AL1G52780.t1, AL3G19810.t1, AL3G21160.t1, AL3G21170.t1, AL3G23410.t1, AL3G28900.t1, AL4G24660.t1, AL5G29830.t1, AL7G51860.t1, AL7G51870.t1, AL8G27500.t1","AT3G08810.1, AT3G09750.1, AT5G38670.1, AT5G38680.1, AT5G51250.1",""
"OG0000319","AALP_AA2G137000, AALP_AA2G137100, AALP_AA2G137200, AALP_AA2G137300, AALP_AA2G146000, AALP_AA2G161100, AALP_AA2G161800, AALP_AA2G161900, AALP_AA7G187400, AALP_AA8G075100, AALP_AA8G075700, AALP_AAs47265U000100, AALP_AAs47265U000200","Ah2G23910.1, Ah6G33110.1","AL2G32480.t1, AL2G32490.t1","AT1G72800.1, AT4G08730.1",""
"OG0000320","AALP_AA2G135200, AALP_AA2G135300, AALP_AA3G032400, AALP_AA3G032600, AALP_AA3G032700, AALP_AA3G033600, AALP_AA5G017400, AALP_AA5G048700, AALP_AA7G046500, AALP_AA7G227400, AALP_AA8G175200, AALP_AA8G314200, AALP_AA8G360700, AALP_AAs44379U000100, AALP_AAs64007U000400, AALP_AAs73230U000200","","AL3G14170.t1, AL4G22780.t1","AT3G04210.2",""
"OG0000325","AALP_AA3G154500, AALP_AA5G092400, AALP_AA5G096900, AALP_AA5G105900","Ah5G18550.1, Ah5G19420.1","AL5G29310.t1, AL5G29320.t1, AL5G29340.t1","AT1G54550.1, AT1G59680.2, AT1G66490.1, AT1G67450.1, AT1G67455.1, AT3G13680.1, AT3G14030.1, AT3G49510.1, AT3G49520.1, AT4G17200.1",""
"OG0000329","AALP_AA3G073700","Ah3G00230.1, Ah7G40510.1","AL8G12890.t1","AT1G58037.1, AT2G04500.1, AT3G06990.1, AT3G07000.1, AT3G25850.1, AT4G14980.1, AT5G16430.1, AT5G29624.1, AT5G40320.1, AT5G44770.1, AT5G45730.1, AT5G54020.2, AT5G54030.1, AT5G54040.1, AT5G54050.1",""
"OG0000338","AALP_AA6G080600","Ah1G12380.1, Ah1G12390.1, Ah1G12420.1, Ah4G08620.1, Ah4G08640.1","AL1G22300.t1, AL1G22320.t1, AL1G22350.t1, AL1G23150.t1, AL1G25470.t1, AL1G37130.t1, AL1G58940.t1, AL4G18870.t1, AL5G16800.t1, AL5G38780.t1, AL5G38790.t1, AL8G23030.t1","AT1G11270.2",""
"OG0000339","AALP_AA7G240300, AALP_AA8G373900","Ah1G04890.1, Ah6G39580.1","AL1G14840.t1, AL2G12050.t1, AL4G24690.t1, AL4G25900.t1, AL6G35130.t1, AL6G36280.t1, AL7G27750.t1, AL7G48980.t1, AL7G48990.t1, AL7G49240.t1, AL8G15660.t1","AT1G05080.1, AT5G40750.1, AT5G44850.1","evm.TU.contig_45081.1"
"OG0000343","","Ah1G16830.1, Ah1G38470.1, Ah2G00960.1, Ah2G23210.1, Ah6G28370.1","AL1G56710.t1, AL1G65810.t1, AL3G39460.t1, AL4G17660.t1, AL4G17900.t1, AL4G17920.t1, AL5G20810.t1, AL8G38260.t1","AT1G30140.2, AT2G29880.1, AT5G27260.1, AT5G28820.1, AT5G29613.1, AT5G35540.1",""
"OG0000347","","Ah2G26400.1, Ah5G23260.1","AL2G34810.t1, AL3G50380.t1, AL496U10010.t1, AL496U10020.t1, AL5G18790.t1, AL5G18800.t1, AL5G32600.t1, AL5G34240.t1, AL6G41670.t1, AL6G41680.t1, AL6G41690.t1, AL6G41700.t1, AL6G51840.t1, AL6G51870.t1","AT1G45063.1, AT3G53330.1, AT4G01380.1",""
"OG0000348","","Ah3G02190.1, Ah3G02200.1, Ah3G12170.5, Ah3G12260.1, Ah3G37070.1","AL3G16300.t1, AL3G16310.t1, AL3G22620.t1, AL3G46870.t1, AL6G37850.t1","AT2G15042.1, AT2G15080.1, AT3G05650.1, AT3G05660.1, AT3G11010.2, AT3G11080.1, AT3G28890.2, AT5G25910.1, AT5G27060.2",""
"OG0000360","AALP_AA3G080900","Ah2G20710.1, Ah2G20740.1, Ah2G20770.1, Ah7G39010.1","AL2G29250.t1, AL2G29260.t1, AL2G29280.t1, AL2G29310.t1, AL2G29370.t1, AL2G29390.t1, AL5G35460.t1, AL7G51140.t1","AT1G70020.1, AT1G70040.1, AT1G70120.1, AT3G60700.1, AT5G39330.1",""
"OG0000361","AALP_AA3G355700","Ah1G44550.1, Ah3G36460.1, Ah3G36470.1","AL1G46620.t1, AL1G46640.t1, AL1G46660.t1, AL1G53610.t1, AL1G53620.t1, AL3G29460.t1, AL3G29470.t1, AL3G46410.t1, AL3G46450.t1, AL8G22710.t1","AT1G32430.1, AT1G47390.1, AT2G14710.1, AT3G16580.1",""
"OG0000367","AALP_AA4G043600, AALP_AA4G043800, AALP_AA6G054000, AALP_AA6G312300, AALP_AA7G261100, AALP_AA7G261200, AALP_AAs66918U001100, AALP_AAs66918U001200","Ah8G24680.1, Ah8G24700.1, Ah8G24720.1, Ah8G25480.1","AL132U10010.t1, AL6G45610.t1, AL8G33140.t1, AL8G34460.t2, AL8G34510.t1","AT1G73490.2",""
"OG0000372","AALP_AA5G163900, AALP_AA5G164300","Ah5G04510.1, Ah5G04530.1, Ah5G23200.1","AL5G14940.t1, AL5G14950.t1, AL5G22370.t1, AL5G34190.t1, AL5G34200.t1","AT3G26190.1, AT3G26200.1, AT3G44250.1, AT3G53280.1, AT3G53290.1, AT3G53300.1, AT3G53305.1, AT5G35715.1",""
"OG0000375","AALP_AA6G160500, AALP_AA6G160600","Ah1G15060.1, Ah1G44000.1, Ah2G21090.1, Ah2G21990.1, Ah4G05120.1, Ah4G08800.1, Ah6U00660.1, Ah7G18140.1, Ah7G27690.1, Ah7G31540.1, Ah7G34710.1, Ah8G06270.1","AL7G32660.t1","AT5G42905.1","evm.model.supercontig_21.40, evm.model.supercontig_263.17"
"OG0000382","AALP_AA8G020700","Ah6G02410.1","AL1G59700.t1, AL1G59710.t1, AL1G59720.t1, AL3G47640.t1, AL6G12280.t1, AL6G12290.t1, AL6G12300.t1, AL6G12310.t1","AT2G44030.1, AT2G45406.1, AT3G46050.1, AT5G02990.1, AT5G02995.1, AT5G03000.1, AT5G03010.1, AT5G03020.1",""
"OG0000384","AALP_AA8G186400","Ah3G33250.1, Ah8G11120.1","AL1G30000.t1, AL1G50320.t1, AL1G57050.t1, AL1G58560.t1, AL1G58670.t2, AL3G51940.t1, AL4G19794.t1, AL4G20020.t2, AL5G16890.t1, AL5G27080.t1, AL7G36270.t2, AL8G14210.t1","AT2G07190.1, AT2G07200.1, AT4G04957.1",""
"OG0000385","","Ah1G30330.1, Ah1G41590.1, Ah1G41620.1, Ah2G30400.1, Ah3G19870.1, Ah3G34590.1, Ah3G34600.1, Ah5G07650.1, Ah5G33860.1, Ah6G29480.1, Ah6G29490.1, Ah7G00620.1, Ah7G25240.1, Ah8G08690.1, Ah8G08700.1, Ah8G09190.1","AL3G44890.t1","AT4G05553.1",""
"OG0000386","","Ah3G31240.1, Ah3G31460.1, Ah6G22590.1, Ah6G29430.1","AL1G47530.t1, AL1G47540.t1, AL3G41080.t1, AL6G31890.t1, AL6G31900.t1, AL6G31950.t1, AL6G32070.t1, AL6G32090.t2, AL6G32102.t1, AL6G40190.t1","AT1G33220.1, AT5G20330.1, AT5G20340.1, AT5G20390.1",""
"OG0000388","","Ah2G09340.1, Ah2G09360.1, Ah2G09370.1, Ah2G09380.1, Ah2G09390.1, Ah2G09410.1, Ah2G09430.1, Ah2G09440.1, Ah2G09450.1, Ah3G33090.1","AL1G67210.t1, AL1G67230.t1, AL1G67240.t1, AL1G67280.t1, AL3G42680.t1, AL5G16480.t1, AL786U10010.t1","AT1G57650.1",""
"OG0000402","AALP_AA1G218500","Ah1G28380.1, Ah1G28390.1","AL1G37820.t1, AL1G37850.t1, AL1G38110.t1, AL1G38130.t1, AL3G41480.t1, AL3G41490.t1, AL3G41560.t1","AT1G23810.1, AT1G24060.1, AT1G24230.1, AT1G24250.1, AT1G27260.1, AT1G27270.1, AT1G27280.1",""
"OG0000418","AALP_AA3G106200, AALP_AA6G004200, AALP_AA8G027500, AALP_AA8G033100, AALP_AAs43189U000100, AALP_AAs44809U000200, AALP_AAs47945U000100, AALP_AAs47945U000300, AALP_AAs66664U000100, AALP_AAs74908U000200, AALP_AAs74908U000300","Ah6G02820.1, Ah6G02870.1","AL6G12720.t1, AL6G13690.t1, AL9U10960.t1","AT5G03390.1",""
"OG0000419","AALP_AA3G080200, AALP_AA8G147200, AALP_AA8G147800, AALP_AA8G148100, AALP_AA8G148900","Ah1G22050.1, Ah1G23710.1, Ah5G29870.1, Ah5G30080.1, Ah6G15980.1, Ah70U00060.1, Ah7G19440.1, Ah7G19460.1","AL1G31630.t1, AL5G40870.t1, AL7G31340.t1","AT4G22280.1",""
"OG0000422","AALP_AA4G154900, AALP_AA4G155000","Ah4G25000.1, Ah4G25010.1, Ah4G25030.1","AL4G34730.t1, AL4G34740.t1, AL4G34750.t1, AL4G34760.t1, AL4G34780.t1, AL68U10030.t1, AL68U10040.t1, AL68U10050.t1","AT2G37800.1, AT2G37805.1, AT2G37810.1, AT2G37820.1",""
"OG0000432","AALP_AA6G003100, AALP_AA7G025100, AALP_AAs61749U000100","Ah1G08600.1, Ah1G39160.1, Ah1G45010.1, Ah2G10010.1, Ah2G10020.1, Ah3G33530.1, Ah3G38420.1, Ah3U00260.1, Ah4G11070.1, Ah5G06370.1, Ah6G14340.1, Ah7G32190.1","AL123U10020.t1","AT4G05360.1",""
"OG0000434","AALP_AA6G009000","Ah2G00700.2, Ah6G39440.1, Ah98U00010.1, Ah98U00020.1","AL1G57470.t2, AL2G10700.t1, AL2G10710.t1, AL2G10720.t1, AL7G47070.t1, AL7G47630.t1, AL7G47640.t1, AL8G22950.t1","AT1G49920.1, AT1G64253.1, AT1G64255.1, AT1G64260.1",""
"OG0000440","","Ah1G19820.1, Ah1G35140.1, Ah1G37840.1","AL1G29270.t1, AL1G44400.t1, AL1G44470.t1, AL1G44860.t1, AL1G44890.t2, AL1G44920.t1, AL1G44930.t1, AL1G44960.t1, AL1G48130.t1, AL1G49450.t1, AL1G59130.t1, AL8G27960.t1","AT1G30790.1, AT1G32660.1",""
"OG0000442","","Ah1G25390.1","AL1G35030.t1","AT1G21835.1, AT1G34792.1, AT1G34795.1, AT1G34800.1, AT1G34805.1, AT1G34810.1, AT1G34815.1, AT1G34820.1, AT1G34825.1, AT1G34830.1, AT1G34840.1, AT1G34850.1, AT1G34860.1, AT1G34930.1, AT1G35035.1",""
"OG0000445","","Ah2G30430.1, Ah3G14210.1, Ah3G19860.1, Ah3G34580.1, Ah5G07660.1, Ah5G33870.1, Ah6G29470.1, Ah7G00640.1, Ah7G25220.1, Ah7U00060.1, Ah8G08720.1, Ah8G09230.1","AL5G20660.t1, AL5G20690.t1","AT1G36970.1, AT3G31560.1, AT4G05555.1",""
"OG0000448","AALP_AA1G164500, AALP_AA2G173800, AALP_AA3G199100, AALP_AA3G279600, AALP_AAs44535U000100","Ah2G12680.1","AL1G35450.t1, AL1G39460.t1, AL3G43510.t1, AL4G17880.t1, AL5G18580.t1, AL614U10020.t1, AL6G43140.t1, AL7G51950.t1","AT1G14800.1, AT3G30730.2",""
"OG0000452","AALP_AA1G301200, AALP_AA2G035900, AALP_AA4G071200, AALP_AA4G086700, AALP_AA4G100400, AALP_AA4G131200, AALP_AA4G188300, AALP_AA4G232900, AALP_AA5G058500, AALP_AA5G192600, AALP_AA7G012500, AALP_AAs51730U000100, AALP_AAs61025U000300","Ah7G37240.1","AL5G34540.t1","AT5G32613.1",""
"OG0000453","AALP_AA1G060700","","AL1G16350.t1","AT1G06340.1","evm.TU.contig_34571.1, evm.TU.contig_43820.1, evm.TU.contig_45528.1, evm.model.supercontig_18.95, evm.model.supercontig_52.170, evm.model.supercontig_52.171, evm.model.supercontig_52.172, evm.model.supercontig_52.173, evm.model.supercontig_551.1, evm.model.supercontig_551.2, evm.model.supercontig_551.3, evm.model.supercontig_693.1, evm.model.supercontig_693.2"
"OG0000473","AALP_AA3G146500, AALP_AA3G148500, AALP_AA5G244900","Ah3G12550.1","AL3G22880.t1","AT1G35610.1, AT2G17590.1, AT2G17600.1, AT3G11370.1, AT3G11385.1, AT3G11390.1, AT3G11402.1, AT3G13760.1, AT3G59120.1, AT3G59130.1, AT5G17960.1",""
"OG0000496","AALP_AAs51932U000100, AALP_AAs74013U000100","","AL4G25530.t1, AL80U10070.t1","AT2G30680.1","evm.model.supercontig_2102.1, evm.model.supercontig_2262.1, evm.model.supercontig_235.21, evm.model.supercontig_34.164, evm.model.supercontig_3659.1, evm.model.supercontig_452.2, evm.model.supercontig_50.101, evm.model.supercontig_527.1, evm.model.supercontig_527.4, evm.model.supercontig_714.1, evm.model.supercontig_973.1"
"OG0000500","AALP_AAs67888U000200","Ah2G16540.1, Ah3G30240.1, Ah3G31310.1, Ah4G23390.1","AL3G40330.t1, AL8G24810.t1","AT1G19260.1, AT1G41920.1, AT1G42710.1, AT2G06541.1, AT3G29450.1, AT3G29763.1, AT3G29765.1, AT3G31402.1, AT4G09660.1",""
"OG0000501","","Ah1G49810.1, Ah8G18580.1, Ah8G18650.1, Ah8G18670.1, Ah8G18720.1","AL211U10010.t1, AL8G28350.t1, AL8G28470.t1, AL8G28510.t1, AL8G28520.t1, AL8G28530.t1, AL8G28540.t1, AL8G28560.t1, AL8G28900.t1","AT1G51370.1, AT5G53840.1",""
"OG0000503","","Ah1G24220.1, Ah1G41440.1, Ah1G42990.1, Ah2G01530.1, Ah3G14690.1, Ah3G36060.1, Ah4G30310.1, Ah5G06950.1, Ah6G25740.1, Ah7G36320.1, Ah7G38980.1, Ah8G12370.1","AL1G52040.t1, AL8G17890.t2","AT1G29355.1, AT1G43145.1",""
"OG0000504","","Ah1G42670.1, Ah3G32220.1, Ah6G36170.1, Ah8G04360.2","AL1G56700.t1, AL3G19600.t1, AL6G44880.t1","AT1G35150.1, AT2G06500.1, AT2G16040.1, AT2G19960.3, AT3G29638.1, AT3G29794.1, AT4G10200.1, AT4G10820.1, AT5G35475.1",""
"OG0000510","","Ah5G06400.2, Ah5G08100.1, Ah6G32440.1, Ah8G08260.1","AL5G16900.t1, AL5G18290.t1, AL6G42120.t1, AL8G18170.t1","AT3G27473.1, AT3G27480.1, AT3G27490.1, AT3G27500.1, AT3G27510.1, AT3G28650.1, AT3G45530.1, AT5G42840.1",""
"OG0000513","","Ah3G28500.1","AL3G37620.t1, AL5G32890.t1, AL5G32950.t1, AL5G32970.t1, AL5G33030.t1, AL5G33220.t1, AL5G33250.t1, AL5G33260.t1, AL5G33270.t1, AL7G44280.t1, AL7G45230.t1","AT1G23037.1, AT3G52320.1, AT3G52330.1, AT3G52510.1",""
"OG0000534","AALP_AA2G121300, AALP_AA2G121400, AALP_AA2G201600, AALP_AA2G202000, AALP_AA2G202100, AALP_AA3G098300","Ah2G06500.1, Ah2G27540.1, Ah4G08080.1","AL2G35840.t1","AT1G75830.1, AT2G26010.1, AT2G26020.1, AT5G44420.1, AT5G44430.1",""
"OG0000535","AALP_AA2G039400, AALP_AA2G039600, AALP_AA2G039700","Ah2G06270.1, Ah2G06290.1, Ah2G06320.1","AL2G16115.t1, AL2G16130.t1, AL2G16140.t1, AL2G16150.t1, AL2G16160.t1, AL2G16170.t1, AL2G16180.t1","AT1G60500.1, AT1G60530.1",""
"OG0000546","AALP_AA3G031000","Ah2G16820.1","AL3G13350.t1, AL3G13540.t1, AL3G36620.t1, AL919U10020.t1, AL998U10020.t1, AL9U11730.t1","AT1G67160.1, AT3G03726.1, AT3G03730.1, AT3G22333.1, AT3G22345.1, AT4G12810.1, AT4G12820.1",""
"OG0000549","AALP_AA3G350200, AALP_AA3G350400, AALP_AA6G269000, AALP_AA6G278200, AALP_AA7G243700","","AL3G51970.t1, AL3G52000.t1, AL3G52010.t1, AL4G13820.t1, AL7G14190.t1","AT2G18620.1, AT2G18640.1, AT2G23800.1, AT4G36810.1","evm.model.supercontig_116.45"
"OG0000589","","Ah1G02150.1, Ah1G42510.1, Ah3G28080.1, Ah4G13150.1, Ah4G16490.1, Ah6G24770.1, Ah7G05180.1, Ah7G23880.1, Ah7G32630.1, Ah8G02080.1","AL188U10010.t1, AL4G12860.t1, AL5G25100.t1, AL5G31050.t1","AT2G11035.1",""
"OG0000591","","Ah1G06810.1, Ah3G01840.1","AL1G16750.t1, AL3G14630.t1, AL3G16600.t1, AL3G18110.t1, AL6G27450.t1, AL8G22210.t1","AT1G06740.1, AT3G05850.1","evm.TU.contig_37041.1, evm.TU.contig_37477.1, evm.model.supercontig_146.19, evm.model.supercontig_277.13, evm.model.supercontig_48.222"
"OG0000594","","Ah1G27300.1, Ah1G27320.1","AL1G24200.t1, AL1G24250.t1, AL1G24380.t1, AL1G25890.t1, AL1G36880.t1, AL1G36930.t1, AL1G36940.t1, AL1G37000.t1, AL4G42070.t1, AL7G35910.t1, AL7G35920.t1","AT1G23201.2, AT1G36325.1",""
"OG0000598","","Ah1G28090.1, Ah3G24930.1, Ah8G14890.1","AL1G37890.t1, AL243U10010.t1, AL2G19580.t1, AL3G10770.t1, AL3G10790.t1, AL5G21750.t1, AL8G25330.t1","AT1G24090.1, AT3G01410.1, AT5G51080.1","evm.model.supercontig_263.16, evm.model.supercontig_5.352"
"OG0000599","","Ah3G42790.2, Ah6G05690.1","AL3G22240.t1, AL3G39940.t1, AL3G46970.t1, AL3G53170.t1, AL4G18520.t1, AL4G19510.t1, AL5G23210.t1, AL6G15560.t1, AL6G25810.t1, AL6G39020.t1, AL6G44250.t1","AT2G18770.2, AT5G05670.2",""
"OG0000601","","Ah7G26430.1, Ah7G26450.1, Ah7G26520.1","AL7G37760.t1","AT4G16857.2, AT4G16860.1, AT4G16880.1, AT4G16890.1, AT4G16900.1, AT4G16920.2, AT4G16940.3, AT4G16950.1, AT4G16957.1, AT4G16960.1, AT5G51630.1",""
"OG0000605","","Ah3G31660.1","AL1G34620.t1, AL3G22030.t1, AL3G30600.t1, AL3G41320.t1, AL3G41330.t1, AL3G41340.t1, AL3G41350.t1, AL4G22640.t1, AL4G22680.t1, AL4G22690.t1, AL8G10750.t1","AT1G25141.1, AT3G25460.1, AT5G47300.1",""
"OG0000606","","Ah8G18620.1, Ah8G18660.1, Ah8G18700.1, Ah8G18760.1","AL1G65030.t1, AL6G37800.t1, AL8G28370.t1, AL8G28380.t1, AL8G28490.t1, AL8G28500.t1, AL8G28580.t1, AL8G28590.t1","AT5G25850.1, AT5G53635.1, AT5G53640.1",""
"OG0000618","AALP_AA1G328100, AALP_AA1G328600, AALP_AA5G060400, AALP_AAs63571U000100","Ah1G37600.1, Ah1G40310.1, Ah1G40320.1, Ah3G05720.1, Ah8G22100.1, Ah8G22110.1","AL8G32120.t1","AT1G32375.1, AT5G50270.1, AT5G56390.1",""
"OG0000620","AALP_AA1G197100, AALP_AA1G197300","Ah3G28350.2, Ah3G28480.1","AL3G37430.t1, AL3G37440.t1, AL3G37560.t1, AL3G37570.t1, AL4G14280.t1, AL57U10020.t1, AL57U10030.t1","AT3G23010.1, AT3G23110.1, AT3G23120.1",""
"OG0000621","AALP_AA1G112400","Ah1G36140.2, Ah2G12590.1, Ah3G35580.1, Ah3G36680.1, Ah4G25500.1, Ah5G04910.1, Ah5G08310.1, Ah6G34170.1, Ah8G01420.1, Ah8G04220.1","AL1G49400.t1, AL7G45610.t1","AT1G31150.1",""
"OG0000639","AALP_AA2G146500, AALP_AA2G146600, AALP_AA2G146800, AALP_AA2G150000, AALP_AA2G150100, AALP_AAs62413U000100","Ah7G38950.1","AL158U10020.t1, AL158U10030.t1, AL2G31040.t1, AL2G31050.t1, AL2G31060.t1","AT1G71390.2, AT1G71400.1",""
"OG0000679","AALP_AA4G178600","Ah4G03010.1, Ah7G31780.1","AL1G57810.t1, AL1G63440.t1","AT1G50190.1, AT1G55380.1, AT1G55390.1, AT1G55420.1, AT1G55430.1, AT1G55440.1, AT1G55700.1, AT2G23100.1, AT5G42280.1",""
"OG0000692","AALP_AA5G035500","Ah5G05370.1","AL1G66430.t1, AL4G15990.t1, AL5G15840.t1, AL5G16640.t1, AL5G17120.t1","AT2G24870.1, AT2G24880.1, AT3G26860.2, AT3G26870.1, AT3G27329.1, AT3G27331.1, AT3G27680.1",""
"OG0000712","AALP_AA7G232300","Ah7G37930.1, Ah7G37940.1","AL1G49830.t1, AL3G21830.t1, AL3G49390.t1, AL4G12990.t1, AL4G13000.t1, AL6G26180.t1, AL7G52140.t1","AT2G23142.1, AT2G23148.1, AT5G38435.1, AT5G38440.1",""
"OG0000720","AALP_AA8G437300","Ah3G31700.1, Ah8G27600.1","AL215U10060.t1, AL269U10022.t1, AL269U10030.t1, AL269U10040.t1, AL269U10050.t1, AL3G41370.t2, AL3G41380.t1, AL3G41390.t1, AL3G41400.t1, AL8G37440.t1","AT5G60840.1",""
"OG0000724","AALP_AA8G456200","Ah1G47980.1, Ah2G13440.1, Ah6G21230.1","AL1G66700.t1, AL4G21420.t1, AL5G20730.t1, AL5G23780.t1, AL6G37180.t1, AL7G40240.t1, AL8G40900.t1, AL9U10510.t1","AT4G03566.1, AT5G19270.1",""
"OG0000725","AALP_AAs42753U000100","Ah7G11580.1, Ah7G11590.1, Ah7G11620.1, Ah7G11630.1","AL1G32050.t1, AL4G38000.t1, AL4G38030.t1, AL5G23010.t1, AL5G23100.t1, AL5G23110.t1, AL7G22840.t1, AL7G23550.t1","AT3G44780.1",""
"OG0000728","","Ah1G39720.1, Ah3G21530.1, Ah3G42540.1, Ah7G29390.1, Ah7G35340.1, Ah8G16910.1","AL1G41300.t1, AL3G31830.t1, AL6G25390.t1","AT1G52990.1, AT3G23320.1, AT5G44470.1, AT5G52115.1, AT5G65005.1",""
"OG0000731","","Ah1G45540.1, Ah1G49280.1","AL1G54130.t1, AL1G54580.t1, AL1G54620.t1, AL1G58610.t1, AL2G11100.t1","AT1G47730.1, AT1G47765.1, AT1G47790.1, AT1G48060.1, AT1G50870.1, AT1G50880.1, AT3G10240.1",""
"OG0000736","","Ah6G37160.1, Ah6G42010.1","AL6G50950.t1","AT2G43220.1, AT4G01740.1, AT4G01760.1, AT4G01910.1, AT4G01920.1, AT4G01925.1, AT4G01930.1, AT4G02190.1, AT4G11390.2, AT4G11540.1, AT4G11550.1",""
"OG0000739","","Ah2G08420.1","AL1G65230.t1, AL2G18220.t1, AL2G18240.t1, AL2G18250.t1","AT1G54775.1, AT1G58242.1, AT1G58245.1, AT1G58248.1, AT3G24465.1, AT5G34828.1, AT5G36720.1, AT5G36805.1, AT5G38378.1",""
"OG0000761","AALP_AA1G267100","Ah1G30470.1","AL1G40150.t1, AL358U10020.t1, AL4G18740.t1, AL5G11470.t1","AT1G24807.1, AT1G24909.1, AT1G25083.1, AT1G25155.1, AT1G25220.2, AT5G57890.1","evm.model.supercontig_2.136"
"OG0000792","AALP_AA2G107200, AALP_AA2G116700, AALP_AA3G312300, AALP_AA5G061700, AALP_AA7G197600, AALP_AA7G197800, AALP_AA8G232600, AALP_AAs67487U000200, AALP_AAs71396U000100","Ah1U00380.1","AL5G19700.t1, AL5G19780.t1","AT3G29670.1",""
"OG0000817","AALP_AA3G050700","Ah2G18340.1, Ah3G02490.2, Ah3G02510.1, Ah7G24450.1","AL1G56010.t1, AL304U10030.t1, AL3G16010.t1, AL3G16040.t1, AL5G22900.t1, AL6G37010.t1, AL8G28550.t1","AT3G05450.1",""
"OG0000822","AALP_AA3G241600","Ah3G25590.1","AL249U10020.t1, AL249U10030.t1, AL249U10050.t1, AL3G34940.t1, AL3G34950.t1, AL3G34960.t1, AL3G34970.t1, AL3G34990.t1","AT3G20980.1, AT3G21000.1","evm.model.supercontig_573.3"
"OG0000846","AALP_AA4G152900","","AL6G39480.t1, AL7G15460.t2, AL8G14650.t1, AL8G14670.t1","AT4G35670.1, AT5G27530.1, AT5G44830.1, AT5G44840.1","evm.TU.contig_35388.1, evm.model.supercontig_10.250, evm.model.supercontig_10.252, evm.model.supercontig_259.7"
"OG0000857","AALP_AA6G200000, AALP_AAs61366U000100","Ah1G41070.1, Ah1G41100.1, Ah1G41120.1, Ah1G41230.1, Ah1G41310.1, Ah3G33050.1, Ah6G33270.1","AL1G50610.t1, AL6G42660.t1","AT1G35710.1, AT4G08850.1",""
"OG0000862","AALP_AA6G199700","Ah2G01850.1, Ah3G37080.1, Ah4G10830.1, Ah4G10890.1, Ah6G04870.1, Ah6G32220.1, Ah8G05560.1, Ah8G15520.1, Ah8G18680.1, Ah8G26320.1","","AT3G29785.1","evm.model.supercontig_11.103"
"OG0000865","AALP_AA6G251700","Ah5G23690.1","AL1046U10010.t1, AL1G48240.t1, AL2G15210.t1, AL2G18160.t1, AL2G22980.t1, AL355U10010.t1, AL4G19210.t1, AL5G34660.t1, AL7G42180.t1, AL7G46420.t1","AT3G53690.1",""
"OG0000887","AALP_AA8G509300","Ah8G34090.1","AL5G30080.t1, AL5G30090.t1, AL5G30100.t1, AL5G30110.t1, AL8G43970.t1","AT5G67360.1","evm.model.supercontig_21.114, evm.model.supercontig_29.44, evm.model.supercontig_29.45, evm.model.supercontig_29.46, evm.model.supercontig_6.53"
"OG0000893","AALP_AAs65934U000100","Ah1G40690.1, Ah1G40700.1, Ah4G05320.1, Ah4G05330.1, Ah5G08200.1, Ah6G34780.1","AL4G26930.t1, AL7G30220.t1, AL7G47240.t1, AL8G16330.t1, AL8G29070.t1","AT3G32960.1",""
"OG0000907","","Ah7G08020.1, Ah7G08030.1","AL22U10010.t1, AL3G22600.t1, AL7G20330.t1, AL7G20370.t1, AL7G51970.t1, AL7G51980.t1","AT4G31640.1, AT4G31650.2, AT4G31680.1, AT4G31685.1, AT4G31690.1",""
"OG0000913","","","AL1G31240.t1, AL1G31270.t1, AL1G31610.t1, AL1G34810.t1, AL1G35170.t1, AL1G35390.t1, AL1G35480.t1, AL3G33590.t1","AT1G18760.1, AT1G18770.1, AT1G21960.1, AT2G29840.1","evm.model.supercontig_163.10"
"OG0000929","AALP_AA1G280800, AALP_AA1G281700, AALP_AA1G281900, AALP_AAs60811U000100","Ah1G28710.1, Ah1G28720.1","AL1G38470.t1, AL1G38480.t1, AL1G38490.t1, AL8G21080.t1, AL8G21090.t1","AT1G27030.1",""
"OG0000949","AALP_AA1G286100","","AL6G38960.t1, AL6G38970.t1, AL6G40080.t1, AL6G40090.t1","AT5G26865.1, AT5G26950.1, AT5G27050.1, AT5G27070.1, AT5G27090.1, AT5G27580.1, AT5G27944.1",""
"OG0000962","AALP_AA1G056500, AALP_AA3G173500","Ah4G18270.1","AL4G26670.t1, AL4G27540.t1, AL4G28060.t1, AL4G28420.t1","AT2G27410.1, AT2G31420.1, AT2G31460.1, AT2G32645.1, AT2G32905.1",""
"OG0001007","AALP_AA3G293200","Ah3G31220.1, Ah3G31340.1","AL123U10010.t1, AL26U10030.t1, AL26U10060.t1, AL3G40880.t1, AL3G40890.t1, AL3G41020.t1, AL3G41050.t1","AT3G25180.1","evm.model.supercontig_428.7"
"OG0001019","AALP_AA4G226200, AALP_AA4G226300, AALP_AA5G251200, AALP_AA5G251300, AALP_AA5G251500, AALP_AA5G251600","","AL5G41770.t1, AL5G41790.t1","AT3G59700.1, AT3G59730.1, AT3G59740.1, AT3G59750.1",""
"OG0001038","AALP_AA5G015600","Ah5G01820.1, Ah5G01840.1, Ah5G01860.1","AL5G11890.t1","AT2G02610.1, AT2G02620.1, AT2G02630.1, AT2G02640.1, AT2G02680.1, AT2G02690.1, AT2G02700.1",""
"OG0001079","AALP_AA7G161300","Ah1G44350.1, Ah2G32910.1, Ah3G32060.1, Ah3G37410.1, Ah6G08630.1, Ah6G21120.1, Ah7G34040.1","AL6G28130.t1, AL7G37270.t1, AL96U10010.t1","AT5G18880.1",""
"OG0001115","","Ah1G40660.1","AL1G50110.t1, AL1G50120.t1, AL1G50150.t1, AL1G50170.t1, AL1G50190.t1, AL1G50210.t1, AL1G50220.t1","AT1G34560.1, AT1G35353.1, AT1G35365.1, AT3G27900.2",""
"OG0001127","","Ah5G35270.1, Ah6G30960.1","AL1G56990.t1, AL2G19320.t1, AL3G40990.t1, AL4G18060.t1, AL5G24470.t1, AL6G38890.t1, AL6G49470.t1","AT1G52603.1, AT1G67235.1, AT5G33393.1",""
"OG0001132","","Ah2G14790.1, Ah3G35730.1, Ah7G37710.1, Ah7G37720.1, Ah7G37770.1","AL5G19550.t1, AL7G52290.t1, AL7G52310.t1, AL7G52360.t1, AL7G52380.t1, AL7G52410.t1","AT5G38350.1",""
"OG0001135","","Ah2G13680.1, Ah7G37850.1, Ah8G08960.1","AL1G45700.t1, AL1G57250.t1, AL211U10020.t1, AL3G21260.t2, AL446U10030.t1, AL4G19890.t1, AL4G30840.t2, AL9U11170.t1","AT1G36230.1",""
"OG0001136","","Ah7G42210.1","AL4G35640.t1, AL4G35650.t1, AL4G35660.t1, AL4G35680.t1, AL7G18260.t1, AL7G47920.t1","AT2G38590.1, AT4G33290.1, AT5G41490.1, AT5G41500.1, AT5G41510.1",""
"OG0001139","","Ah2G08220.1","AL2G10570.t1, AL2G12670.t1, AL2G19440.t1, AL3G29100.t1, AL3G45380.t1, AL3G45450.t1, AL6G40320.t1, AL8G19200.t1","AT1G66045.1, AT4G03040.1, AT5G33330.1",""
"OG0001188","AALP_AA1G165100, AALP_AA8G241600","Ah6G28410.1","AL6G37940.t1, AL6G37960.t1, AL6G37970.t2, AL6G37980.t2, AL8G21140.t1","AT5G25980.2, AT5G26000.1, AT5G48375.1",""
"OG0001196","AALP_AA2G223000, AALP_AA4G226700","Ah4G11530.1, Ah4G11540.1, Ah4G28400.1, Ah4G32570.1, Ah4G32590.1, Ah4G32620.1","AL4G42570.t1, AL4G42610.t1","AT2G43745.1",""
"OG0001202","AALP_AA2G028700, AALP_AA2G028800, AALP_AA2G028900","","AL2G14690.t1, AL2G14700.t1, AL2G14720.t1, AL8G22740.t1","AT1G61563.1, AT1G61566.1, AT2G22055.1","evm.model.supercontig_116.49"
"OG0001262","AALP_AA3G178600","Ah3G22890.1","AL3G31580.t1, AL3G31610.t1, AL3G31620.t1, AL3G32310.t1, AL3G32820.t1, AL3G50560.t1","AT3G18330.1, AT3G18910.1, AT3G19410.1",""
"OG0001318","AALP_AA6G350700","Ah7G37730.1, Ah7G37780.3","AL686U10010.t1, AL7G52260.t1, AL7G52280.t1, AL7G52300.t1, AL7G52400.t1, AL7G52430.t1","AT5G38360.1","evm.model.supercontig_282.6"
"OG0001336","AALP_AA7G114000, AALP_AA8G324600","Ah7G13070.1","AL7G25010.t1, AL8G29290.t1, AL8G29300.t1, AL8G29320.t1, AL8G29330.t1","AT4G27660.1, AT5G54148.1, AT5G54150.1",""
"OG0001349","AALP_AA8G161800","Ah1G29510.1","AL1G39220.t1, AL1G39230.t1, AL6G26510.t1","AT1G26510.1, AT1G26515.1, AT1G31000.1, AT4G11590.1, AT5G15660.1, AT5G15670.1",""
"OG0001363","AALP_AA8G381400","Ah1G30350.1, Ah1G41600.1, Ah2G30380.1, Ah3G34610.1, Ah7G00600.1, Ah7G25260.1, Ah8G08680.1","AL2G19100.t1, AL5G20650.t1","AT1G40083.1",""
"OG0001392","","Ah6G20530.1","AL6G30000.t1, AL6G30010.t1, AL6G30020.t1, AL6G30030.t1, AL6G30040.t1, AL6G30050.t1, AL6G30060.t1, AL6G30070.t1","AT5G18720.3, AT5G18730.1",""
"OG0001395","","Ah2G03890.1, Ah3G36180.1, Ah6G34520.1, Ah6G34540.1, Ah6G34560.1, Ah7G23990.1","AL2G11060.t1, AL2G13760.t1, AL6G43420.t1","AT1G62170.2, AT2G14540.1",""
"OG0001398","","Ah3G21420.1, Ah5G00180.1, Ah6G32970.1, Ah7G27610.1, Ah7G37060.1, Ah8G10340.1, Ah8G15380.1, Ah8G18460.1","AL3G44670.t1, AL7G48730.t2","AT1G67020.1",""
"OG0001400","","Ah4G21690.1","AL4G31290.t1, AL4G35260.t1, AL4G35290.t1, AL4G35450.t1, AL4G35480.t1","AT2G27320.1, AT2G35250.1, AT2G38255.1, AT4G17505.1","evm.model.supercontig_62.65"
"OG0001401","","Ah4G16750.1","AL4G26680.t1, AL4G26690.t1, AL5G36930.t1, AL6G44630.t1, AL6G44660.t1","AT2G31425.1, AT2G31430.1, AT3G55680.1","evm.TU.contig_31737.1, evm.model.supercontig_145.24"
"OG0001408","","Ah5G05960.1","AL5G20820.t1, AL6G14840.t1, AL7G21960.t1, AL8G11220.t1, AL8G20770.t2","AT5G28950.1, AT5G35695.1","evm.model.supercontig_140.7, evm.model.supercontig_202.14, evm.model.supercontig_699.1"
"OG0001411","","Ah8G11090.1, Ah8G31850.1, Ah8G33410.1","AL5G41570.t1, AL8G21440.t1, AL8G40910.t1, AL8G41190.t1, AL8G41200.t1, AL8G41820.t1, AL8G43360.t1","AT5G64450.1",""
"OG0001412","","Ah8G23120.1","AL4G43050.t1, AL4G43060.t1, AL4G43070.t1, AL4G43090.t1, AL4G43100.t1, AL4G43120.t1, AL4G43680.t1, AL8G32920.t1","AT5G57020.1","evm.model.supercontig_800.3"
"OG0001688","AALP_AA4G039500","","AL2G15130.t1, AL3G47160.t1","AT1G57570.1, AT1G60095.1, AT1G60110.2, AT1G60130.1, AT1G61230.1, AT5G38540.1, AT5G38550.1",""
"OG0001769","AALP_AA6G214900, AALP_AA6G324800, AALP_AA6G324900","","AL3G49090.t1, AL5G22280.t1, AL6G48590.t1, AL8G38340.t1","AT2G16505.1, AT2G16535.1, AT5G61605.1",""
"OG0001813","AALP_AA7G267000","Ah2U00900.1","AL1G32750.t1, AL3G14930.t1, AL3G53220.t1, AL4G29500.t1, AL7G10840.t1, AL8G13050.t1","AT3G10510.1, AT4G38940.1",""
"OG0001820","AALP_AA7G198300, AALP_AAs64104U000300","","AL8G36490.t1","AT3G45840.1, AT3G48400.1, AT4G01350.1, AT5G22355.1, AT5G59920.1, AT5G59930.1, AT5G59940.1",""
"OG0001841","AALP_AA8G453800, AALP_AA8G456000","","AL8G39400.t1, AL8G39540.t1, AL8G39570.t1, AL8G39590.t1, AL8G39600.t1, AL8G39640.t1","AT5G62510.1, AT5G62660.1",""
"OG0001885","","Ah1G49160.1, Ah1G49190.1","AL1G58510.t1","AT1G48145.1, AT1G50745.1, AT1G50750.1, AT1G50760.1, AT1G50770.1, AT1G50790.1, AT1G50820.2",""
"OG0001893","","Ah1G37690.1, Ah1G41900.1, Ah2G11980.1, Ah3G38910.1, Ah5G08040.1, Ah7G35100.1, Ah7G35130.1, Ah8G11660.1","AL4G14300.t1","AT1G43415.1",""
"OG0001901","","Ah6G37070.1, Ah6G37460.1","AL1G59830.t1, AL1G59840.t1, AL6G45960.t1, AL6G46350.t1, AL6G46470.t1, AL8G22560.t1","AT4G11485.1, AT4G11760.1",""
"OG0001911","","Ah4G04680.1","AL34U10020.t1, AL34U10030.t1, AL4G14410.t1, AL5G40960.t1, AL8G21850.t1, AL8G22260.t1, AL8G22280.t1","AT3G59070.1, AT5G48750.1",""
"OG0001918","","Ah5G02810.1, Ah7G37620.1, Ah7G37630.1","AL5G13330.t1, AL5G13340.t1, AL5G13350.t1, AL6G22950.t1, AL7G52550.t1, AL7G52570.t1","AT5G38270.1",""
"OG0001923","","Ah5G29800.1, Ah5G29980.1, Ah70U00080.1","AL5G40610.t1, AL5G40780.t1, AL5G40830.t1, AL7G52190.t1, AL7G52200.t1, AL7G52210.t1","AT3G58820.1",""
"OG0001927","","Ah2G13130.1","AL2G20160.t1, AL2G20170.t1, AL2G20250.t1, AL2G20310.t1, AL8G34580.t1, AL8G34600.t1","AT1G65190.1, AT1G65250.1, AT1G67470.1",""
"OG0001928","","Ah2G05390.1","AL1G62110.t1, AL1G62130.t1, AL1G62140.t1, AL1G62500.t1, AL2G15380.t1","AT1G53550.1, AT1G53815.1, AT1G55070.1, AT1G61060.1",""
"OG0001929","","Ah2G13070.1","AL2G20010.t1, AL2G20020.t1, AL2G20030.t1, AL2G20070.t1, AL2G20200.t1, AL6G40220.t1","AT1G65050.1, AT1G65150.2, AT1G65370.1",""
"OG0002178","AALP_AA2G252200, AALP_AA2G252500, AALP_AA2G252600","","AL3G20240.t1, AL3G20250.t1, AL3G20260.t1, AL6G14890.t1, AL6G15310.t1","AT3G09160.1",""
"OG0002370","AALP_AA3G344700, AALP_AA6G313300","","AL7G50290.t1, AL7G50310.t1, AL7G50960.t1, AL7G51070.t1","AT2G24615.1, AT2G24625.1, AT5G39365.1",""
"OG0002564","AALP_AA5G261300, AALP_AA6G172600","Ah2G20580.1, Ah3G40680.1, Ah4G09800.1, Ah5G23640.1, Ah5G31920.1","AL4G20750.t1","AT3G60470.1",""
"OG0002742","AALP_AA8G013400, AALP_AA8G013600","","AL3G20490.t1, AL6G11400.t1, AL6G11410.t1","AT3G09330.1, AT3G09340.1, AT5G02170.1, AT5G02180.1",""
"OG0002810","","Ah1G38940.1","AL1G47980.t1, AL1G47990.t1, AL1G48010.t1, AL1G48070.t1, AL1G48080.t1, AL3G46500.t1","AT1G33610.1, AT1G33670.1",""
"OG0002829","","Ah1G42000.1, Ah3G27520.1, Ah4G07580.1, Ah4G29330.1, Ah5G09680.1, Ah6G32900.1","AL5G17530.t1","AT5G28720.1, AT5G28730.1",""
"OG0002867","","Ah2G05880.1, Ah4G31060.1","AL2G11470.t1, AL2G15770.t1, AL4G40910.t1, AL4G40920.t1, AL4G40930.t1, AL4G40970.t1","AT2G42455.1",""
"OG0002883","","Ah5G03250.1","AL5G13720.t1","AT2G03913.1, AT2G03931.1, AT2G03933.1, AT2G03936.1, AT2G03937.2, AT2G03955.1, AT2G34123.1",""
"OG0002891","","Ah2G06870.1","AL2G27190.t1, AL3G49140.t1, AL4G14560.t1, AL6G28820.t1","AT1G47770.1, AT3G01345.1, AT5G01080.1, AT5G35760.1",""
"OG0002892","","Ah2G06520.1","AL2G16320.t1, AL2G16330.t1, AL2G16340.t1, AL2G16550.t1","AT1G60300.1, AT1G60340.1, AT1G60350.1, AT1G60380.1",""
"OG0002893","","Ah2G07930.1","AL2G17690.t1, AL2G17710.t1, AL2G17720.t1, AL6G40420.t1, AL6G40430.t1, AL6G40440.t1","AT5G28160.1, AT5G28180.1",""
"OG0002919","AALP_AA1G240200","","AL1G35130.t1, AL1G35140.t1, AL1G35260.t1, AL1G35270.t1, AL1G35280.t1","AT1G21925.1, AT1G21928.1",""
"OG0003409","AALP_AA6G059900","","AL8G17120.t1, AL8G17140.t1, AL8G17150.t1, AL97U10010.t1, AL97U10020.t1","AT5G43290.1","evm.model.supercontig_169.18"
"OG0003680","","Ah1G44970.1, Ah2G11310.1, Ah3G43290.1, Ah4G28910.1, Ah5G18060.1, Ah8G18080.1","AL4G38680.t1","AT2G40790.1",""
"OG0003687","","Ah1G44870.1","AL1G53980.t1, AL1G53990.t1, AL311U10010.t1, AL7G51580.t1, AL8G26210.t1","AT1G47620.1, AT1G66030.1",""
"OG0003691","","Ah1G12240.1, Ah1G12250.1","AL1G17320.t1, AL1G22140.t1, AL1G22150.t1, AL1G22160.t1, AL638U10010.t1","AT1G11145.1",""
"OG0003730","","Ah6G24280.1, Ah6G24300.1, Ah6G24320.1, Ah6G24350.1, Ah6G32530.1","AL6G33710.t1","AT5G22660.2, AT5G22700.5",""
"OG0003767","","Ah4G01370.1","AL3G39250.t1, AL3G53950.t1, AL4G11220.t1, AL4G11240.t1, AL4G11250.t1","AT2G21930.2, AT5G44220.1",""
"OG0003807","","Ah5G11250.2","AL1G27390.t1, AL2G29190.t1, AL2G41520.t1, AL3G27110.t1, AL5G20790.t1","AT3G42170.1","evm.model.supercontig_167.6"
"OG0003808","","Ah5G33020.1, Ah5G33130.1","AL5G29610.t1, AL5G43650.t1, AL5G43690.t1, AL5G43830.t1, AL5G44790.t1","AT3G60980.1",""
"OG0003820","","Ah3G02500.1","AL304U10020.t1, AL304U10040.t1, AL3G16000.t1, AL6G28100.t1, AL6G28180.t1","AT5G17080.1, AT5G17140.1",""
"OG0004081","AALP_AA3G242800","","AL1G40920.t1, AL3G35140.t1, AL3G35150.t1, AL3G35160.t1, AL6G44060.t1","AT3G21170.1",""
"OG0004132","AALP_AA3G321000","","AL2G11030.t1, AL2G11040.t1, AL2G11070.t1, AL2G11960.t1, AL6G43560.t1","AT1G64030.1",""
"OG0004303","AALP_AA6G359400","","AL1G54860.t1, AL3G47620.t1, AL3G49550.t1, AL4G31270.t1","AT1G55947.1, AT2G16810.1",""
"OG0004694","","Ah6G19840.1","AL1G66270.t1, AL6G29130.t1, AL6G29140.t1, AL6G29160.t1, AL6G29360.t1","AT5G18160.1",""
"OG0004872","","Ah8G09660.1","AL8G19400.t1, AL8G19410.t1, AL8G19420.t1, AL8G19430.t1, AL8G19452.t1","AT5G42232.1",""
"OG0005764","AALP_AA5G223000","","AL1G51900.t1, AL1G53100.t1, AL1G62520.t1, AL4G16810.t1","AT1G53790.2",""
