family_id	species	n_assemblies	max_copy	min_copy	median_copy	mean_copy	sd_copy	var_copy	cv	dispersion
OG0000007	AL	21	1	1	1	1	0	0	0	0
OG0000007	AT	133	3	3	3	3	0	0	0	0
OG0000009	AL	21	26	20	22	22.3809523809524	1.5644868320376	2.44761904761905	0.0699026031335949	0.10936170212766
OG0000009	AT	133	31	29	31	30.7067669172932	0.504253947674907	0.254272043745728	0.0164215903625765	0.00828065176742943
OG0000012	AL	21	45	25	34	34.047619047619	5.29600028772838	28.0476190476191	0.155546861597617	0.823776223776224
OG0000012	AT	133	34	25	29	29.218045112782	1.634562057299	2.67179311916154	0.0559435804479586	0.0914432539496873
OG0000015	AL	21	18	9	13	13.6666666666667	2.7264140062238	7.43333333333333	0.199493707772473	0.54390243902439
OG0000015	AT	133	20	13	17	16.6766917293233	1.26460481418799	1.59922533606744	0.0758306764143385	0.0958958384567043
OG0000016	AL	21	57	46	49	50.6190476190476	3.85326083306322	14.8476190476191	0.0761227445854446	0.293320790216369
OG0000016	AT	133	39	27	32	31.8421052631579	2.28248304870455	5.2097288676236	0.071681285827085	0.163611319809667
OG0000022	AL	21	17	14	16	15.5714285714286	1.16496474502144	1.35714285714286	0.0748142496802757	0.0871559633027523
OG0000022	AT	133	16	14	16	15.8721804511278	0.377662945659271	0.142629300524037	0.0237940178932653	0.00898611888663996
OG0000024	AL	21	30	19	26	25.3333333333333	3.21455025366432	10.3333333333333	0.126890141592013	0.407894736842105
OG0000024	AT	133	28	11	15	15.5112781954887	2.65037602064478	7.02449305080884	0.170867673652814	0.452863584952776
OG0000027	AL	21	13	9	12	11.6666666666667	1.23827837473378	1.53333333333333	0.106138146405753	0.131428571428571
OG0000027	AT	133	26	19	22	22.0375939849624	1.22725374026476	1.50615174299385	0.0556890984152895	0.0683446543221365
OG0000029	AL	21	38	17	28	28.8571428571429	3.90238022603788	15.2285714285714	0.135230997932006	0.527722772277228
OG0000029	AT	133	10	6	10	9.54887218045113	0.820810440353274	0.673729778992936	0.0859588886354216	0.0705559532331185
OG0000030	AL	21	13	9	11	11.0952380952381	0.830948969838816	0.69047619047619	0.074892396423241	0.0622317596566523
OG0000030	AT	133	23	18	21	21.3458646616541	0.788603606516885	0.621895648211438	0.0369440928731052	0.0291342448792255
OG0000038	AL	21	2	1	2	1.71428571428571	0.462910049886276	0.214285714285714	0.270030862433661	0.125
OG0000038	AT	133	1	1	1	1	0	0	0	0
OG0000039	AL	21	19	14	16	16.5238095238095	1.4359334113756	2.06190476190476	0.086900869276333	0.12478386167147
OG0000039	AT	133	12	11	11	11.0977443609023	0.298091445551766	0.0888585099111416	0.0268605435354911	0.0080068982508007
OG0000040	AL	21	15	9	12	11.7142857142857	1.41925533794512	2.01428571428571	0.12115594348312	0.171951219512195
OG0000040	AT	133	16	13	15	15.1729323308271	0.712563428282414	0.507746639325587	0.0469628027559767	0.0334639757335496
OG0000042	AL	21	21	14	16	16.5714285714286	1.91236577493503	3.65714285714286	0.115401382970217	0.220689655172414
OG0000042	AT	133	10	6	9	9.37593984962406	0.713522034224746	0.50911369332422	0.0761013877721662	0.0543000170105222
OG0000045	AL	21	6	4	6	5.47619047619048	0.601585207518238	0.361904761904762	0.109854690068548	0.0660869565217391
OG0000045	AT	133	1	0	1	0.819548872180451	0.386016691155954	0.149008885850991	0.471011191960935	0.181818181818182
OG0000046	AL	21	18	16	17	17.2380952380952	0.830948969838817	0.69047619047619	0.0482042220072242	0.0400552486187845
OG0000046	AT	133	11	10	11	10.9924812030075	0.0867109969524119	0.00751879699248119	0.00788820970907714	0.000683994528043774
OG0000047	AL	21	16	12	15	14.6666666666667	1.31656117720877	1.73333333333333	0.0897655348096886	0.118181818181818
OG0000047	AT	133	6	3	5	4.83458646616541	0.641735940312037	0.411825017088175	0.132738538198291	0.0851830906263254
OG0000049	AL	21	26	21	24	24.1904761904762	1.12334534400814	1.26190476190476	0.0464375043782892	0.0521653543307086
OG0000049	AT	133	10	9	10	9.96992481203008	0.171439963166726	0.0293916609706084	0.0171957127459838	0.00294803235979707
OG0000054	AL	21	11	7	9	9	1.14017542509914	1.3	0.126686158344349	0.144444444444444
OG0000054	AT	133	16	10	13	13.3157894736842	1.29899973786728	1.68740031897927	0.0975533399979382	0.126721763085399
OG0000060	AL	21	31	20	28	27.4761904761905	2.82168473822019	7.96190476190476	0.102695631720319	0.289774696707106
OG0000060	AT	133	19	12	13	13.406015037594	0.826067665298034	0.682387787650944	0.0616191808663143	0.0509016128758136
OG0000065	AL	21	12	7	9	9.19047619047619	1.40068010691405	1.96190476190476	0.152405607488058	0.213471502590674
OG0000065	AT	133	16	8	10	10.4962406015038	1.55028863466236	2.40339485076327	0.147699418631872	0.228976730051229
OG0000074	AL	21	0	0	0	0	0	0	NA	NA
OG0000074	AT	133	118	15	88	84.5112781954887	18.1181377987152	328.266917293233	0.214387217725011	3.88429715302491
OG0000075	AL	21	1	0	1	0.952380952380952	0.218217890235992	0.0476190476190477	0.229128784747792	0.05
OG0000075	AT	133	1	0	1	0.969924812030075	0.171439963166726	0.0293916609706084	0.176755931016857	0.0303030303030303
OG0000077	AL	21	7	6	7	6.52380952380952	0.511766315719159	0.261904761904762	0.0784459316065864	0.0401459854014598
OG0000077	AT	133	16	11	13	12.9924812030075	1.29390318944624	1.67418546365915	0.0995886135395542	0.128858024691358
OG0000083	AL	21	3	0	2	1.66666666666667	0.912870929175277	0.833333333333333	0.547722557505166	0.5
OG0000083	AT	133	24	11	17	16.9624060150376	2.59780214516389	6.74857598541809	0.15315056972819	0.397854878572964
OG0000086	AL	21	4	3	3	3.04761904761905	0.218217890235992	0.0476190476190476	0.071602745233685	0.015625
OG0000086	AT	133	1	1	1	1	0	0	0	0
OG0000087	AL	21	9	4	7	7.28571428571429	1.38357714432037	1.91428571428571	0.189902745298875	0.262745098039216
OG0000087	AT	133	5	0	4	3.52631578947368	1.28852127702251	1.66028708133971	0.365401556170561	0.470827679782903
OG0000090	AL	21	9	6	8	7.47619047619048	0.87287156094397	0.761904761904762	0.116753520890595	0.101910828025478
OG0000090	AT	133	16	12	15	14.7443609022556	1.17843074479495	1.38869902027797	0.0799241657612074	0.0941850941850943
OG0000093	AL	21	3	1	1	1.61904761904762	0.740012869900955	0.547619047619048	0.457066772585884	0.338235294117647
OG0000093	AT	133	54	7	17	21.8947368421053	13.3315888013433	177.731259968102	0.608894680830583	8.11753350815851
OG0000095	AL	21	2	0	2	1.76190476190476	0.538958431120797	0.290476190476191	0.305895325771263	0.164864864864865
OG0000095	AT	133	2	1	2	1.6015037593985	0.49143959251552	0.24151287309182	0.306861341805465	0.150803812775644
OG0000096	AL	21	3	2	3	2.61904761904762	0.497613351528119	0.247619047619048	0.189997825128918	0.0945454545454545
OG0000096	AT	133	24	20	22	22.1954887218045	1.01845580241007	1.03725222146275	0.0458857119649525	0.0467325695984232
OG0000100	AL	21	1	1	1	1	0	0	0	0
OG0000100	AT	133	2	1	2	1.96992481203008	0.171439963166726	0.0293916609706084	0.0870286835922693	0.0149201943095073
OG0000103	AL	21	7	4	6	5.66666666666667	0.912870929175277	0.833333333333333	0.161094869854461	0.147058823529412
OG0000103	AT	133	14	6	12	10.6541353383459	2.61998471190877	6.86431989063568	0.245912467666808	0.644286905754795
OG0000106	AL	21	21	16	18	18.1428571428571	1.76877681706071	3.12857142857143	0.0974916355860236	0.17244094488189
OG0000106	AT	133	10	6	7	7.66165413533835	1.19270013278449	1.42253360674413	0.155671361786395	0.185669253873376
OG0000107	AL	21	21	12	15	15.2380952380952	2.4880667576406	6.19047619047619	0.163279380970164	0.40625
OG0000107	AT	133	9	6	9	8.53383458646617	0.723510718863146	0.523467760309866	0.0847814322544479	0.0613402749966627
OG0000118	AL	21	6	1	2	2.28571428571429	1.55379719213471	2.41428571428572	0.679786271558937	1.05625
OG0000118	AT	133	17	9	13	13.2857142857143	1.45420721175444	2.11471861471862	0.109456456798721	0.159172368849788
OG0000126	AL	21	11	8	10	9.66666666666667	0.730296743340221	0.533333333333333	0.0755479389662298	0.0551724137931034
OG0000126	AT	133	8	7	8	7.99248120300752	0.0867109969524119	0.00751879699248119	0.0108490711144598	0.000940733772342425
OG0000141	AL	21	2	1	2	1.85714285714286	0.358568582800318	0.128571428571429	0.193075390738633	0.0692307692307692
OG0000141	AT	133	4	2	4	3.85714285714286	0.392019965919663	0.153679653679654	0.101634805979172	0.0398428731762066
OG0000142	AL	21	4	3	4	3.80952380952381	0.402373908081478	0.161904761904762	0.105623150871388	0.0425
OG0000142	AT	133	12	6	11	11.1804511278195	0.637639901062307	0.406584643426748	0.057031679113172	0.0363656742271403
OG0000147	AL	21	11	5	7	7.85714285714286	2.0071301473924	4.02857142857143	0.255452927849942	0.512727272727273
OG0000147	AT	133	9	6	8	7.79699248120301	0.472892429568331	0.223627249943039	0.0606506201857165	0.0286812191344495
OG0000150	AL	21	12	11	12	11.7142857142857	0.462910049886276	0.214285714285714	0.0395167115756577	0.0182926829268293
OG0000150	AT	133	8	6	8	7.41353383458647	0.862763526266403	0.744360902255638	0.116376824536949	0.100405679513185
OG0000158	AL	21	1	1	1	1	0	0	0	0
OG0000158	AT	133	1	1	1	1	0	0	0	0
OG0000159	AL	21	11	6	7	7.85714285714286	1.27615493909299	1.62857142857143	0.162419719520926	0.207272727272727
OG0000159	AT	133	2	1	2	1.97744360902256	0.149045722775883	0.0222146274777853	0.0753729320501613	0.0112340131351538
OG0000164	AL	21	9	7	8	8.14285714285714	0.478091443733757	0.228571428571429	0.0587129843181807	0.0280701754385965
OG0000164	AT	133	7	6	7	6.96992481203007	0.171439963166726	0.0293916609706084	0.0245971036690125	0.00421692654702364
OG0000166	AL	21	24	9	20	19.4761904761905	3.24990842361824	10.5619047619048	0.16686571368211	0.542298288508558
OG0000166	AT	133	2	2	2	2	0	0	0	0
OG0000167	AL	21	7	6	7	6.85714285714286	0.358568582800318	0.128571428571429	0.0522912516583797	0.01875
OG0000167	AT	133	5	5	5	5	0	0	0	0
OG0000170	AL	21	304	129	150	170.857142857143	54.7085785908259	2993.02857142857	0.32020071081587	17.5177257525084
OG0000170	AT	133	4	1	3	2.52631578947368	0.917662935482247	0.842105263157895	0.36324157862839	0.333333333333333
OG0000182	AL	21	27	16	20	19.3333333333333	2.92118697336089	8.53333333333333	0.15109587793246	0.441379310344828
OG0000182	AT	133	5	4	5	4.86466165413534	0.343377936655941	0.117908407382091	0.07058619099728	0.0242377406210481
OG0000184	AL	21	17	11	15	14.9047619047619	1.60949563232591	2.59047619047619	0.107985329964358	0.173801916932907
OG0000184	AT	133	16	6	12	11.6842105263158	2.16153852702832	4.67224880382775	0.184996540601523	0.39987714987715
OG0000185	AL	21	7	3	6	5.95238095238095	1.02353263143832	1.04761904761905	0.171953482081637	0.176
OG0000185	AT	133	6	2	4	4.14285714285714	0.750180353495453	0.562770562770563	0.181078016360971	0.135841170323929
OG0000186	AL	21	2	1	2	1.76190476190476	0.436435780471985	0.19047619047619	0.247706794321937	0.108108108108108
OG0000186	AT	133	3	2	3	2.68421052631579	0.466586915035449	0.217703349282297	0.173826497758304	0.0811051693404637
OG0000188	AL	21	20	15	18	17.6190476190476	1.59612626305661	2.54761904761905	0.0905909500653749	0.144594594594595
OG0000188	AT	133	4	4	4	4	0	0	0	0
OG0000192	AL	21	2	1	2	1.9047619047619	0.300792603759119	0.0904761904761905	0.157916116973538	0.0475
OG0000192	AT	133	3	2	3	2.94736842105263	0.224141103882712	0.0502392344497607	0.0760478745316345	0.0170454545454545
OG0000196	AL	21	4	3	4	3.9047619047619	0.300792603759119	0.0904761904761905	0.0770322521822134	0.0231707317073171
OG0000196	AT	133	8	6	7	7.03759398496241	0.258375315384247	0.066757803599909	0.0367135864808812	0.00948588448588451
OG0000199	AL	21	21	14	17	17.6666666666667	2.00831604418561	4.03333333333333	0.113678266652016	0.228301886792453
OG0000199	AT	133	16	13	15	14.7443609022556	0.623457312314137	0.388699020277967	0.0422844582038655	0.0263625546644414
OG0000200	AL	21	20	9	18	17.1904761904762	2.60036627456687	6.76190476190476	0.151267844226881	0.393351800554017
OG0000200	AT	133	1	1	1	1	0	0	0	0
OG0000202	AL	21	3	1	3	2.76190476190476	0.624880941040924	0.390476190476191	0.226249995894128	0.141379310344828
OG0000202	AT	133	5	5	5	5	0	0	0	0
OG0000205	AL	21	0	0	0	0	0	0	NA	NA
OG0000205	AT	133	2	0	1	1.03759398496241	0.483140218018098	0.233424470266575	0.465635137655123	0.224967061923583
OG0000206	AL	21	8	5	6	5.95238095238095	0.669043382464133	0.447619047619048	0.112399288253974	0.0752
OG0000206	AT	133	11	9	10	10.0977443609023	0.47457575398958	0.225222146274778	0.0469981945499733	0.0223042036147025
OG0000207	AL	21	19	8	10	11.2857142857143	2.75939952059967	7.61428571428571	0.244503754989845	0.674683544303797
OG0000207	AT	133	3	3	3	3	0	0	0	0
OG0000210	AL	21	3	2	3	2.76190476190476	0.436435780471985	0.19047619047619	0.158019851550201	0.0689655172413793
OG0000210	AT	133	7	6	7	6.97744360902256	0.149045722775883	0.0222146274777853	0.0213610788030091	0.00318377742946708
OG0000213	AL	21	8	6	8	7.38095238095238	0.740012869900955	0.547619047619048	0.100259808180129	0.0741935483870968
OG0000213	AT	133	7	7	7	7	0	0	0	0
OG0000217	AL	21	13	9	11	10.7142857142857	1.27054543967767	1.61428571428571	0.118584241036582	0.150666666666667
OG0000217	AT	133	4	3	4	3.96992481203007	0.171439963166726	0.0293916609706084	0.0431846876916185	0.00740358126721764
OG0000220	AL	21	12	10	11	10.7142857142857	0.643650304346789	0.414285714285714	0.0600740284057003	0.0386666666666667
OG0000220	AT	133	9	8	9	8.96992481203008	0.171439963166726	0.0293916609706084	0.0191127536472544	0.00327668978130001
OG0000224	AL	21	3	0	3	2.14285714285714	1.06234242529018	1.12857142857143	0.495759798468752	0.526666666666667
OG0000224	AT	133	1	0	1	0.548872180451128	0.499487091675563	0.249487354750513	0.910024427299314	0.454545454545455
OG0000228	AL	21	3	1	2	2.33333333333333	0.730296743340222	0.533333333333333	0.312984318574381	0.228571428571429
OG0000228	AT	133	4	2	3	3.06766917293233	0.510428945012064	0.260537707906129	0.166389827663246	0.08493018419489
OG0000242	AL	21	13	8	11	10.5714285714286	1.32557265253281	1.75714285714286	0.125392007672022	0.166216216216216
OG0000242	AT	133	2	1	2	1.97744360902256	0.149045722775883	0.0222146274777854	0.0753729320501614	0.0112340131351538
OG0000248	AL	21	0	0	0	0	0	0	NA	NA
OG0000248	AT	133	1	1	1	1	0	0	0	0
OG0000253	AL	21	9	6	8	7.95238095238095	0.804747816162956	0.647619047619047	0.101195833170192	0.081437125748503
OG0000253	AT	133	2	2	2	2	0	0	0	0
OG0000255	AL	21	95	3	45	49.9047619047619	27.6077973802778	762.190476190476	0.553209680329995	15.2729007633588
OG0000255	AT	133	1	0	1	0.661654135338346	0.474935690145977	0.225563909774435	0.717800531697897	0.34090909090909
OG0000258	AL	21	15	10	14	12.952380952381	1.5644868320376	2.44761904761905	0.120787586297021	0.188970588235294
OG0000258	AT	133	2	2	2	2	0	0	0	0
OG0000261	AL	21	6	5	5	5.47619047619048	0.511766315719159	0.261904761904762	0.0934529793921942	0.0478260869565217
OG0000261	AT	133	17	11	15	14.812030075188	1.12243226116626	1.25985418090681	0.0757784216929508	0.0850561452084294
OG0000264	AL	21	12	6	9	9.71428571428571	1.41925533794512	2.01428571428571	0.146099814200233	0.207352941176471
OG0000264	AT	133	8	1	6	6.33834586466165	0.869406084679343	0.755866940077465	0.137166084534226	0.119253028505697
OG0000266	AL	21	9	3	4	4.80952380952381	1.40068010691405	1.96190476190476	0.29123051727916	0.407920792079208
OG0000266	AT	133	4	1	3	3.03759398496241	0.732430729350482	0.536454773296879	0.241121997533698	0.176605160516052
OG0000269	AL	21	2	1	1	1.47619047619048	0.511766315719159	0.261904761904762	0.346680407422656	0.17741935483871
OG0000269	AT	133	17	10	14	14.0225563909774	1.56411542148276	2.44645705172021	0.111542815580272	0.174465838004712
OG0000271	AL	21	4	3	3	3.0952380952381	0.300792603759119	0.0904761904761905	0.0971791489067923	0.0292307692307692
OG0000271	AT	133	9	8	9	8.89473684210526	0.308052482116987	0.0948963317384366	0.0346331192912589	0.010668818361126
OG0000272	AL	21	1	1	1	1	0	0	0	0
OG0000272	AT	133	1	1	1	1	0	0	0	0
OG0000276	AL	21	11	3	7	7.28571428571429	2.79540439190571	7.81428571428571	0.383682955751764	1.07254901960784
OG0000276	AT	133	10	2	7	6.84962406015038	1.8647294084369	3.47721576668945	0.272238212208681	0.507650600405814
OG0000297	AL	21	3	2	2	2.47619047619048	0.511766315719159	0.261904761904762	0.206674858271199	0.105769230769231
OG0000297	AT	133	10	7	9	9.08270676691729	0.409084580088254	0.167350193665983	0.0450399413507763	0.0184251454946819
OG0000298	AL	21	5	5	5	5	0	0	0	0
OG0000298	AT	133	10	8	10	9.91729323308271	0.390126490403392	0.152198678514468	0.0393380009277112	0.0153467962414133
OG0000299	AL	21	15	11	13	12.6666666666667	1.06458129484475	1.13333333333333	0.08404589169827	0.0894736842105263
OG0000299	AT	133	5	4	5	4.88721804511278	0.317522018762762	0.10082023239918	0.0649698899929958	0.0206293706293706
OG0000319	AL	21	2	1	2	1.52380952380952	0.511766315719159	0.261904761904762	0.335846644690698	0.171875
OG0000319	AT	133	2	1	2	1.97744360902256	0.149045722775883	0.0222146274777853	0.0753729320501613	0.0112340131351538
OG0000320	AL	21	2	1	2	1.66666666666667	0.483045891539648	0.233333333333333	0.289827534923789	0.14
OG0000320	AT	133	1	1	1	1	0	0	0	0
OG0000325	AL	21	4	2	4	3.76190476190476	0.538958431120797	0.290476190476191	0.143267431057427	0.0772151898734177
OG0000325	AT	133	10	8	9	9.33834586466165	0.650025850827591	0.422533606744134	0.0696082432850802	0.0452471575659982
OG0000329	AL	21	1	0	0	0.476190476190476	0.511766315719159	0.261904761904762	1.07470926301023	0.55
OG0000329	AT	133	17	12	14	13.984962406015	1.09395697110837	1.19674185463659	0.0782238049233402	0.085573476702509
OG0000338	AL	21	14	13	14	13.6190476190476	0.497613351528119	0.247619047619048	0.0365380432940227	0.0181818181818182
OG0000338	AT	133	2	1	1	1.00751879699248	0.0867109969524119	0.00751879699248118	0.0860638999602297	0.00746268656716416
OG0000339	AL	21	11	8	10	9.66666666666667	1.06458129484475	1.13333333333333	0.110129099466699	0.117241379310345
OG0000339	AT	133	3	3	3	3	0	0	0	0
OG0000343	AL	21	11	4	6	6.66666666666667	2.00831604418561	4.03333333333333	0.301247406627841	0.605
OG0000343	AT	133	6	3	5	4.95488721804511	0.637997122323417	0.407040328092961	0.128761179467397	0.0821492619671681
OG0000347	AL	21	39	19	36	32.952380952381	6.20061440888071	38.4476190476191	0.188168934373548	1.16676300578035
OG0000347	AT	133	3	3	3	3	0	0	0	0
OG0000348	AL	21	5	3	5	4.52380952380952	0.679635756787974	0.461904761904762	0.150235272553131	0.102105263157895
OG0000348	AT	133	13	9	11	10.6766917293233	0.774096464316587	0.599225336067441	0.072503401235286	0.0561246265471617
OG0000360	AL	21	8	5	7	6.95238095238095	0.669043382464133	0.447619047619048	0.0962322673407314	0.0643835616438356
OG0000360	AT	133	5	5	5	5	0	0	0	0
OG0000361	AL	21	13	9	11	11.1904761904762	1.12334534400814	1.26190476190476	0.100384052017748	0.112765957446808
OG0000361	AT	133	4	3	4	3.96992481203007	0.171439963166726	0.0293916609706084	0.0431846876916185	0.00740358126721764
OG0000367	AL	21	5	3	4	4.38095238095238	0.589592272353571	0.347619047619048	0.134580844776359	0.0793478260869566
OG0000367	AT	133	1	0	1	0.992481203007519	0.0867109969524119	0.00751879699248119	0.0873678984444757	0.00757575757575756
OG0000372	AL	21	5	4	5	4.9047619047619	0.300792603759119	0.0904761904761905	0.0613266473683641	0.0184466019417476
OG0000372	AT	133	8	7	8	7.80451127819549	0.398075800162317	0.158464342674869	0.0510058587876572	0.0203041980498628
OG0000375	AL	21	1	1	1	1	0	0	0	0
OG0000375	AT	133	1	0	1	0.887218045112782	0.317522018762762	0.10082023239918	0.357884987249554	0.113636363636363
OG0000382	AL	21	8	6	8	7.61904761904762	0.589592272353571	0.347619047619048	0.0773839857464062	0.045625
OG0000382	AT	133	8	7	8	7.98496240601504	0.122162485315295	0.0149236728184096	0.0152990683116141	0.00186897220795525
OG0000384	AL	21	61	11	29	30.4761904761905	12.379899222607	153.261904761905	0.406215443241791	5.02890625
OG0000384	AT	133	3	2	3	2.84962406015038	0.358790911541252	0.128730918204603	0.12590815629284	0.0451747021667867
OG0000385	AL	21	1	0	1	0.952380952380952	0.218217890235992	0.0476190476190476	0.229128784747792	0.05
OG0000385	AT	133	1	0	1	0.992481203007519	0.0867109969524119	0.00751879699248118	0.0873678984444756	0.00757575757575755
OG0000386	AL	21	12	8	11	10.4761904761905	0.980767435177556	0.961904761904762	0.093618709721494	0.0918181818181818
OG0000386	AT	133	4	3	4	3.99248120300752	0.086710996952412	0.0075187969924812	0.0217185736246154	0.00188323917137476
OG0000388	AL	21	13	5	10	9.33333333333333	2.00831604418561	4.03333333333333	0.215176719019887	0.432142857142857
OG0000388	AT	133	1	0	1	0.932330827067669	0.252126973837453	0.0635680109364319	0.270426512261139	0.068181818181818
OG0000402	AL	21	12	2	2	4.52380952380952	3.24990842361824	10.5619047619048	0.718400809431399	2.33473684210526
OG0000402	AT	133	8	6	8	7.95488721804511	0.241982395244181	0.0585554796081112	0.0304193370202988	0.0073609440339119
OG0000418	AL	21	4	1	3	3.04761904761905	0.669043382464133	0.447619047619048	0.219529859871044	0.146875
OG0000418	AT	133	1	1	1	1	0	0	0	0
OG0000419	AL	21	3	3	3	3	0	0	0	0
OG0000419	AT	133	1	1	1	1	0	0	0	0
OG0000422	AL	21	10	3	7	6.76190476190476	1.67047184665776	2.79047619047619	0.247041611125444	0.412676056338028
OG0000422	AT	133	4	4	4	4	0	0	0	0
OG0000432	AL	21	2	1	1	1.04761904761905	0.218217890235992	0.0476190476190476	0.208298895225265	0.0454545454545455
OG0000432	AT	133	1	1	1	1	0	0	0	0
OG0000434	AL	21	8	5	8	7.42857142857143	0.925820099772552	0.857142857142858	0.124629628815536	0.115384615384615
OG0000434	AT	133	4	2	4	3.70676691729323	0.504253947674907	0.254272043745728	0.136036054849417	0.0685967176839388
OG0000440	AL	21	13	7	10	10.0952380952381	1.78619041271534	3.19047619047619	0.176933955976519	0.316037735849056
OG0000440	AT	133	2	1	2	1.95488721804511	0.208336181343031	0.0434039644565961	0.106571969687012	0.0222027972027972
OG0000442	AL	21	1	1	1	1	0	0	0	0
OG0000442	AT	133	52	5	16	15.218045112782	5.82749276336233	33.9596719070403	0.382933071900786	2.23153970535393
OG0000445	AL	21	2	0	2	1.80952380952381	0.511766315719159	0.261904761904762	0.282818227107956	0.144736842105263
OG0000445	AT	133	4	2	3	2.66917293233083	0.518181618320084	0.268512189564821	0.194135648553722	0.100597524541187
OG0000448	AL	21	10	6	9	8.76190476190476	1.22085060121056	1.49047619047619	0.139336209920771	0.170108695652174
OG0000448	AT	133	2	1	2	1.93984962406015	0.23866416420647	0.0569605832763728	0.123032301703335	0.0293634014564247
OG0000452	AL	21	1	0	0	0.476190476190476	0.511766315719159	0.261904761904762	1.07470926301023	0.55
OG0000452	AT	133	1	0	1	0.984962406015038	0.122162485315295	0.0149236728184096	0.124027561426979	0.0151515151515151
OG0000453	AL	21	1	1	1	1	0	0	0	0
OG0000453	AT	133	1	1	1	1	0	0	0	0
OG0000473	AL	21	1	1	1	1	0	0	0	0
OG0000473	AT	133	11	7	10	9.70676691729323	0.877167919441451	0.769423558897243	0.0903666408100023	0.0792667183062226
OG0000496	AL	21	2	1	2	1.9047619047619	0.300792603759119	0.0904761904761905	0.157916116973538	0.0475
OG0000496	AT	133	1	1	1	1	0	0	0	0
OG0000500	AL	21	2	0	2	1.80952380952381	0.511766315719159	0.261904761904762	0.282818227107956	0.144736842105263
OG0000500	AT	133	21	7	15	14.406015037594	2.64012624234708	6.97026657552973	0.183265548137872	0.483844182956917
OG0000501	AL	21	10	7	9	9.04761904761905	0.920662287496912	0.847619047619047	0.101757410723343	0.0936842105263158
OG0000501	AT	133	2	1	2	1.99248120300752	0.0867109969524119	0.00751879699248118	0.0435191041308331	0.00377358490566037
OG0000503	AL	21	2	1	2	1.9047619047619	0.300792603759119	0.0904761904761905	0.157916116973538	0.0475
OG0000503	AT	133	2	1	2	1.78947368421053	0.409223795535567	0.167464114832536	0.228683885740464	0.0935828877005346
OG0000504	AL	21	3	1	2	1.61904761904762	0.669043382464133	0.447619047619048	0.413232677404317	0.276470588235294
OG0000504	AT	133	9	7	9	8.84962406015038	0.398790607346302	0.159033948507632	0.0450629998105847	0.0179707010633094
OG0000510	AL	21	4	1	3	2.76190476190476	0.943650459903555	0.89047619047619	0.341666545827149	0.322413793103448
OG0000510	AT	133	8	3	8	7.14285714285714	1.29183248481805	1.66883116883117	0.180856547874527	0.233636363636364
OG0000513	AL	21	11	8	10	10.0952380952381	0.830948969838816	0.69047619047619	0.0823109828613922	0.0683962264150943
OG0000513	AT	133	4	2	4	3.92481203007519	0.291912713977061	0.0852130325814534	0.0743762278907071	0.0217113665389527
OG0000534	AL	21	1	1	1	1	0	0	0	0
OG0000534	AT	133	5	3	5	4.86466165413534	0.440074974452839	0.193665983139667	0.0904636346247722	0.0398107816964076
OG0000535	AL	21	7	2	7	6.33333333333333	1.11055541659718	1.23333333333333	0.175350855252186	0.194736842105263
OG0000535	AT	133	2	1	2	1.66165413533835	0.474935690145977	0.225563909774436	0.285821026196448	0.135746606334842
OG0000546	AL	21	7	3	4	4.95238095238095	1.28359613882991	1.64761904761905	0.259187681879116	0.332692307692308
OG0000546	AT	133	7	6	7	6.99248120300752	0.086710996952412	0.0075187969924812	0.0124006049405062	0.0010752688172043
OG0000549	AL	21	6	5	6	5.80952380952381	0.402373908081478	0.161904761904762	0.0692610825386151	0.0278688524590164
OG0000549	AT	133	4	4	4	4	0	0	0	0
OG0000589	AL	21	4	1	3	2.66666666666667	0.966091783079296	0.933333333333333	0.362284418654736	0.35
OG0000589	AT	133	1	0	1	0.676691729323308	0.469507675421352	0.220437457279562	0.693828009233776	0.325757575757575
OG0000591	AL	21	6	5	6	5.95238095238095	0.218217890235992	0.0476190476190476	0.0366606055596467	0.00799999999999999
OG0000591	AT	133	1	1	1	1	0	0	0	0
OG0000594	AL	21	17	4	9	9.66666666666667	3.07137319994385	9.43333333333333	0.317728262063157	0.975862068965517
OG0000594	AT	133	2	1	2	1.74436090225564	0.437869070965592	0.19172932330827	0.251019769131137	0.109913793103448
OG0000598	AL	21	9	7	8	7.95238095238095	0.497613351528119	0.247619047619048	0.062574134024494	0.0311377245508982
OG0000598	AT	133	3	2	3	2.98496240601504	0.122162485315295	0.0149236728184097	0.0409259711509678	0.00499961834974429
OG0000599	AL	21	30	10	15	18.2380952380952	6.59473094147716	43.4904761904762	0.361590991569244	2.3845953002611
OG0000599	AT	133	2	2	2	2	0	0	0	0
OG0000601	AL	21	1	0	1	0.904761904761905	0.300792603759119	0.0904761904761905	0.332454983102184	0.1
OG0000601	AT	133	32	3	17	17.2406015037594	5.96981088977655	35.6386420596947	0.34626465256881	2.06713449364998
OG0000605	AL	21	13	10	12	11.8571428571429	0.963624111659431	0.928571428571428	0.0812695033929641	0.0783132530120482
OG0000605	AT	133	3	3	3	3	0	0	0	0
OG0000606	AL	21	8	7	8	7.76190476190476	0.436435780471985	0.19047619047619	0.056227922637495	0.0245398773006135
OG0000606	AT	133	3	3	3	3	0	0	0	0
OG0000618	AL	21	1	0	1	0.904761904761905	0.300792603759119	0.0904761904761904	0.332454983102184	0.1
OG0000618	AT	133	3	2	3	2.98496240601504	0.122162485315295	0.0149236728184096	0.0409259711509678	0.00499961834974428
OG0000620	AL	21	8	4	5	5.33333333333333	1.27801930084539	1.63333333333333	0.23962861890851	0.30625
OG0000620	AT	133	3	1	3	2.54887218045113	0.621169051961018	0.385850991114149	0.243703492362287	0.151381067310271
OG0000621	AL	21	2	0	2	1.66666666666667	0.577350269189626	0.333333333333333	0.346410161513775	0.2
OG0000621	AT	133	1	1	1	1	0	0	0	0
OG0000639	AL	21	9	5	7	6.76190476190476	0.830948969838817	0.69047619047619	0.122886819483205	0.102112676056338
OG0000639	AT	133	2	1	2	1.93984962406015	0.23866416420647	0.0569605832763729	0.123032301703335	0.0293634014564248
OG0000679	AL	21	2	1	2	1.57142857142857	0.50709255283711	0.257142857142857	0.322695260896343	0.163636363636364
OG0000679	AT	133	10	7	9	9.3984962406015	0.673523633744973	0.453634085213032	0.0716629146304651	0.0482666666666666
OG0000692	AL	21	5	4	5	4.71428571428571	0.462910049886276	0.214285714285714	0.0981930408849676	0.0454545454545454
OG0000692	AT	133	8	6	8	7.58646616541353	0.552238139629726	0.3049669628617	0.0727925397133335	0.0401988167102142
OG0000712	AL	21	7	6	7	6.95238095238095	0.218217890235992	0.0476190476190476	0.0313875047599715	0.00684931506849315
OG0000712	AT	133	4	4	4	4	0	0	0	0
OG0000720	AL	21	46	10	15	19.8571428571429	11.5164478650568	132.628571428571	0.579965000398544	6.67913669064748
OG0000720	AT	133	1	1	1	1	0	0	0	0
OG0000724	AL	21	8	3	5	5.66666666666667	1.6532795690183	2.73333333333333	0.291755218062053	0.482352941176471
OG0000724	AT	133	2	2	2	2	0	0	0	0
OG0000725	AL	21	9	3	4	4.76190476190476	1.51343192462568	2.29047619047619	0.317820704171393	0.481
OG0000725	AT	133	1	0	1	0.992481203007519	0.086710996952412	0.0075187969924812	0.0873678984444757	0.00757575757575758
OG0000728	AL	21	3	1	2	2.28571428571429	0.560611910581388	0.314285714285714	0.245267710879357	0.1375
OG0000728	AT	133	6	3	5	4.47368421052632	0.584897651865602	0.342105263157894	0.130741828064076	0.076470588235294
OG0000731	AL	21	5	4	5	4.57142857142857	0.50709255283711	0.257142857142857	0.110926495933118	0.05625
OG0000731	AT	133	7	6	7	6.71428571428571	0.453461911992292	0.205627705627705	0.0675368805094903	0.0306254029658285
OG0000736	AL	21	1	0	1	0.952380952380952	0.218217890235992	0.0476190476190477	0.229128784747792	0.05
OG0000736	AT	133	11	5	8	8.06015037593985	1.36381482845241	1.85999088630668	0.169204638231502	0.230763794663048
OG0000739	AL	21	7	6	7	6.9047619047619	0.300792603759119	0.0904761904761905	0.0435630667513207	0.0131034482758621
OG0000739	AT	133	14	7	11	11.015037593985	1.32564999726272	1.75734791524265	0.120349112379482	0.159540800496432
OG0000761	AL	21	7	4	5	5.38095238095238	1.11696868694653	1.24761904761905	0.207578251556434	0.231858407079646
OG0000761	AT	133	14	5	5	5.33834586466165	1.59491245150204	2.54374572795626	0.298765290210946	0.47650448143406
OG0000792	AL	21	2	2	2	2	0	0	0	0
OG0000792	AT	133	1	1	1	1	0	0	0	0
OG0000817	AL	21	10	6	9	8.28571428571429	1.58564993434418	2.51428571428571	0.19137154380016	0.303448275862069
OG0000817	AT	133	1	0	1	0.75187969924812	0.43355498476206	0.18796992481203	0.57662812973354	0.25
OG0000822	AL	21	9	7	8	8.0952380952381	0.538958431120796	0.29047619047619	0.0665772179619807	0.0358823529411764
OG0000822	AT	133	2	1	2	1.98496240601504	0.122162485315295	0.0149236728184096	0.0615439793444477	0.0075183654729109
OG0000846	AL	21	5	4	4	4.0952380952381	0.300792603759119	0.0904761904761905	0.0734493567318779	0.022093023255814
OG0000846	AT	133	4	4	4	4	0	0	0	0
OG0000857	AL	21	2	2	2	2	0	0	0	0
OG0000857	AT	133	2	2	2	2	0	0	0	0
OG0000862	AL	21	0	0	0	0	0	0	NA	NA
OG0000862	AT	133	1	0	1	0.827067669172932	0.379618592391394	0.144110275689223	0.458993388982322	0.174242424242424
OG0000865	AL	21	34	11	22	20.6190476190476	7.10264873463548	50.447619047619	0.344470261956917	2.44665127020785
OG0000865	AT	133	1	1	1	1	0	0	0	0
OG0000887	AL	21	7	1	4	3.28571428571429	1.61687529336239	2.61428571428571	0.492092480588553	0.795652173913043
OG0000887	AT	133	1	0	1	0.992481203007519	0.086710996952412	0.0075187969924812	0.0873678984444757	0.00757575757575757
OG0000893	AL	21	11	6	9	8.42857142857143	1.56752762563945	2.45714285714286	0.185977853889426	0.291525423728814
OG0000893	AT	133	1	0	1	0.902255639097744	0.298091445551766	0.0888585099111416	0.330384685486541	0.0984848484848486
OG0000907	AL	21	9	4	6	5.85714285714286	1.1084094137869	1.22857142857143	0.189240631622154	0.209756097560976
OG0000907	AT	133	5	4	5	4.93984962406015	0.23866416420647	0.0569605832763728	0.0483140545501682	0.0115308334486417
OG0000913	AL	21	8	4	6	6.04761904761905	1.02353263143832	1.04761904761905	0.169245553229958	0.173228346456693
OG0000913	AT	133	4	3	4	3.99248120300752	0.086710996952412	0.0075187969924812	0.0217185736246154	0.00188323917137476
OG0000929	AL	21	9	5	6	6.76190476190476	1.37494588638106	1.89047619047619	0.203337067704241	0.279577464788733
OG0000929	AT	133	1	1	1	1	0	0	0	0
OG0000949	AL	21	10	7	8	8.14285714285714	0.72702917999997	0.528571428571429	0.0892842852631542	0.0649122807017544
OG0000949	AT	133	24	17	20	20.3082706766917	1.57720721303377	2.48758259284575	0.0776632948291341	0.122491108792479
OG0000962	AL	21	4	3	4	3.95238095238095	0.218217890235992	0.0476190476190476	0.0552117553609137	0.0120481927710843
OG0000962	AT	133	5	3	5	4.96240601503759	0.227170175085538	0.0516062884483939	0.0457782322520857	0.0103994490358127
OG0001007	AL	21	13	2	7	7	3.30151480384384	10.9	0.471644971977691	1.55714285714286
OG0001007	AT	133	1	1	1	1	0	0	0	0
OG0001019	AL	21	2	2	2	2	0	0	0	0
OG0001019	AT	133	5	4	4	4.00751879699248	0.0867109969524119	0.00751879699248118	0.021637078038782	0.00187617260787992
OG0001038	AL	21	1	0	1	0.761904761904762	0.436435780471985	0.19047619047619	0.57282196186948	0.25
OG0001038	AT	133	8	3	7	6.56390977443609	1.39454230277246	1.94474823422192	0.212456043835896	0.296278940608837
OG0001079	AL	21	3	0	1	1.42857142857143	0.925820099772552	0.857142857142857	0.648074069840786	0.6
OG0001079	AT	133	1	0	1	0.646616541353383	0.479827758266546	0.230234677603099	0.742059207551752	0.356060606060607
OG0001115	AL	21	8	7	7	7.14285714285714	0.358568582800318	0.128571428571429	0.0501996015920445	0.018
OG0001115	AT	133	4	3	4	3.97744360902256	0.149045722775883	0.0222146274777854	0.0374727431553732	0.00558515208798763
OG0001127	AL	21	11	1	9	8.61904761904762	2.57829770345068	6.64761904761905	0.299139512555051	0.771270718232044
OG0001127	AT	133	3	1	2	2.1203007518797	0.628099514226972	0.394508999772158	0.296231331177969	0.186062755211691
OG0001132	AL	21	19	5	12	12.047619047619	4.1530252885841	17.247619047619	0.344717514072198	1.43162055335968
OG0001132	AT	133	1	1	1	1	0	0	0	0
OG0001135	AL	21	8	3	6	5.52380952380952	1.03048763306736	1.06190476190476	0.186553795641504	0.192241379310345
OG0001135	AT	133	1	0	1	0.977443609022556	0.149045722775883	0.0222146274777853	0.152485239455326	0.0227272727272726
OG0001136	AL	21	6	2	6	5.23809523809524	1.04425867986634	1.09047619047619	0.19935847524721	0.208181818181818
OG0001136	AT	133	5	4	5	4.90977443609023	0.287587842088801	0.0827067669172932	0.0585745528297252	0.0168453292496171
OG0001139	AL	21	8	3	6	5.85714285714286	1.27615493909299	1.62857142857143	0.217880111552461	0.278048780487805
OG0001139	AT	133	3	2	3	2.95488721804511	0.208336181343031	0.0434039644565962	0.0705056288005676	0.0146888734674995
OG0001188	AL	21	6	3	5	4.71428571428571	0.783763812819726	0.614285714285714	0.166252929992063	0.13030303030303
OG0001188	AT	133	3	3	3	3	0	0	0	0
OG0001196	AL	21	2	1	2	1.66666666666667	0.483045891539648	0.233333333333333	0.289827534923789	0.14
OG0001196	AT	133	1	0	1	0.781954887218045	0.414479335023522	0.171793119161541	0.530055303443542	0.21969696969697
OG0001202	AL	21	4	4	4	4	0	0	0	0
OG0001202	AT	133	4	3	4	3.99248120300752	0.0867109969524119	0.00751879699248118	0.0217185736246154	0.00188323917137476
OG0001262	AL	21	7	6	7	6.9047619047619	0.300792603759119	0.0904761904761905	0.0435630667513207	0.0131034482758621
OG0001262	AT	133	3	3	3	3	0	0	0	0
OG0001318	AL	21	16	4	12	11.2857142857143	3.84893306180891	14.8142857142857	0.34104470167927	1.3126582278481
OG0001318	AT	133	1	1	1	1	0	0	0	0
OG0001336	AL	21	6	4	4	4.52380952380952	0.87287156094397	0.761904761904762	0.192950555577088	0.168421052631579
OG0001336	AT	133	3	3	3	3	0	0	0	0
OG0001349	AL	21	3	2	3	2.80952380952381	0.402373908081478	0.161904761904762	0.143217831690018	0.0576271186440678
OG0001349	AT	133	6	5	6	5.93984962406015	0.23866416420647	0.0569605832763728	0.0401801694170386	0.00958956655159188
OG0001363	AL	21	2	1	1	1.33333333333333	0.483045891539648	0.233333333333333	0.362284418654736	0.175
OG0001363	AT	133	1	0	1	0.992481203007519	0.0867109969524119	0.00751879699248118	0.0873678984444756	0.00757575757575755
OG0001392	AL	21	8	7	8	7.71428571428571	0.462910049886276	0.214285714285714	0.0600068583185913	0.0277777777777778
OG0001392	AT	133	2	2	2	2	0	0	0	0
OG0001395	AL	21	3	3	3	3	0	0	0	0
OG0001395	AT	133	2	1	2	1.96240601503759	0.190931331365176	0.0364547732968786	0.0972945098527525	0.0185765703007083
OG0001398	AL	21	2	0	1	0.857142857142857	0.72702917999997	0.528571428571429	0.848200709999965	0.616666666666667
OG0001398	AT	133	1	0	0	0.165413533834586	0.372958100007095	0.139097744360902	2.25470124095198	0.840909090909091
OG0001400	AL	21	6	0	3	3.28571428571429	1.30930734141595	1.71428571428571	0.398484843039638	0.521739130434783
OG0001400	AT	133	4	4	4	4	0	0	0	0
OG0001401	AL	21	5	4	5	4.85714285714286	0.358568582800318	0.128571428571429	0.0738229435177126	0.0264705882352941
OG0001401	AT	133	3	3	3	3	0	0	0	0
OG0001408	AL	21	7	2	4	4.47619047619048	1.72101852456758	2.96190476190476	0.38448286187148	0.661702127659574
OG0001408	AT	133	2	1	2	1.99248120300752	0.0867109969524119	0.00751879699248118	0.0435191041308331	0.00377358490566037
OG0001411	AL	21	9	2	4	4.9047619047619	1.78619041271534	3.19047619047619	0.36417474434002	0.650485436893204
OG0001411	AT	133	1	1	1	1	0	0	0	0
OG0001412	AL	21	10	5	7	7.42857142857143	1.56752762563945	2.45714285714286	0.211013334220695	0.330769230769231
OG0001412	AT	133	1	1	1	1	0	0	0	0
OG0001688	AL	21	2	1	2	1.61904761904762	0.497613351528119	0.247619047619048	0.307349423002662	0.152941176470588
OG0001688	AT	133	8	5	7	6.86466165413534	0.488999517989755	0.239120528594212	0.0712343218977408	0.0348335490723223
OG0001769	AL	21	4	2	3	2.76190476190476	0.830948969838816	0.69047619047619	0.300860833907158	0.25
OG0001769	AT	133	3	2	3	2.99248120300752	0.0867109969524119	0.00751879699248118	0.0289762879263085	0.00251256281407035
OG0001813	AL	21	6	4	6	5.76190476190476	0.538958431120797	0.290476190476191	0.0935382401118738	0.0504132231404959
OG0001813	AT	133	2	2	2	2	0	0	0	0
OG0001820	AL	21	1	1	1	1	0	0	0	0
OG0001820	AT	133	8	4	7	6.81203007518797	0.77018667493027	0.593187514240145	0.113062723803229	0.0870794033045688
OG0001841	AL	21	9	4	7	6.57142857142857	1.36277028773849	1.85714285714286	0.207378087264553	0.282608695652174
OG0001841	AT	133	2	2	2	2	0	0	0	0
OG0001885	AL	21	1	1	1	1	0	0	0	0
OG0001885	AT	133	7	5	7	6.93233082706767	0.330185639286413	0.109022556390977	0.047629815645437	0.0157266811279826
OG0001893	AL	21	1	0	1	0.80952380952381	0.402373908081478	0.161904761904762	0.497050121747708	0.2
OG0001893	AT	133	1	0	1	0.909774436090226	0.287587842088801	0.0827067669172931	0.316108950395128	0.0909090909090908
OG0001901	AL	21	7	5	6	6.04761904761905	0.669043382464132	0.447619047619047	0.110629220722416	0.074015748031496
OG0001901	AT	133	2	2	2	2	0	0	0	0
OG0001911	AL	21	16	2	10	10	2.66458251889485	7.1	0.266458251889485	0.71
OG0001911	AT	133	2	2	2	2	0	0	0	0
OG0001918	AL	21	7	5	6	6.04761904761905	0.740012869900955	0.547619047619047	0.122364332818268	0.0905511811023622
OG0001918	AT	133	1	0	0	0.233082706766917	0.424392936227608	0.180109364319891	1.82078259736361	0.772727272727274
OG0001923	AL	21	7	5	6	6	0.547722557505166	0.3	0.0912870929175277	0.05
OG0001923	AT	133	1	1	1	1	0	0	0	0
OG0001927	AL	21	8	2	4	4.14285714285714	1.55838744494796	2.42857142857143	0.376162486711576	0.586206896551724
OG0001927	AT	133	3	0	2	1.93984962406015	0.587230253950833	0.34483937115516	0.30271947199791	0.177766032417195
OG0001928	AL	21	5	5	5	5	0	0	0	0
OG0001928	AT	133	4	4	4	4	0	0	0	0
OG0001929	AL	21	15	0	9	9.57142857142857	3.52946778667023	12.4571428571429	0.368750365771517	1.30149253731343
OG0001929	AT	133	4	1	3	2.80451127819549	0.468049573529268	0.21907040328093	0.166891670990329	0.0781135754326103
OG0002178	AL	21	6	3	5	5.04761904761905	0.740012869900955	0.547619047619048	0.146606323282265	0.108490566037736
OG0002178	AT	133	1	1	1	1	0	0	0	0
OG0002370	AL	21	7	3	5	5.14285714285714	1.2363540870525	1.52857142857143	0.240402183593542	0.297222222222222
OG0002370	AT	133	4	2	3	2.90225563909774	0.441496450689864	0.194919115971748	0.152121834045989	0.0671612498037369
OG0002564	AL	21	1	0	1	0.523809523809524	0.511766315719159	0.261904761904762	0.977008420918394	0.5
OG0002564	AT	133	1	1	1	1	0	0	0	0
OG0002742	AL	21	3	2	3	2.71428571428571	0.462910049886276	0.214285714285714	0.170545807852838	0.0789473684210526
OG0002742	AT	133	5	4	4	4.33082706766917	0.472289788276515	0.223057644110275	0.109053024029126	0.0515046296296295
OG0002810	AL	21	6	3	5	4.95238095238095	1.07126982951031	1.14761904761905	0.216314100189582	0.231730769230769
OG0002810	AT	133	2	2	2	2	0	0	0	0
OG0002829	AL	21	1	1	1	1	0	0	0	0
OG0002829	AT	133	2	0	2	1.87218045112782	0.483258100225054	0.233538391433128	0.258125812570009	0.124741389801631
OG0002867	AL	21	6	3	6	5.42857142857143	0.870139561876632	0.757142857142857	0.160288866661485	0.139473684210526
OG0002867	AT	133	1	1	1	1	0	0	0	0
OG0002883	AL	21	1	0	1	0.904761904761905	0.300792603759119	0.0904761904761905	0.332454983102184	0.1
OG0002883	AT	133	9	1	3	4.70676691729323	2.72691954878832	7.43609022556392	0.579361501579628	1.57987220447285
OG0002891	AL	21	8	1	4	3.9047619047619	1.60949563232591	2.59047619047619	0.412187905839563	0.663414634146341
OG0002891	AT	133	4	2	3	2.81954887218045	0.64941216386688	0.421736158578264	0.230324847451453	0.149575757575758
OG0002892	AL	21	5	4	4	4.04761904761905	0.218217890235992	0.0476190476190476	0.0539126552347746	0.0117647058823529
OG0002892	AT	133	5	3	5	4.7593984962406	0.446372176889142	0.199248120300751	0.0937875189988244	0.041864139020537
OG0002893	AL	21	6	3	6	5.0952380952381	1.09108945117996	1.19047619047619	0.214139051166161	0.233644859813084
OG0002893	AT	133	3	1	2	1.7218045112782	0.631896897260442	0.399293688767374	0.366996887928554	0.231904194786291
OG0002919	AL	21	7	3	5	5.04761904761905	0.973457265430305	0.947619047619047	0.192854741264494	0.187735849056604
OG0002919	AT	133	2	1	2	1.98496240601504	0.122162485315295	0.0149236728184096	0.0615439793444478	0.00751836547291092
OG0003409	AL	21	12	4	5	6	2.14476105895272	4.6	0.35746017649212	0.766666666666667
OG0003409	AT	133	1	1	1	1	0	0	0	0
OG0003680	AL	21	1	1	1	1	0	0	0	0
OG0003680	AT	133	1	1	1	1	0	0	0	0
OG0003687	AL	21	6	3	6	5.33333333333333	1.01653004546513	1.03333333333333	0.190599383524711	0.19375
OG0003687	AT	133	2	1	2	1.92481203007519	0.264691362590354	0.0700615174299383	0.13751543447077	0.0363991477272726
OG0003691	AL	21	6	3	4	4.28571428571429	0.783763812819726	0.614285714285714	0.182878222991269	0.143333333333333
OG0003691	AT	133	1	1	1	1	0	0	0	0
OG0003730	AL	21	1	1	1	1	0	0	0	0
OG0003730	AT	133	2	1	2	1.98496240601504	0.122162485315295	0.0149236728184097	0.0615439793444479	0.00751836547291093
OG0003767	AL	21	5	3	5	4.33333333333333	0.795822425754221	0.633333333333333	0.183651329020205	0.146153846153846
OG0003767	AT	133	2	2	2	2	0	0	0	0
OG0003807	AL	21	5	5	5	5	0	0	0	0
OG0003807	AT	133	1	1	1	1	0	0	0	0
OG0003808	AL	21	6	3	4	4.57142857142857	0.978336781043653	0.957142857142858	0.214011170853299	0.209375
OG0003808	AT	133	1	0	1	0.654135338345865	0.47744764558226	0.227956254272044	0.729891228303915	0.348484848484849
OG0003820	AL	21	6	1	3	3.23809523809524	1.51343192462568	2.29047619047619	0.467383388487342	0.70735294117647
OG0003820	AT	133	2	0	2	1.80451127819549	0.416672362686061	0.173615857826384	0.230905934321859	0.0962121212121213
OG0004081	AL	21	6	4	5	4.95238095238095	0.589592272353571	0.347619047619048	0.119052285763702	0.0701923076923077
OG0004081	AT	133	1	1	1	1	0	0	0	0
OG0004132	AL	21	5	4	5	4.85714285714286	0.358568582800318	0.128571428571429	0.0738229435177126	0.0264705882352941
OG0004132	AT	133	1	1	1	1	0	0	0	0
OG0004303	AL	21	4	3	4	3.95238095238095	0.218217890235992	0.0476190476190476	0.0552117553609137	0.0120481927710843
OG0004303	AT	133	2	2	2	2	0	0	0	0
OG0004694	AL	21	6	5	5	5.14285714285714	0.358568582800318	0.128571428571429	0.0697216688778396	0.025
OG0004694	AT	133	1	1	1	1	0	0	0	0
OG0004872	AL	21	5	0	4	3.28571428571429	1.8205179796656	3.31428571428571	0.554070689463443	1.00869565217391
OG0004872	AT	133	1	1	1	1	0	0	0	0
OG0005764	AL	21	4	3	4	3.9047619047619	0.300792603759119	0.0904761904761905	0.0770322521822135	0.0231707317073171
OG0005764	AT	133	1	1	1	1	0	0	0	0
